row_id,cv_fold,predictor_group
13,0,12715870667132502240
21,0,2234066093228318657
26,0,13020122706042566431
31,0,13020122706042566431
66,0,8138572211404438676
67,0,2610915941408818145
70,0,4780115350826015905
83,0,10637249877260803678
113,0,18028566921516696249
119,0,5327007356443542400
138,0,12667438291677543909
140,0,40001582491966025
146,0,11374126253903887084
160,0,48537657880943292
170,0,3823462627638551194
180,0,4314983932090844498
185,0,4113195148680381866
204,0,9526655061521225986
223,0,17141306992709106377
230,0,11262065979313070715
239,0,12378985842366593300
255,0,13592184435432308079
267,0,8595962052969780382
273,0,12967035012060384427
274,0,1585445565566151383
275,0,13502679605183845679
284,0,12774761646347610936
292,0,909298158812935339
302,0,4083530507554081544
313,0,14859189224335865109
322,0,7398234574148203368
325,0,12469258687595082977
326,0,5729351415790124577
328,0,9803437895947624568
333,0,3824659645751447175
338,0,18028566921516696249
339,0,17499469237974773993
342,0,6986398441569574606
345,0,4020361943011806996
350,0,3411931848201496518
358,0,1431081289637877054
365,0,10476765177529083061
371,0,4722917383423025186
374,0,9537310468839301201
397,0,18140674513480278823
401,0,16791173025443043245
404,0,4760955656673606147
411,0,5245547833256702228
420,0,8455380378259621708
428,0,15048099128513321420
429,0,3684662669605524144
451,0,13479005041137061906
452,0,5214682670164226600
455,0,11134306649008541507
457,0,16227953358562601572
461,0,6771172380530993378
471,0,7842981569685570828
476,0,1757746203123849809
489,0,5151043728184493723
490,0,15307510532793583474
492,0,8175008171892801976
496,0,5649690948899944003
516,0,18404142029939400902
526,0,13572326397160484435
529,0,9680853810992734140
550,0,11172215929151254548
553,0,6468496392616612825
579,0,11750216078770194509
603,0,3684662669605524144
620,0,9578280295837654897
624,0,14368787502520893199
627,0,16962366689130258017
635,0,14437656275141331213
636,0,9838408245107760515
639,0,5029414162708204542
651,0,1068105393489336867
658,0,16776264985636053562
665,0,15193736642397930815
676,0,1391302036043177382
677,0,11593996223037772661
688,0,13622508863203243917
721,0,6585484708874416886
733,0,16366427458385804489
744,0,17920404409997138018
746,0,16148478866956959011
753,0,1922702892385328561
761,0,17961523296084901832
767,0,11069150601322075834
801,0,8335827104749744506
825,0,3024112180702422284
835,0,1024923159389586344
844,0,9809151309240820810
847,0,18033189047404258043
848,0,17500356945912149992
854,0,18239133123925062115
855,0,3014393112359225264
860,0,14136809656807440779
867,0,12277929573091932112
879,0,8091898231924110090
888,0,15904576256279577324
899,0,241932421632336784
903,0,6138264928789025337
908,0,7479122527676744792
916,0,13149911220927160206
917,0,5581872989730163726
923,0,17435555358797616977
929,0,416015067740972177
930,0,11041658896783327636
933,0,7711282465563072934
959,0,7879630588160426030
963,0,16672156563491399021
970,0,10286040466353789709
975,0,10371585385238600211
981,0,16239679829785209047
992,0,14288424994307289530
997,0,4425685222300710710
998,0,5714140375299070696
1001,0,5461720469139878274
1003,0,13859110753980796435
1005,0,18304347906755387532
1011,0,7805437369438585851
1016,0,14976896388040273365
1020,0,14976896388040273365
1025,0,6377638962230912267
1035,0,7602808407736567460
1036,0,7254908409094712128
1073,0,5973435458337488486
1076,0,16589125977183970218
1091,0,2399058113132364289
1093,0,13434251792613689616
1101,0,9268185044045617423
1113,0,9280895917171866947
1114,0,5571135883273363514
1121,0,9066205013946074346
1125,0,17977818026921342043
1127,0,47518157823641595
1146,0,8902556941528265852
1149,0,11885835294233810632
1155,0,11803654570370514503
1178,0,16562426485929359257
1183,0,8442568068654506708
1185,0,17742441864030389333
1192,0,866361687301902045
1194,0,866361687301902045
1212,0,2235698393769544314
1216,0,6236816020930440739
1231,0,8737343803826054707
1232,0,8980436563083901524
1233,0,5996982564133120497
1235,0,3654363209238355098
1236,0,4214113058745189846
1242,0,5455514699645765693
1246,0,8683777729242672313
1256,0,11518866647929517679
1263,0,2778074597354753569
1279,0,354543713429030649
1281,0,5506634717441866568
1288,0,10038612423217828251
1291,0,15102430428943874087
1303,0,12394537147052808670
1306,0,4456627943753029065
1318,0,13902079987509663063
1320,0,12008134438310111619
1323,0,6145980486826386978
1338,0,14397217758521770870
1348,0,7638427556472725032
1358,0,5483705633858849795
1367,0,15784858408438031299
1370,0,4937252986864473426
1381,0,211918029271584508
1382,0,15827508956442951671
1409,0,3331649604128508047
1427,0,2768083872142220215
1429,0,10396876530646678430
1448,0,5335449625983665648
1455,0,8283855851874074732
1457,0,10035711182274592884
1469,0,6280180275357675511
1471,0,1169041519729952248
1480,0,946653901914764507
1483,0,13866746274498535019
1492,0,17725969367193650407
1503,0,11999751464166078749
1507,0,8134257117737741175
1520,0,2465446436865411831
1522,0,9501811209448983839
1524,0,7530656502307886696
1535,0,4963024669971046862
1536,0,4114436337837538387
1537,0,7744162370854408056
1553,0,3757977370359875104
1556,0,5581463938837331442
1560,0,4113980985000219957
1569,0,15975401742946456324
1589,0,5824566282637541480
1595,0,758236090995144895
1598,0,14618243941467150266
1614,0,14912044540509421970
1627,0,16079736605259587645
1633,0,1032534013349414173
1639,0,595170245246277121
1663,0,14061732937513841915
1668,0,12843958603116473090
1671,0,15759347124240859015
1682,0,3957489893685252928
1691,0,16012447687035276114
1694,0,4045720870544901177
1713,0,4258044703797101989
1734,0,9829065325607437120
1740,0,8612303792449041253
1741,0,2969795616439045230
1755,0,18168887636192652128
1759,0,7538491978335039411
1766,0,17635393336044010564
1777,0,15698248974285844778
1778,0,5315874903341443779
1792,0,18181531619824071486
1797,0,11659576933516127173
1809,0,3742603802595388983
1815,0,2962858298500579742
1822,0,2172138837070117169
1865,0,2080918532521314363
1878,0,15099956227012286917
1888,0,16882630568011385110
1904,0,1623881233842569768
1911,0,3821873885459152988
1922,0,17122458069204494691
1931,0,8868790379233673969
1936,0,1927258370730535224
1966,0,9283955657186448361
1973,0,15940957736065002237
1977,0,16127194685556384096
1980,0,532713579051539141
1992,0,9036049388315858833
2000,0,4396713640576158659
2006,0,12329451155755682581
2014,0,8468767685985489604
2015,0,15578682441761274953
2016,0,10767534361488882074
2017,0,6533786872904472017
2019,0,17502839248467339706
2023,0,4982884122239503622
2036,0,11193661604638430429
2050,0,11719979165905490551
2073,0,6420748069788024643
2075,0,14062379539364899163
2100,0,124010385150343704
2106,0,3314880007085932395
2107,0,12254041290548743690
2109,0,7453385149013218208
2145,0,15512707650925137405
2148,0,2234066093228318657
2153,0,45388191967714064
2167,0,5581092728772666248
2168,0,18138092659946722754
2179,0,9135239088618859218
2186,0,8165966785668388331
2193,0,5581092728772666248
2198,0,6089535899027098604
2205,0,11899610304909306388
2212,0,5455881655279971346
2215,0,7518763208383506446
2217,0,7285846576464702805
2234,0,5564356832465230724
2237,0,18192385685243155201
2244,0,6954300219382929350
2258,0,8604734915640469525
2260,0,13807077045875779877
2276,0,2708551942769818964
2292,0,12271109858151893175
2294,0,18339854367859847714
2313,0,2621789145997622253
2315,0,17977846222037519197
2317,0,8601257398295862460
2319,0,15302637151344099896
2336,0,15784714619016999090
2339,0,10991961953692155641
2354,0,1713280668225679792
2364,0,968673094499858843
2373,0,4416388767642685306
2375,0,3164535357916573352
2381,0,13405646031831848592
2384,0,964421121156716959
2400,0,4400071604036842919
2407,0,16961390546426456175
2415,0,13036697115712402069
2416,0,16799860161074852041
2425,0,1735923557906441525
2430,0,15482760073501276599
2442,0,8202294841519555372
2450,0,12980642869163187648
2459,0,5686472956691355036
2463,0,10367857279461119909
2472,0,15789169536232509960
2474,0,5567113899882597698
2478,0,5950053418519932963
2487,0,9095012372852856511
2489,0,4478502711055684297
2518,0,18238479472989195383
2521,0,3415508264905232599
2541,0,7064656845249144003
2545,0,18274163103076674207
2557,0,13749190278166703666
2559,0,6324959545774677643
2562,0,11102899402276770553
2568,0,5377913664816272731
2574,0,17297349972060834609
2609,0,17378670520725380304
2619,0,5981496723739496040
2624,0,16585371367855841828
2636,0,1059893743089514390
2653,0,12311880221208850562
2657,0,13801493542300151988
2663,0,2552489492138435479
2664,0,9871682432569669091
2666,0,14575014496784440503
2671,0,4479033763752967262
2677,0,7380178122609519122
2693,0,13673694954015327726
2703,0,7604521823494027243
2706,0,2133532085085058210
2714,0,18299544177948074681
2717,0,12936829584649431707
2733,0,2521095101203848438
2742,0,10730462666716587655
2803,0,17887188011534896846
2805,0,17887188011534896846
2815,0,12438988065407780800
2817,0,17420718938914298956
2822,0,2892305749503719115
2823,0,5676053667196162467
2828,0,10779348188042565479
2837,0,10851987313977110208
2839,0,6868308442532236756
2857,0,17503892951433829105
2858,0,12439246507240858775
2868,0,585642220173740174
2897,0,2027159549422819936
2898,0,6274344398794857040
2917,0,12548324914245253260
2921,0,13255798069111317403
2929,0,15488637894460674588
2933,0,12548324914245253260
2943,0,5689547260133292587
2966,0,2879288366476010601
2973,0,126265687218878318
2982,0,14848888172082442912
2983,0,10336906061512946891
2986,0,14154625345821129342
2993,0,2814822789450902899
3001,0,13324077976574496752
3004,0,15996620158692019639
3011,0,9754403106888217369
3012,0,3232183236068995449
3016,0,17378324444626618670
3026,0,13076567117750187267
3034,0,5663651280629969214
3047,0,658648310587921336
3050,0,1437540421817540422
3053,0,482683890454787764
3086,0,4641813086943901786
3087,0,1743251014478586900
3090,0,16435117369002932144
3098,0,14770636894002419111
3101,0,9867112648021775748
3102,0,11987484205778537392
3109,0,7015975989175859887
3111,0,7015975989175859887
3119,0,18220786959424404299
3125,0,5812285027382688336
3131,0,9024836341931910491
3132,0,12564191666296676343
3135,0,18404994527736476238
3144,0,10093903489505947424
3146,0,16577168618633067794
3157,0,15872906134957798213
3159,0,6164085540365678646
3163,0,14352197637500838244
3175,0,8969419265385118610
3178,0,18404994527736476238
3187,0,6857665445959000629
3192,0,7435844427162384538
3193,0,12753588622424813712
3194,0,13843155683139342996
3217,0,15819516625642634632
3218,0,7358444845355752681
3226,0,152840895473010236
3238,0,11729555538514506503
3245,0,188694728970008987
3248,0,1641770165636899122
3252,0,9478382594931488691
3256,0,15085053294407407915
3268,0,18117698421728390883
3269,0,667042156615796588
3271,0,16576125571139338959
3276,0,2943159670480130107
3287,0,6910580811393626465
3290,0,4233853657912645258
3301,0,11715195999823131663
3302,0,9297577362846030209
3310,0,12796223266486130884
3320,0,5392157406580585882
3323,0,13170237866728674648
3327,0,7029791753227685340
3328,0,7176325615073247332
3342,0,4279042327298648218
3348,0,15804985181417175206
3351,0,15011202739041165344
3353,0,16275089077997967995
3359,0,1606587515041902107
3363,0,7185079353311799059
3365,0,15936897440725166541
3370,0,6257725726483874390
3371,0,16184215369378237008
3389,0,3446302419396318303
3391,0,12651086395412026351
3392,0,6975515162152255727
3405,0,5501187507775466246
3409,0,8009663186073389110
3410,0,16797790751135342046
3412,0,17433019967135863975
3413,0,3457841764132304804
3416,0,10028944663016616486
3417,0,1425514178377586371
3435,0,11486740537585882018
3443,0,11703998603086556089
3444,0,454352877619256729
3447,0,18397843613174830684
3448,0,9359844275447973985
3456,0,603132358953638543
3458,0,6828845274631063967
3461,0,9824418742234942914
3490,0,13329390050717361681
3497,0,16116766104034746862
3500,0,12517181447379490686
3525,0,17608136668709428604
3535,0,14390302013650453045
3538,0,3000080405510454954
3543,0,2218237901052349522
3546,0,8092723315754570353
3549,0,3964379307778790284
3570,0,15623020809047377100
3576,0,16267649462276972856
3592,0,5145089289429403813
3601,0,16631204163173863313
3608,0,1430353539526790028
3648,0,11406128833232094874
3650,0,3062681949358700503
3655,0,6338758369826260762
3665,0,489678450985822296
3675,0,13387567824655669110
3696,0,3927024322315641265
3710,0,5298347627670035898
3711,0,3000595428528773296
3713,0,15681343668610976642
3719,0,2241166807437805871
3728,0,14510256754398655471
3746,0,3743633927150902786
3749,0,17616168612493706735
3759,0,8722181843414994543
3763,0,5038477886086962665
3764,0,6013268763798010650
3766,0,17152620910343179719
3772,0,1438490886114185967
3773,0,11105049107113453598
3798,0,16634422187604031576
3799,0,17608309994785287534
3800,0,4121787477148909630
3804,0,8019248184097011069
3815,0,13668167527791702021
3816,0,16446000563376376664
3817,0,441967865631085718
3828,0,2877525687500015657
3838,0,14462767866393468406
3851,0,15312411643416417016
3852,0,17226192147097526459
3855,0,16641163822181521297
3860,0,4684902698412921667
3874,0,13589706648158619337
3878,0,17608309994785287534
3884,0,14608718882483137602
3894,0,4144791152680393310
3908,0,15821623331418594251
3920,0,10158624683249468990
3930,0,2066754649048373261
3939,0,7288651001446395924
3944,0,2153152772627608919
3955,0,16483108152598406755
3965,0,9205741979291166131
3982,0,4918518444402098129
3995,0,2403314545990868970
3997,0,14580763028818869829
4005,0,7166274392334866836
4007,0,1661834864649287691
4008,0,6873628035451330109
4028,0,11418699466247384619
4051,0,7325907741660833503
4066,0,16386586305035953976
4068,0,6873628035451330109
4080,0,10166430569707069579
4088,0,13939773685339550438
4104,0,1340176208868550040
4106,0,11691137436527070311
4118,0,11561088354299119214
4127,0,4773242687618676853
4132,0,6861276662517289885
4136,0,15455782918490711179
4150,0,5263203584173010044
4154,0,692638360146793242
4182,0,1287490352482314343
4193,0,5471329725710457688
4210,0,11032974670428563729
4212,0,13606239475875271459
4224,0,2039573152433162009
4240,0,3013114772691863439
4263,0,6138202265452479458
4277,0,14459137773525292048
4290,0,13593612757223550199
4303,0,16080307007819383000
4309,0,7291471904078054493
4310,0,16408103920685318447
4311,0,15571805975141619846
4325,0,5883683311723904125
4326,0,6300666457544962917
4331,0,11579936365608089056
4346,0,15575721608224343150
4347,0,6138202265452479458
4348,0,5883683311723904125
4372,0,3836041573055260966
4382,0,18243655401477597322
4390,0,7696547369912866955
4398,0,15382319360883243852
4411,0,11317412131522707966
4417,0,16799860161074852041
4428,0,6718828928641658532
4430,0,7928018578657134750
4453,0,7770344991227025065
4464,0,6390443054403400267
4468,0,15113850899079469349
4470,0,2200096586255243193
4471,0,11005481350515301559
4477,0,13939360469806422779
4479,0,15568015106553445036
4490,0,10166128861615011375
4495,0,1336758652336352390
4508,0,791281239471885123
4510,0,15511289137013870399
4533,0,15067102378862141627
4538,0,9978063786078623450
4550,0,11802722568855092352
4551,0,16624791828515087440
4560,0,3817183590803567583
4582,0,16420428440269952304
4598,0,1793039748930312341
4606,0,13341788584265916162
4607,0,3412938496634001938
4610,0,13592464902466544385
4614,0,12291121441548037621
4616,0,699300337714687261
4642,0,1985099479626193178
4655,0,9297722569115951109
4657,0,17242717585783770713
4662,0,3814957682754798769
4676,0,14771826270037560920
4677,0,11271594534247739494
4702,0,1601649152131342508
4704,0,4721087090864102327
4708,0,17584742608799493276
4712,0,9998575124198492011
4729,0,6647943009694180436
4733,0,864929497822272472
4754,0,8048261047766773474
4756,0,10227115162401287759
4757,0,16067333338247113647
4761,0,18094785335299863681
4775,0,6994537478774797972
4776,0,12043093309659951211
4779,0,9344481835773844030
4780,0,15421284783057228502
4782,0,15233973835156300880
4809,0,2907760925732778339
4826,0,5082978083321141186
4827,0,14286088108978162815
4829,0,9345067463572617440
4831,0,10033378478731410437
4832,0,1985099479626193178
4833,0,15299203522652034468
4841,0,5073840917740076876
4844,0,16850608133022046364
4850,0,14818227232653141300
4857,0,15204535416965667967
4860,0,14409133193911590061
4865,0,8484079405754947967
4874,0,11100299332573178325
4908,0,17323976779138506035
4914,0,15759086172135534106
4917,0,2941703174549734021
4934,0,15426247743961942328
4950,0,16558268280092840692
4959,0,14922160537691595866
4968,0,336532391617217154
4972,0,4520440458903080336
4986,0,3841548821712154185
4992,0,3198200783482646352
5002,0,4071397787919774476
5003,0,12579100352532731933
5012,0,6405311094530106633
5020,0,3269455907478074928
5022,0,17504213531326790642
5040,0,13428977237744507570
5046,0,5838044003430267297
5059,0,5709187140495416164
5061,0,8409683076022446681
5062,0,8409683076022446681
5072,0,11257515326977557445
5076,0,11288307186039500363
5080,0,16686625113375584059
5081,0,2470665583433460245
5093,0,12523046112985006503
5120,0,3551529861078243036
5121,0,13399677727307393062
5122,0,828796166286850901
5123,0,12230913596229714958
5126,0,3087496215857286918
5129,0,13272187572072470143
5131,0,10473335924514280475
5132,0,10473335924514280475
5139,0,12066400003970489852
5142,0,13085598822791748878
5148,0,10473335924514280475
5159,0,12895055456334306039
5163,0,6886066517464794711
5178,0,17115763877653582445
5188,0,14937851149766610931
5199,0,9895488039802891905
5220,0,17755353168333953614
5230,0,206118035681183833
5235,0,9999333766787803523
5246,0,16955909067310067901
5256,0,9002380116580223234
5265,0,16476702680309764055
5285,0,17924336833546701877
5287,0,8930915729713854704
5291,0,14246467894808970873
5293,0,4979124864291141854
5299,0,13855555545783489146
5308,0,871469444920776905
5314,0,16295483735940707317
5337,0,7932123377307493638
5338,0,12348104776068453500
5343,0,8193895777801917013
5344,0,8083403765585213521
5346,0,7720012970797008158
5347,0,9381507794348406434
5352,0,8341862012859072724
5363,0,528971918551701189
5369,0,4607320951328240063
5372,0,15898293316029838590
5374,0,12903584805149898877
5376,0,14506039264961593986
5388,0,16211006431251317360
5395,0,9061608124824287900
5402,0,1742975681751112539
5418,0,6536756284383870184
5423,0,16236679846058609474
5439,0,8028863565984703088
5446,0,16983435239855467571
5459,0,17573493206318977829
5463,0,367833037609851108
5469,0,6877496184082211766
5470,0,12507337118826482245
5472,0,10490792193717928719
5495,0,16021064447565992706
5507,0,9773232093049444825
5517,0,11349313761149443994
5522,0,9954318490913433971
5527,0,18366452567250471886
5529,0,11186932119055712317
5535,0,1815728306131935424
5537,0,10978912738727373464
5546,0,11885123187192430075
5587,0,5432364347307532254
5594,0,11374404739175553006
5627,0,3506300190772703628
5629,0,7115597172157148037
5634,0,1860804921619819646
5638,0,18128503627766565564
5647,0,9822721873548128537
5655,0,6423435962317825981
5665,0,14991060306951489828
5674,0,6666792470543532027
5688,0,14414005453124903472
5698,0,17472728978634648305
5702,0,14588243597169958015
5714,0,5434443297274289780
5724,0,3846886784131048775
5725,0,545836487723418012
5726,0,14214931063841948413
5731,0,17941226761264208112
5740,0,6007080086503558900
5741,0,9187249959107558699
5758,0,2418452880113224962
5759,0,2418452880113224962
5776,0,17926387117075948477
5778,0,3314880007085932395
5782,0,7658627536732807391
5789,0,8305063189400044580
5797,0,3251501391750202262
5802,0,1807003089143511694
5806,0,7434640459102792852
5820,0,17597738387636953414
5832,0,6424463638729089776
5846,0,11198632185179480681
5852,0,4513018106884391883
5865,0,15077410975582314787
5867,0,11368183110716821563
5868,0,10243291606632853321
5869,0,2898765458195292454
5877,0,15721208032448051683
5880,0,11093161018302391421
5889,0,17465853297934541102
5891,0,6301518047220492092
5907,0,11055343234380355486
5908,0,18138092659946722754
5926,0,15978503963477342837
5940,0,8196165564556688765
5941,0,7574294562674128197
5958,0,6648918279893585162
5968,0,16826546174756251270
5978,0,11908890445111689149
5982,0,13078926425460392750
5988,0,10554650334363697362
5995,0,16410004551619116155
6002,0,15727751627326020220
6010,0,17563497599338634391
6021,0,13165172180712033724
6022,0,8041539555030986124
6050,0,7414704614104864140
6052,0,5942378022082328308
6053,0,3931031308570327692
6054,0,10133991136277759880
6064,0,13605642463629925078
6071,0,16200055687644728820
6074,0,10440984422029979637
6079,0,10425123805456861868
6087,0,13391720103111980756
6096,0,11189400616504164117
6109,0,11496722534329937213
6124,0,17662735058216395018
6129,0,4423400739278795039
6142,0,13801648264333778739
6145,0,15034788252361476153
6146,0,15025462058853912170
6147,0,12673664633685161995
6152,0,6427696294710463072
6154,0,13795955675873278938
6155,0,9180840222439611148
6159,0,12276196858635425135
6167,0,18171072289299739745
6174,0,795841500973862270
6177,0,16024316212547788452
6180,0,13831034537670612017
6187,0,16376014863151641602
6188,0,4253359783697764357
6211,0,8478834960547727895
6227,0,5644909848416370185
6246,0,6407658517578664716
6255,0,17377360939699800530
6264,0,10698866243071718228
6286,0,14641734997182893513
6287,0,7979173514817457850
6291,0,18241970165325591937
6309,0,8887104231610472312
6310,0,18365157229427968966
6311,0,8075272266696654861
6314,0,12202847370508418486
6333,0,3087520619056866106
6335,0,17773648349918097603
6348,0,14600200535100461019
6349,0,15200574966579558005
6360,0,17536659215488995215
6363,0,13591750016670918323
6375,0,17744610272102521141
6385,0,5110262642288178670
6393,0,16319655757669401760
6398,0,15742884750941856064
6406,0,17271191758074165825
6408,0,8614368543912981173
6413,0,2838514650346987641
6417,0,4408916661024666605
6431,0,1317311500641460254
6434,0,2777457831894886045
6436,0,6954058249027946318
6438,0,14789976645706035406
6446,0,14598347129765040819
6448,0,6476389056109382361
6459,0,13550329594172940394
6466,0,14661501032059822704
6469,0,16191308322737420150
6478,0,10760599567342209480
6491,0,890926467413894873
6498,0,14595337801245158509
6499,0,13074035847184369006
6525,0,7386536602508158616
6528,0,15382376820440960860
6532,0,757824241789116151
6539,0,6086335888552603528
6542,0,2055956804087562528
6570,0,12221730370410077510
6575,0,2717987795955467355
6598,0,11172314495759652545
6612,0,1907457941329033028
6624,0,17845526857914665204
6631,0,3782773704405668790
6636,0,7316780651252326744
6639,0,10047490793099736003
6640,0,5874394504111892459
6644,0,5658005366984367600
6656,0,683551565589344136
6667,0,11198692212261680840
6677,0,5366946017861865863
6681,0,2112767626983435323
6690,0,15576567427530180508
6712,0,657661917187201751
6748,0,3275190483295940732
6751,0,7903237668807122145
6766,0,9709931076817314566
6769,0,11705188854107027994
6785,0,13371111409942255190
6813,0,3209072825891609248
6814,0,14478804465173334674
6828,0,10545362911529251621
6833,0,16449759828770282857
6835,0,15312676878744623858
6840,0,13787987278555586814
6856,0,767024705218534052
6874,0,486768384042446258
6876,0,4108481885429906073
6881,0,1990879617425612678
6892,0,4147812727585263355
6897,0,768128931525496290
6929,0,17051167320221071024
6930,0,11035991330227902837
6936,0,7877947115210775601
6970,0,17099697132998808815
6994,0,7236369094114213563
6997,0,9045001870395095173
7010,0,12137249246238794522
7031,0,6975515162152255727
7032,0,1507859598242698849
7041,0,17291080782181746064
7048,0,11897314785345284264
7052,0,18371511525681694648
7053,0,17180808280040935806
7065,0,10430222003253774091
7104,0,7635851627410321743
7122,0,10608136464118354108
7123,0,10826321704347106676
7126,0,132960702898624828
7133,0,5392157406580585882
7143,0,10900729078721118987
7175,0,9216676236932175522
7189,0,4014951299976031822
7212,0,3280288657788841580
7220,0,14044211121935809717
7275,0,4124700845825483888
7292,0,4391900790002264811
7309,0,5086619078034501445
7317,0,1486104990946332787
7325,0,12852342810034025103
7326,0,6425414297196325013
7332,0,2535708757117028535
7337,0,10885480505602408730
7356,0,9074096663075320955
7358,0,15011493342269012280
7361,0,1734970963969719842
7371,0,11475791968019370231
7376,0,13789495219529958771
7380,0,12590372947753608232
7391,0,3167689105022681108
7397,0,6065382990384835646
7403,0,6339453989083284064
7404,0,11941341077775919880
7410,0,8744568952497349315
7413,0,4515474320992461860
7415,0,6397328740118056915
7416,0,11461663131293905077
7426,0,15940186303353462197
7428,0,8341821385242503108
7432,0,3940997016671804163
7433,0,11913951202064334774
7438,0,12738406596309013273
7450,0,7395645257352806534
7474,0,11286108925863470834
7475,0,17344755390570027688
7483,0,7053746535271910780
7484,0,7053746535271910780
7491,0,5987147733652638061
7496,0,16682016170957274550
7499,0,4565971396809785386
7503,0,18005550179570052120
7508,0,11508047095013875828
7510,0,17970753219455741044
7518,0,8519961774251791481
7519,0,10089494923555796332
7528,0,3776475703863576691
7529,0,815683604401945309
7559,0,11181626807598489885
7561,0,18084998732872876809
7566,0,18417302015254791919
7567,0,8241295684133529900
7573,0,6523756768802288347
7609,0,12205792536400785314
7626,0,11505966856470276490
7632,0,6533547405266351870
7634,0,14093193039828738609
7642,0,2970318840401352727
7646,0,15317544612990942442
7650,0,11272366399745715076
7653,0,4199485507449330498
7654,0,16194207432087947390
7655,0,12659342675783369168
7668,0,13646611170509043817
7676,0,15767711144590700806
7687,0,11228547822205677142
7695,0,7409572507183756437
7698,0,16284986516576944845
7710,0,9766523364247072539
7728,0,14571008480335977318
7739,0,5406738188618112438
7742,0,6245629383894627373
7752,0,4540922797637997654
7753,0,15580980357814343013
7754,0,5657524843312266994
7758,0,9142154119165110113
7759,0,7064083701876148254
7762,0,7955432322371424040
7769,0,18120056761190096824
7771,0,15834686577431043193
7772,0,542343162219253499
7774,0,3143732579006572310
7778,0,115991963502041919
7782,0,12479583883366649229
7788,0,17819365806308899399
7806,0,14579534952845653681
7807,0,5523920422955507671
7810,0,1416117431203373497
7814,0,7969036948262940183
7827,0,1156106242537312990
7841,0,1249781033548019004
7843,0,14818207087006656433
7846,0,13429705363538040589
7848,0,12206262644597389680
7860,0,2902537615365336695
7881,0,9189953202109024219
7882,0,1186221388127259471
7894,0,14223499558081736288
7914,0,5412988881193635025
7919,0,18290192117963272491
7924,0,9802258755708631532
7941,0,12377665465622933059
7945,0,9823075856394034204
7949,0,17722596096395161394
7955,0,5383486749870382876
7960,0,1935775669737943463
7967,0,14247027271706494129
7969,0,1288488737950270564
7972,0,5692151060615368961
7974,0,4649994591031494200
8007,0,11434832028428749074
8010,0,9413941788247426251
8011,0,10068835855462074371
8031,0,1538017272926110204
8047,0,8340613983862008543
8049,0,15595586330534312877
8052,0,13740604994975092762
8054,0,5683481034407746618
8058,0,17634583983506814220
8059,0,15827009853997575785
8064,0,4295097515596428237
8070,0,12509932106652369694
8078,0,17876315835059565723
8088,0,16244598538188776660
8096,0,9326237990389486311
8113,0,6071425040437303953
8116,0,14213523368025459052
8122,0,486357991722847689
8123,0,2542956706296829123
8132,0,17928946329352769810
8137,0,4800692699962449814
8138,0,9607929364767981161
8159,0,1840051956347606910
8165,0,9977154602002178092
8177,0,10833959171904247812
8178,0,17832161944268825716
8184,0,14602502565194004355
8185,0,4823857125421341158
8191,0,10599928173230603318
8195,0,11550785208033654203
8198,0,12755811233434009439
8202,0,1743964283100636704
8203,0,15900301924664457131
8211,0,3217913166579554932
8215,0,6311741516323980134
8223,0,13796129421379969040
8227,0,12649519416105591949
8247,0,12363553103807202825
8262,0,2272765981012611826
8267,0,16913111241820132014
8275,0,9927697057369441608
8283,0,3505366857267846662
8291,0,7759307058537120394
8297,0,8230713943254740526
8303,0,14651920883463782457
8338,0,14234573323410780768
8341,0,8341591197727158527
8342,0,14053824921531883204
8344,0,3305466877631461790
8350,0,15935364636512265093
8355,0,8901034749813541032
8360,0,7902517249776609248
8365,0,1882400538751781381
8370,0,470346509717946601
8372,0,14992455961658344323
8377,0,5062312009903376203
8383,0,5950106543804667891
8398,0,2773313293560939712
8414,0,10483182380236222757
8429,0,10396893442358317993
8433,0,6329124756865307683
8449,0,5128945065273805465
8498,0,12915636460472148139
8520,0,12455376011161323171
8534,0,2277945289912675038
8538,0,417258217924270885
8552,0,8329282951249902177
8562,0,1345030846962565663
8563,0,17338555514939193536
8567,0,17338555514939193536
8570,0,11470683632603991621
8594,0,14990182844595981247
8606,0,8673363750211965113
8623,0,13685513129633267587
8625,0,14117968150225006061
8629,0,2931783300371948628
8642,0,17233037580761277173
8708,0,6235944847869200719
8710,0,12675159094868593074
8728,0,7347864030591770869
8729,0,7712775366061159099
8738,0,10044460235710144876
8772,0,12698965293030676982
8802,0,9213868439054916577
8803,0,12915562212196689128
8809,0,2653766835635555904
8814,0,14226369578545327846
8817,0,15014829832340074752
8824,0,2254373546866853799
8831,0,3300913833940839934
8833,0,14144997101756528803
8836,0,17600426718958878497
8840,0,6907262287976910524
8842,0,14165840817730416830
8844,0,14041976173528883891
8846,0,6138682398229440192
8853,0,1177124591783158216
8856,0,13619542822619520891
8866,0,6847509999627381931
8869,0,12062851702715517118
8878,0,13108457691669662862
8879,0,11242454471076753107
8889,0,7116380688788409096
8895,0,12486280186472968916
8896,0,4460594998409940251
8903,0,15200688243192867658
8914,0,3969599228252072715
8916,0,16881084121945673210
8918,0,9705838952977864314
8920,0,2521419588729682442
8922,0,18042660487982739911
8925,0,11148460377996858467
8928,0,9141290495929217004
8935,0,7864019436228843876
8954,0,3950941860188019667
8959,0,2026000292538654129
8961,0,13044316722013578161
8962,0,9891171444904764700
8973,0,4321022290630610535
8980,0,16927346387732393200
8988,0,1298088115552508983
8993,0,9483431794198974521
9000,0,15667374542086158411
9002,0,3223138627615075934
9003,0,14319506167485687343
9010,0,2026000292538654129
9018,0,17992915341608906581
9027,0,10878806465477484452
9028,0,9777121588803532639
9035,0,14339920867347981076
9036,0,10477416645851690772
9043,0,12395931640173849931
9045,0,11103577589620389761
9049,0,8210140518213542402
9054,0,15897482874038228362
9078,0,3259041113537131771
9101,0,6745539113351718198
9102,0,1217908689350561131
9104,0,9396506998027204562
9115,0,16065070784164623382
9122,0,14874960523832429007
9128,0,14603486397567896785
9134,0,15799630499527529448
9160,0,9231768706460482122
9162,0,14490723098991292840
9166,0,8386928578878587594
9170,0,8269496331725363056
9176,0,3213102176034671863
9211,0,10812861745335720026
9218,0,15857651334533304784
9220,0,15314006634971684096
9223,0,8710084657138497726
9242,0,4802084271040487282
9256,0,13020222666867596464
9267,0,5844354520467953123
9274,0,6149135078379929428
9288,0,612842462625449827
9292,0,3470058007359668974
9298,0,17411605921612994076
9318,0,8091093893859917199
9322,0,15671477352180595031
9326,0,1828353275005053278
9356,0,10232208802183287305
9375,0,14809011009736200784
9377,0,1535063025132855111
9405,0,1711476870297109851
9413,0,10869956822486211195
9431,0,12130854897178781830
9435,0,16768853183809605186
9437,0,3121075073171157689
9438,0,12848874233234641690
9441,0,16608664734260395673
9463,0,5613553742794462902
9476,0,2165693941447224678
9480,0,7820913372773397369
9482,0,4878346660958674943
9485,0,16460240743953905220
9487,0,13902982435961333161
9491,0,6536357505635020975
9495,0,7042154744938430891
9496,0,16620067699532582282
9497,0,12180698241747541132
9509,0,11382275781743815316
9510,0,6675479472277984380
9513,0,9247385818647895293
9521,0,3706592667682450097
9528,0,13606484876729937016
9529,0,231660990547212181
9539,0,13890586118624997762
9545,0,10626028906439147807
9551,0,4358572446537015413
9552,0,12544305676271247236
9554,0,9039508489450268396
9558,0,6238505834958776255
9561,0,12200012402241466369
9570,0,9094469544687239439
9572,0,14935214060476927713
9579,0,17059369208760114249
9581,0,14590672998327604231
9592,0,8917536869365165661
9598,0,14935214060476927713
9647,0,7838035493036761436
9650,0,8635888757968199060
9658,0,10849054200111601644
9688,0,5444513684622574649
9692,0,9957394793774176346
9700,0,12637843239048061199
9704,0,2673085172179667097
9705,0,2081943043859909549
9715,0,7418734940259166782
9721,0,2437629007283775201
9735,0,12361073115477933118
9746,0,15186632387458041283
9752,0,10525976969761895771
9754,0,10590889738022432230
9758,0,13401871835228259080
9759,0,14657803156382659958
9765,0,13596439321714173220
9792,0,3496665773956845486
9794,0,6122900053174220160
9797,0,4638745127635892085
9805,0,7631490908427757485
9808,0,9687087510060814993
9809,0,9711105732723497127
9820,0,7477145579459150671
9832,0,12623798115177024544
9837,0,11515715177857831381
9861,0,11371671330973007576
9869,0,2441128147301480386
9875,0,10714635370803039400
9887,0,6424034935039398412
9894,0,5396106816834902408
9904,0,787207209215150282
9910,0,11327215189347005033
9919,0,7069043148337889934
9920,0,8961238070975277895
9921,0,8078649926427439528
9927,0,8520634425784333780
9932,0,15488720399607163433
9935,0,5672877238308087051
9944,0,64594081451103008
9951,0,3858272317833892643
9953,0,12412523742557923354
9958,0,6905293103307962170
9960,0,17410120735886262942
9962,0,13684292614308935586
9978,0,11371671330973007576
9998,0,4017543796080943825
10004,0,11845841637848794176
10013,0,14096908009747559766
10020,0,14725044668377947821
10032,0,16886514243691248239
10064,0,11795096567183332016
10074,0,9395163449064306680
10085,0,1420883568672450819
10097,0,11067657880211616461
10099,0,5232105222817750391
10108,0,9873643444395119975
10111,0,10817671825791794423
10120,0,8298063438197894229
10130,0,18171673080184849747
10184,0,10424944970441967926
10195,0,8685684641346399386
10197,0,6924163971776643619
10204,0,10923476275656888205
10212,0,5415223316774027154
10256,0,10661495190715142448
10266,0,2101181243784462924
10271,0,1057601000944508410
10274,0,8194373818124434618
10283,0,12576879813568528876
10285,0,10287370180834879683
10290,0,3307522630627515777
10310,0,11279949807156325806
10329,0,3345270273261715145
10333,0,17768870197845331815
10344,0,14978616113652052770
10356,0,6380716891307133016
10364,0,10694289957038968663
10367,0,2504025641242933527
10368,0,11390921045520575284
10385,0,14275583501743527947
10390,0,5615685429586701142
10391,0,15649448202924384794
10412,0,9140640017572027827
10418,0,2120348808616707920
10422,0,8137723640436644666
10424,0,4199378954460500709
10426,0,2228269389124079748
10434,0,17518988466784657503
10435,0,7372681616549747844
10437,0,8339183826308677609
10442,0,1768614637690872142
10443,0,12088257162507534923
10448,0,2286184688542825140
10450,0,6486912780706057442
10461,0,11360676161557713501
10462,0,10438481649254745619
10469,0,16800108012879308997
10471,0,12792426941683182727
10483,0,4391632363524686247
10485,0,16746366631747870412
10510,0,12453311595932268464
10516,0,6747338496336470810
10520,0,13980539907100344950
10530,0,12990423514410980946
10533,0,4237298464739366175
10535,0,8803243760347285175
10536,0,11848212208889206124
10538,0,15340739369111453703
10542,0,13692951857256970077
10551,0,6279987224651208870
10555,0,11689872006864812769
10560,0,18213040877426424244
10561,0,15936590556439750146
10571,0,6145820450335100056
10573,0,6630571292703055544
10578,0,14224632029559492924
10603,0,16911451839926095713
10606,0,9558942890030282380
10612,0,12044881739763365371
10616,0,3853441231096422687
10624,0,9423550010176340974
10628,0,6533503584584902829
10645,0,5831559997050422855
10646,0,17705380175825271115
10647,0,8798594551186025015
10659,0,5469560786735549883
10660,0,6108945998797433906
10667,0,4338587432959260578
10671,0,2708595567875013996
10680,0,14118216133281246257
10688,0,16888874632143209364
10703,0,8074772365798134891
10707,0,11689971141676104614
10709,0,39365064965461071
10711,0,2139719435587940907
10716,0,16701734748308288050
10727,0,11986573439200254167
10731,0,2893235795347082343
10739,0,3141754675186441989
10745,0,14651489507903930469
10758,0,10224410036486255711
10761,0,16866835201095151081
10763,0,17403242698034238406
10764,0,9678997809068063467
10765,0,11984216655188754662
10779,0,3711989108412679181
10783,0,12585038608676450762
10793,0,16177513360259527513
10811,0,16914596559966964726
10819,0,5431238512080638911
10824,0,1260152633882160295
10846,0,3969507844447500477
10850,0,5375958039659034077
10866,0,4199219927510752479
10868,0,7148114557177983444
10869,0,16959830433662695742
10875,0,4910082525598340023
10879,0,16182492702693142340
10898,0,15348294864413938488
10899,0,8817092720771406198
10903,0,16626402343736203339
10904,0,4185674647484776044
10913,0,12719441621728519677
10916,0,6669866495788041014
10917,0,17905170791494174034
10918,0,7926461079519325727
10924,0,1425115710036960452
10931,0,10133157055210436184
10946,0,13224130256671427981
10950,0,14021006025128770990
10951,0,11611864189351511689
10960,0,8924541960663675864
10969,0,14145975732504620953
10970,0,8955994657434772550
10972,0,1458470039671640983
10973,0,8955994657434772550
10986,0,238644552070644906
10989,0,17110012109874779203
10990,0,9098112365045861222
11004,0,8924541960663675864
11005,0,13419050305929102485
11011,0,10313725608857624086
11014,0,141577222125116968
11015,0,12727487080366925539
11036,0,8449078534987603442
11043,0,3591841446364628116
11045,0,18391141239176351580
11067,0,12309477911255546835
11076,0,7533549130676994741
11081,0,4511319446629654738
11101,0,5752555108577277758
11114,0,7617986599214566338
11122,0,8112207334253057496
11123,0,9574009887671295789
11131,0,3667321364360678555
11134,0,10287024336507003115
11142,0,5176523807378346826
11153,0,555925918337693633
11167,0,16306474013375225355
11192,0,18211832248134066727
11204,0,12047782236353314841
11208,0,11682658710273823350
11226,0,14819040612236015517
11229,0,3739559446063833785
11231,0,12915124159235353661
11234,0,12196429481955165576
11241,0,16649623000056598569
11243,0,13246457861000003091
11244,0,15518999214355892309
11260,0,11222117105506720999
11263,0,873418210530362984
11271,0,14503528023123640802
11273,0,14825268066725193133
11282,0,10708166582465976679
11286,0,9464869461326910331
11297,0,2261567031013224213
11300,0,12479938628754817499
11310,0,5067382405692811081
11317,0,4014455460087794906
11332,0,627151645218114506
11335,0,14061465940404043920
11350,0,3850203676769878088
11358,0,8440644528280816146
11375,0,17842290081164439459
11383,0,7678428271813543425
11387,0,883316476468493506
11399,0,2256725231496567672
11406,0,10859710927069919797
11413,0,11717732715362333071
11416,0,11291830755029746118
11423,0,2841946333029416038
11425,0,9969392602048670429
11431,0,9041641523918075396
11455,0,12230784706923142174
11461,0,7544867049357484981
11463,0,987496423460591276
11471,0,7544867049357484981
11481,0,9041641523918075396
11483,0,2614576281769863267
11484,0,13622056421929385286
11490,0,13325007349005754867
11498,0,17521319456676505931
11502,0,5319878574415667936
11507,0,12314583553829456498
11518,0,10969235003016724891
11522,0,437425918314139229
11526,0,16534400818942925534
11536,0,14882799414284937755
11555,0,14035400965775395095
11556,0,160890184711603608
11565,0,17648559778624590081
11568,0,2857637297026933482
11574,0,13171863465493217314
11576,0,3408142831673577841
11587,0,9959359128850476138
11591,0,3515695408921034972
11596,0,7603309926110081661
11605,0,17041703332597460045
11611,0,13867260145086629549
11612,0,7478358897189859910
11625,0,5956260134875368354
11626,0,2361349333530748417
11628,0,15351520564374212936
11632,0,9301236569966992730
11637,0,14592696112251510588
11648,0,3890427772600686155
11650,0,17269531740261514235
11663,0,8299780469514903239
11666,0,11697641716527002225
11669,0,12065495881912787551
11681,0,15792567985391186562
11698,0,11313699602427945921
11725,0,15038826127685046221
11726,0,14592283990877396049
11733,0,15063203498288331005
11745,0,1695555064453301586
11750,0,12009333451118861732
11751,0,12983734176013608611
11753,0,349818863208460486
11768,0,7478358897189859910
11774,0,2181287582683905682
11776,0,12833612177731096973
11778,0,5969291254348985726
11780,0,1245837571856394820
11787,0,14970973932445852669
11833,0,16359978904262938516
11853,0,13282635770458956017
11855,0,9117586698064567832
11863,0,7463184108877366107
11865,0,12318761764084386578
11879,0,15156437604906902538
11886,0,16464540441557445048
11899,0,15421729546007834785
11932,0,2373220849268945610
11948,0,8740725311013366044
11966,0,10462917016191649181
11993,0,16193384902229125605
12001,0,17962173187610757996
12003,0,12298371552536211368
12007,0,5135782383696217887
12020,0,13798272610464008314
12023,0,3631964091570163285
12040,0,7878023021134673214
12050,0,10867517555586297915
12051,0,2612114760628566031
12056,0,11231849812132316075
12059,0,16665682448202075402
12065,0,17893340901532332653
12070,0,11061936716027521513
12072,0,15869187790986105092
12092,0,6620905012915911643
12095,0,13067242240771843039
12096,0,11514598914850560018
12098,0,1133754111370272490
12102,0,1546808314525302390
12107,0,14713129885605476888
12110,0,18109276161723417693
12113,0,18288869036167401405
12117,0,9930387987432661908
12120,0,580508343107536536
12122,0,11330745475534409047
12133,0,7929696663096600693
12135,0,7286344190925502650
12136,0,3801333663441958307
12163,0,15677994665482248705
12178,0,14005173983318215025
12196,0,14263517923747294590
12198,0,7523662016907119376
12218,0,12199746614833913969
12223,0,9587092641434625254
12231,0,12211517258743787965
12255,0,10216656232673300529
12256,0,10216656232673300529
12257,0,10216656232673300529
12258,0,2058991334548512364
12287,0,17050428852318247313
12289,0,14279404611947202968
12295,0,2780670024630074196
12300,0,5950452409278852045
12323,0,8442005532893016754
12327,0,10321733958844593799
12331,0,12847665818093338835
12352,0,9780881164893347635
12357,0,207109110418278221
12379,0,9389128164825532781
12385,0,17103620363635674077
12388,0,16804563340285040693
12398,0,5533875163357335308
12401,0,16811275972104605551
12407,0,1686403764828477772
12508,0,16951206144256322083
12516,0,8514485506581746560
12523,0,17078200339254459644
12528,0,16022126982258933407
12529,0,17355440819561587004
12530,0,11483462781467940437
12574,0,6084959303378802942
12589,0,1398858157867102593
12605,0,7856238863151439574
12611,0,15234607026001030253
12612,0,8518084892962529100
12620,0,3676944244426497999
12626,0,5002466733942939690
12631,0,5881133479368286711
12660,0,2294012845348283631
12661,0,12738965466045765265
12664,0,17866045275977629857
12675,0,7004904106744137078
12677,0,8816520964009674233
12680,0,4267591286778755855
12689,0,7028589801204730987
12692,0,4214525271678911926
12694,0,4316411034055643885
12706,0,4392337246474545504
12728,0,10454145656930678662
12729,0,4297588296557131301
12738,0,1422910156786638077
12739,0,1422910156786638077
12747,0,5231231687272104085
12759,0,10505207388887525956
12761,0,1390963217989620770
12764,0,1390963217989620770
12784,0,15712031056835046883
12793,0,12668000351140617909
12798,0,12668000351140617909
12803,0,5174682500188931801
12805,0,11117904228301149024
12811,0,4387134361080787179
12821,0,12668000351140617909
12845,0,14298793333165080641
12854,0,14560599584203008745
12876,0,12372196964008959771
12883,0,15247710455211939703
12899,0,10665165962160632224
12903,0,4866386506859011547
12905,0,8850888779220280642
12906,0,8850888779220280642
12909,0,8850888779220280642
12913,0,675386445406339097
12922,0,10677942882744521538
12930,0,2271834333417979713
12936,0,1614082569080653198
12942,0,4627844654080721989
12952,0,9297307165173329835
12954,0,11046468053608282801
12956,0,7966473017816297408
12962,0,7322807428946947421
12968,0,4965006524228786478
12980,0,14046913117469926680
12987,0,7115846096807220671
12990,0,2311209277492443006
13001,0,9374229161120569523
13012,0,13165623037406942568
13016,0,8126119752579601093
13023,0,12613739185385598519
13024,0,15447443195055023338
13032,0,18214219976428787259
13034,0,1943349590900832948
13046,0,8282944443771389446
13052,0,10891139223972998395
13060,0,565048318033308415
13061,0,15850759699085165624
13063,0,13165623037406942568
13069,0,11919271679262574737
13073,0,6782811840779772960
13074,0,16383876280649607573
13077,0,5551793441632145238
13087,0,15280624070528341962
13102,0,6123191861641518641
13104,0,11681089817076807610
13105,0,6123191861641518641
13108,0,13455946486142735845
13113,0,12293450028226045545
13118,0,12404681347611179472
13137,0,85210559745795498
13139,0,16199949964897590097
13141,0,16199949964897590097
13144,0,16199949964897590097
13145,0,16199949964897590097
13146,0,16199949964897590097
13150,0,14738297593931019984
13151,0,16199949964897590097
13152,0,14738297593931019984
13164,0,8547775480938085654
13167,0,8547775480938085654
13169,0,8547775480938085654
13170,0,8547775480938085654
13172,0,8547775480938085654
13178,0,6123191861641518641
13188,0,6123191861641518641
13195,0,5720596739072291699
13198,0,5720596739072291699
13231,0,9869648435707542726
13238,0,11681089817076807610
13247,0,16217289714504344493
13259,0,1680772560844296964
13261,0,6315741023028033708
13263,0,7821195607322808996
13264,0,16346547321928193291
13274,0,2089928991565805462
13278,0,12371683000973848647
13281,0,9919932623936230584
13286,0,13663588550816641572
13288,0,13839443065593075445
13290,0,9615762137016229325
13297,0,4648648700188985936
13300,0,9037307004878489038
13304,0,757061544781171688
13305,0,4327315255762878537
13309,0,4327315255762878537
13313,0,12872561665548999087
13334,0,3866533918907404389
13343,0,9604447115134354787
13382,0,4897931583309708166
13383,0,13973199141715546652
13399,0,15373134110257251268
13406,0,5507814085902422049
13414,0,3963973098875240830
13417,0,7244014565187287998
13420,0,9826186672155254355
13423,0,5678138445233499922
13444,0,18077909637772608823
13461,0,2319622500090046462
13469,0,2397810731482847191
13470,0,9954027955683644716
13483,0,13786323281989574652
13506,0,12498729140474162845
13508,0,14699826030506347897
13513,0,10279963717196165700
13523,0,2282191958050179339
13530,0,2282191958050179339
13534,0,4758076956324461150
13536,0,9360874541713415098
13538,0,6883563054538694150
13546,0,9360874541713415098
13547,0,14918671411834884114
13549,0,14941754955476392780
13556,0,9360874541713415098
13586,0,4597603380908553536
13606,0,1631418417843017566
13609,0,1631418417843017566
13619,0,9360874541713415098
13645,0,3552867105937766288
13646,0,11461873737159426695
13683,0,12513147819082011483
13694,0,9652772475000373776
13699,0,5510384696299485012
13700,0,18045683802667595356
13705,0,7870828933648045222
13708,0,7870828933648045222
13713,0,3551732884838716880
13714,0,7870828933648045222
13731,0,15509248191102724159
13734,0,15886506697410415541
13741,0,15886506697410415541
13744,0,15886506697410415541
13753,0,15081799358777848733
13754,0,9120282825428965111
13769,0,13633571886769691568
13770,0,8414721696768731085
13772,0,14559364713900074997
13775,0,3006843956045264092
13789,0,6758644147092531519
13801,0,13905379533289494671
13812,0,16143759807343637562
13822,0,11116204248588346588
13841,0,4928861595376330792
13846,0,14331362068398093604
13852,0,12111065614284039291
13858,0,4428334051748714226
13859,0,11116204248588346588
13860,0,14844531917864335268
13862,0,8788685464861868907
13865,0,8788685464861868907
13877,0,15869674261403835900
13879,0,15869674261403835900
13896,0,6497248257717858751
13897,0,12815263127620328198
13898,0,590585365204998292
13902,0,13776523608252859407
13912,0,12147010805360916062
13920,0,10754094970613853026
13923,0,10754094970613853026
13924,0,10310882642027295779
13933,0,13723096781920906811
13935,0,13723096781920906811
13938,0,513195965766205472
13962,0,15225601326792368474
13979,0,9774346925046940215
13990,0,540175617661963112
14002,0,9701829993727230977
14003,0,13660586352221786374
14014,0,5773176813189078239
14047,0,9524911092941166811
14051,0,13347679362592096225
14069,0,7351299648197524821
14086,0,7798983741278337052
14099,0,18284179625906352937
14101,0,4231112138812274264
14110,0,9888990610661339796
14119,0,1784883352124768974
14124,0,10595501815796773895
14126,0,10148759897050049793
14140,0,16261658553629625458
14142,0,17549788670199884897
14169,0,673017562634598947
14170,0,10356143105323782190
14171,0,6310790975109781830
14182,0,673017562634598947
14193,0,3114504617174000584
14200,0,16261658553629625458
14210,0,9425565769946903276
14236,0,7798983741278337052
14239,0,17055265275697497565
14240,0,6175325644754444782
14252,0,8602883801447813993
14259,0,10042859962575698725
14286,0,17055265275697497565
14287,0,17105800235765458635
14303,0,17097317973959997887
14314,0,15576002082110864222
14316,0,14641493152440932157
14323,0,13896390892797969137
14335,0,4645327484799113661
14346,0,11221006856360162584
14373,0,4753665532083955115
14387,0,5947395414722581546
14392,0,14039292871842411499
14400,0,7523294572445156339
14407,0,5947395414722581546
14409,0,18445268025762910165
14427,0,8172486891602145586
14434,0,12770916309528713118
14438,0,15415529098027354733
14453,0,11883929898117808362
14454,0,760755911945432945
14460,0,4466589437234528646
14473,0,14724593153601283107
14478,0,1525419694494275562
14487,0,11334886511145385445
14497,0,1819171849280123364
14499,0,17901942148265541848
14501,0,12523916411793355685
14504,0,14793217114684698418
14516,0,15057051388187172492
14526,0,9280289818790092717
14527,0,17390553319524270502
14542,0,5786756162274425480
14544,0,3270218121340989882
14553,0,1735654982850387007
14562,0,14826066384356595605
14565,0,11671622372294479241
14569,0,4527944572558146464
14577,0,915740698199870976
14578,0,4527944572558146464
14585,0,2663221271107900150
14594,0,18093616615335424882
14601,0,10307220384113503373
14611,0,12527046078621717358
14624,0,2117578166267431602
14626,0,13651461924940563861
14637,0,7107443259909026652
14640,0,7545296536736024947
14643,0,5937903289064973635
14653,0,8547221188315015581
14659,0,14817046608907153496
14675,0,7343347372233332492
14683,0,15224228619184166557
14690,0,5143458588401477775
14711,0,9749180819902064197
14723,0,14862528045577156133
14739,0,2983429372853712876
14744,0,1239479487837919731
14746,0,8175195536861945850
14747,0,9170001340705126591
14749,0,1239479487837919731
14750,0,6696502291326363339
14751,0,8526761381442250608
14755,0,3742427539408708030
14756,0,458165357303191344
14757,0,16831300401594677537
14765,0,4448061564370936863
14772,0,4448061564370936863
14781,0,16113860915920142359
14785,0,6689729315102481043
14786,0,6496444581920145274
14790,0,7119136180173146692
14791,0,7888832584521543828
14792,0,7888832584521543828
14797,0,6689729315102481043
14805,0,15619584448076254593
14839,0,3079359025613648640
14846,0,14937011647395680337
14848,0,3079359025613648640
14854,0,151149829315769530
14884,0,8537357935572696875
14889,0,10343814028948729652
14892,0,4555428197122290651
14897,0,8729752930835061411
14900,0,7205468602891283684
14922,0,4747046040940221291
14938,0,7007047779710740234
14946,0,7447148826680414796
14956,0,8919823926063264792
14957,0,1211409247823515149
14971,0,2559288326560592921
14975,0,11491768725163918668
14980,0,7925569339283622689
14981,0,11491768725163918668
14987,0,9737657042127257910
15003,0,3679958313061724225
15039,0,6509452689961542141
15041,0,9773367155457326354
15049,0,15265738527787243946
15061,0,12480631845136742886
15070,0,9083795840471371047
15077,0,16063351203663098232
15088,0,2587740991500965573
15093,0,11258980514794418093
15117,0,8892616918130223282
15126,0,6276517985486948397
15127,0,1264529883655433337
15130,0,6200329257608697280
15144,0,3900528288108552037
15145,0,182185200273868664
15147,0,12929705240178212619
15148,0,2180899408204003193
15154,0,6120341166772620982
15161,0,16576188083764343419
15187,0,17708375707403166700
15195,0,2628990271394486217
15196,0,17708375707403166700
15200,0,13457244410570732680
15223,0,7196470996320943999
15225,0,17561129764480122275
15227,0,9897730062778382347
15234,0,649994788271783107
15237,0,15951365770331015329
15250,0,3743283140564141497
15266,0,7596187527895982965
15279,0,3314017902405615884
15281,0,12375760854106662609
15309,0,12738733066174518695
15313,0,1768505349679342269
15320,0,16149322259993166119
15325,0,6415997674552264611
15328,0,7215715979077388010
15331,0,3632928517843122867
15335,0,17611320514844195711
15341,0,1093425365600578605
15354,0,9100782674543262370
15367,0,10210651980294640459
15369,0,4784415993279892494
15376,0,909336320557867347
15388,0,13288602678148938534
15394,0,1146997342120630610
15430,0,11612883551016236746
15444,0,8705292656037108771
15451,0,17852786471557488584
15467,0,7008567735623783023
15474,0,11702317480787314499
15477,0,10021884083408760753
15482,0,3470840941137813403
15507,0,14437931471483568480
15509,0,16809558565219820187
15521,0,6370943199198568237
15526,0,13088901288782878833
15538,0,684010908648071863
15542,0,17216910497457804014
15547,0,15120637206112805239
15552,0,9705580305184010287
15556,0,5304284895935330889
15558,0,539844341915892358
15573,0,15249423391931345398
15579,0,7555695021357154715
15605,0,6628452441842603464
15611,0,10549643557896672926
15620,0,1530043435068210252
15625,0,7647336445616896786
15626,0,14090796118532727946
15627,0,237769633397718447
15628,0,11199585389809617355
15629,0,11382713228032649943
15635,0,2107430763348244949
15641,0,15527870821017570996
15644,0,5752866375409792388
15662,0,11882141391022453320
15676,0,11214543966392152276
15687,0,10377859567575769535
15690,0,2121400180974846675
15697,0,2192384724446405691
15704,0,10655153184419219467
15711,0,8533119390234274399
15715,0,9200710060327399808
15723,0,7637796528657872954
15724,0,12595730651342033519
15733,0,3172399631347215235
15737,0,6180562193998241562
15739,0,3187353068823901561
15759,0,16781882414614428643
15760,0,11832438221862289594
15761,0,16781882414614428643
15766,0,10277038114739189693
15785,0,13874297585935649156
15793,0,16620797935261976101
15802,0,13424357499141871393
15825,0,16660150284553865231
15849,0,5466511112576163411
15851,0,3051744643607485183
15859,0,13208235756206226802
15868,0,6888092822048313052
15886,0,14826379974614915716
15894,0,8599710239747237981
15900,0,16681913939714500644
15908,0,10313395203792348221
15913,0,7177303610132972373
15915,0,3016526454963015578
15920,0,2885086882262495148
15940,0,3627761716167411384
15951,0,699056434827492902
15955,0,3349382620880370634
15970,0,12818154261009179409
15972,0,7266297154480947014
15978,0,4392337246474545504
15990,0,466266322430447416
15997,0,5663681592634953987
15998,0,5206363164737977562
16004,0,12512859354269851761
16005,0,1780893482078345708
16011,0,16315637579774848579
16018,0,7686479607136744948
16044,0,15243421963621623920
16047,0,15243421963621623920
16055,0,1054439422630827313
16061,0,17187363281758381809
16067,0,2028408853662848248
16074,0,4415208865083561179
16084,0,6444079150467048498
16106,0,2150835715961723304
16126,0,5205732465867316798
16134,0,12021577210189141126
16136,0,5881891012330286026
16146,0,17062478572051292521
16161,0,8385018690572563474
16168,0,16082963616920304489
16174,0,8222694603980850090
16188,0,12513983924906402426
16194,0,12770916309528713118
16213,0,1554855793439867612
16238,0,12021577210189141126
16246,0,8449062944526755203
16247,0,8449062944526755203
16250,0,1480521639203168611
16254,0,17187363281758381809
16263,0,235040822513421597
16265,0,9494263703667224494
16276,0,6065499965648738344
16281,0,10119637621404677273
16304,0,12562875890895813986
16307,0,13889672582294873155
16315,0,12770916309528713118
16316,0,10497111840571011576
16317,0,12523916411793355685
16336,0,3446130874070350349
16346,0,10763348181564762633
16352,0,10642963306477476152
16358,0,8089802506296387917
16360,0,10328978664618844319
16363,0,9131996933751930115
16368,0,4755790633428091685
16369,0,12498428292573310079
16381,0,12901739257435848442
16383,0,2538092441114934161
16399,0,2516544761800229716
16404,0,12145168312389266675
16406,0,9033127433655938844
16443,0,14220387120522399535
16450,0,6224180881787568166
16471,0,3898518569230613409
16478,0,10376628658364786049
16494,0,4354801225085951281
16498,0,15599309030616360737
16502,0,16699182956366937154
16506,0,8652938692183875940
16509,0,7988080842297134712
16519,0,10537564872699892581
16530,0,8385650908953180900
16534,0,5769427151574018699
16541,0,9145878822243915081
16559,0,4299311573855194718
16560,0,1327738651811924166
16566,0,6744909328624337123
16567,0,7525936689941883907
16569,0,7943685045053401308
16583,0,12583278753218230585
16596,0,6343339470477429505
16612,0,17900143135033554972
16631,0,2456854489553972852
16653,0,9070545581831589065
16656,0,3221522989365824690
16661,0,6631312737998238263
16665,0,409013636573533818
16676,0,7626080879562001140
16686,0,6251449693833492067
16688,0,4936834328179503345
16692,0,10770604459177014071
16696,0,16036478969870143299
16698,0,6803161065774648582
16703,0,15271152994248323195
16717,0,5421736134897674164
16727,0,13406984794223490585
16732,0,3826149115290583217
16736,0,15533291952716905616
16749,0,5305154463663355768
16756,0,1497882998522205989
16788,0,8500682816428389338
16795,0,16199259607992335201
16801,0,8702136758213620412
16811,0,421211016378107860
16832,0,6462194799641409248
16848,0,9958194253806089511
16849,0,6261536961772109846
16857,0,3573522739109015504
16860,0,32446562503917981
16861,0,15842619387560959322
16865,0,6983427347046726787
16868,0,11252658495309535287
16875,0,11941661677302354255
16876,0,10589704268208800621
16910,0,17182307733926176758
16911,0,5574115347591494067
16934,0,523738987980469703
16944,0,12632527728257091811
16947,0,6399261788300184142
16957,0,14045192797455292611
16968,0,11905325523401404240
16973,0,4310114224832098103
16978,0,14793727382198390012
16980,0,2932292208658070470
16989,0,2932292208658070470
16999,0,2175579782041315507
17008,0,3397982599591696295
17012,0,12899634616711244575
17031,0,16221684868929546988
17036,0,15712573548457646351
17038,0,10696881732331381275
17048,0,2949351939223128020
17064,0,4126726513345914550
17073,0,17758260540404533113
17082,0,7855471644888418245
17115,0,10386543694689758313
17117,0,13074343718828920430
17135,0,7810132250144594066
17144,0,7226011597476092227
17148,0,2740871513694306496
17165,0,16233752551153904800
17168,0,4186351702977950227
17172,0,16269083860800158723
17173,0,3286991702656033182
17181,0,8428699455749377762
17184,0,16730752340823030877
17191,0,6342983874778372347
17199,0,4677463289831434999
17202,0,15166014724029766800
17205,0,13065524452758125469
17211,0,6118182610393570299
17214,0,9700986806688614819
17222,0,7070319764376210930
17225,0,699065421003238964
17232,0,4186351702977950227
17253,0,10182081462859995743
17266,0,12081688836020989362
17270,0,3082743229404448363
17272,0,8702808656016301059
17291,0,11839382534372980664
17295,0,4446382576430119772
17296,0,10956584260351503183
17300,0,11428783527728042021
17311,0,8948334582370196177
17316,0,7863931607897536932
17320,0,1447430784849146691
17328,0,13616577716565318353
17335,0,9712962429104075587
17345,0,985306769494204839
17356,0,4339855011535223220
17363,0,7323781003705524502
17370,0,9473290406974375284
17372,0,6118840893412106128
17378,0,12198847151348576614
17381,0,14498204834188567563
17415,0,10046049263927887980
17422,0,15132529760383422010
17424,0,1778893883120258965
17429,0,13176768432356270164
17431,0,15888749097620629016
17452,0,8419941517622420426
17455,0,14888418513859096728
17461,0,717917194410831775
17472,0,5990493015998295847
17473,0,16117108084502567586
17480,0,501823522653076691
17487,0,15005636680042458086
17493,0,18359858369705517513
17511,0,9490023632394069596
17533,0,16992480892308496303
17545,0,3500003973659781156
17547,0,10015633858051036594
17552,0,8792483136949975261
17558,0,13636783677036994911
17586,0,2342232431141730810
17589,0,11625468068638021392
17602,0,2061855897424177747
17605,0,13732805974570244360
17612,0,14482405258495963644
17614,0,16350822338522096324
17619,0,14566338966639276482
17625,0,17954678111811885146
17634,0,2061855897424177747
17646,0,14289907892036957491
17649,0,14931418468224498038
17656,0,5372987866501063684
17657,0,2171508414564916668
17661,0,14595767130283715382
17682,0,6379222479613256672
17684,0,9938429314307885874
17693,0,11902349302899055437
17696,0,12584467116241564406
17706,0,10045424074126225430
17709,0,17798423741395671019
17713,0,7301076627811138705
17720,0,1461037874782906043
17723,0,16497935239903507315
17727,0,6970541000834562849
17735,0,15486752600918504209
17763,0,8348372800617303490
17764,0,17242734085637486338
17772,0,1009389168206983912
17787,0,5355526340358599524
17791,0,5355526340358599524
17795,0,1421437909384984449
17801,0,773592047549077902
17804,0,18210992245343248773
17809,0,15005756874865067494
17820,0,11697842746272955588
17834,0,5117805766826541206
17848,0,14341052574250195465
17864,0,489643744249324613
17867,0,9643818700244972236
17868,0,634777930299229239
17871,0,489643744249324613
17879,0,207488420503629125
17880,0,10238762842185826188
17886,0,14882164578625442482
17887,0,5777535698540675454
17895,0,2278823582394317521
17898,0,8744716842140575118
17902,0,3382921393479972907
17913,0,13616726077677878117
17919,0,1982472030589941936
17920,0,15121383619535780717
17924,0,10768273821179340847
17926,0,14901320450716292081
17937,0,17885792726708088454
17953,0,10048802931836549954
17960,0,11351909400656371432
17965,0,8916397279065913
17972,0,9658395599928717693
17982,0,17253436428461799980
17994,0,17737724486525385465
18002,0,9201637376418895252
18003,0,16663771027830745512
18006,0,812864249697052798
18025,0,15629284445101297630
18027,0,1632078787835728053
18029,0,5318324486766331739
18057,0,7560596318484545011
18068,0,17436723343225583973
18074,0,16582465085744996682
18077,0,10107575607005199658
18088,0,9494046787618298189
18090,0,9494046787618298189
18101,0,15598608878418300952
18107,0,12316410890322886920
18110,0,450193317296383345
18118,0,10227041111305700254
18124,0,1920686760833525214
18126,0,10980881990269771964
18130,0,12503957945461592254
18135,0,14768191579531670641
18141,0,1439146707985062538
18147,0,17645990432371381282
18148,0,1161463598530816284
18158,0,598740864400439537
18162,0,131038744227521290
18163,0,598740864400439537
18193,0,5901173531001997463
18205,0,8302824873086270713
18226,0,8740288643330946071
18234,0,14275125003502339340
18256,0,8016068021520984409
18257,0,9440501822339310075
18263,0,4130969689526514860
18265,0,17052123862815102707
18270,0,970940024111621817
18276,0,13350134471910324785
18287,0,7078650555449108116
18288,0,9922211428353356521
18341,0,3940226301471515575
18350,0,17112598919285031137
18354,0,10042600242305652710
18356,0,4134921683548247697
18359,0,12268125418568680091
18370,0,6909314938043746882
18376,0,2763654596005119681
18378,0,12612526274349931883
18383,0,13188773238175695533
18384,0,13740303239950037460
18394,0,4268406012720781875
18401,0,2159923934535243790
18412,0,9047002808442041331
18417,0,15300491798659373008
18436,0,1502004695864430336
18446,0,14816136249903602203
18473,0,3437929759607771993
18483,0,4342292980473653528
18496,0,13863051697295565659
18516,0,11441813089539626347
18529,0,13381053043766921930
18533,0,12612526274349931883
18534,0,115164039456851783
18535,0,9003847289784805630
18549,0,3192732507402243787
18561,0,1817297907591889865
18567,0,15040759793903377860
18570,0,17326476788328989678
18580,0,18033515950415290183
18586,0,2976936614164026240
18587,0,8589630808167849187
18588,0,16700586270106921419
18589,0,1045659370970191112
18598,0,13907164060284734808
18616,0,11247695699886328017
18619,0,8447339084899159926
18632,0,11572990473363508219
18639,0,9107676944895108043
18641,0,7741855498912379493
18649,0,1589066026757961566
18651,0,14559188008522395625
18657,0,2168668181390054179
18673,0,3542313250475278296
18680,0,2263947758137617012
18687,0,8923660269175322125
18694,0,16534223423085819465
18712,0,16866444519027391632
18717,0,8669612062624117012
18726,0,2168668181390054179
18733,0,2158348346436746653
18735,0,7857705253852085483
18740,0,3636316284253568739
18742,0,5259301797012934457
18743,0,9926937725592644896
18745,0,7867015924453527303
18766,0,16759768063670426393
18782,0,606481255464719253
18794,0,15235091348924934191
18800,0,14636036353921328789
18810,0,14509494655828123834
18814,0,6266879292188231502
18819,0,1103150106050196791
18825,0,7893180490045816868
18830,0,11694736671721161330
18841,0,15271604203270178967
18845,0,15271604203270178967
18854,0,9722669755704371163
18856,0,705578188724526410
18858,0,18396702960358834098
18876,0,17511883838292032743
18892,0,2382905648077222980
18896,0,10727246052953644801
18897,0,16844050800311703729
18898,0,7566935149570929062
18900,0,5559702598157505277
18909,0,4852870283449836528
18927,0,3586008625454583090
18934,0,7410392492612258212
18941,0,12702965998793378231
18950,0,10431186936182601084
18960,0,8023673774361173188
18969,0,15794009071703285804
18970,0,587357797700194168
18978,0,8892091432768503406
18982,0,11429464906179364691
18984,0,2144900476901347852
18985,0,2768348518639411475
18986,0,5063349825169247165
18996,0,2898288235467366681
18999,0,11720543379351415826
19004,0,17739500022575088410
19006,0,611687632296151491
19012,0,12539287984788973660
19014,0,1804118883536403999
19016,0,5865812961945555243
19018,0,1804118883536403999
19019,0,12407100508441664491
19024,0,4716758823500879498
19030,0,433090221941717421
19040,0,7832542123859118980
19044,0,5586797103748196965
19057,0,1579037782606920344
19069,0,367428564504742698
19075,0,9481451538695380059
19078,0,14691320456440464166
19089,0,16498775215129421983
19091,0,8666840535592005717
19099,0,6389758558062699528
19115,0,867362763227677180
19117,0,17307793978823857667
19132,0,6605884999427119746
19162,0,13583680062760293325
19185,0,555986548989967380
19186,0,13051822752214391458
19191,0,1415287726724573304
19192,0,5823677282310993685
19196,0,2155634212784193693
19197,0,6125104773178937860
19208,0,12104226041442875853
19217,0,221828525798711657
19220,0,18011445202803588304
19225,0,15519400853673571860
19226,0,4102932197794868971
19228,0,4787055270772304334
19230,0,6359480114745614187
19240,0,5562670520056267237
19241,0,4787055270772304334
19254,0,11648990095817111266
19258,0,9598061936781398287
19263,0,15630060421234786379
19269,0,16981094915181463046
19270,0,16289209017806062755
19285,0,17868464884662205783
19288,0,1049777934007716490
19290,0,7853008281339043781
19291,0,7853008281339043781
19295,0,7853008281339043781
19300,0,15417316487032636929
19303,0,12104226041442875853
19314,0,5194141276929135338
19341,0,18344366361698074212
19363,0,7874656116050636408
19372,0,14449408616844933828
19375,0,2668601298702804582
19399,0,4562350758089690506
19403,0,6404653777600111598
19407,0,3528531390287889205
19411,0,9139267873607178109
19415,0,5040438299284559201
19424,0,9061710097125680928
19426,0,2259681696644470175
19428,0,5551965584822443488
19432,0,12247336619577307274
19434,0,4539185150425606529
19435,0,14177117679237912810
19439,0,2460019251470283779
19446,0,6409366825764115814
19479,0,12663609919037061257
19483,0,8552451559430622885
19504,0,16250406034474922383
19529,0,11384005028775058439
19530,0,2986713341532860388
19535,0,4909026662489568949
19539,0,12669320274187040442
19540,0,12669320274187040442
19542,0,12669320274187040442
19568,0,7743086524704977564
19574,0,8814037701728954486
19576,0,8061119905099932090
19593,0,7832248034870678594
19599,0,17546952245360031539
19602,0,17546952245360031539
19603,0,8911944029395100762
19616,0,2981006935151340165
19637,0,12321308558608129544
19641,0,14776226617352776576
19644,0,7743086524704977564
19656,0,9265825140127524931
19678,0,9415177586003555831
19682,0,6537466343305058259
19708,0,6051274863216841479
19723,0,17349729925168659539
19728,0,16117420884467813521
19751,0,14123388404747987140
19766,0,3464805063349953778
19768,0,17443252202844506497
19781,0,11090017866597830175
19785,0,8411604633075211823
19791,0,3297527324176319900
19800,0,5485606009580130499
19803,0,10584898181421247054
19805,0,10673542467819678442
19813,0,12825774099901289932
19820,0,5396331994135431300
19821,0,9690442819900619110
19844,0,15812716709718881920
19849,0,838321104947010312
19862,0,6626311887410335316
19867,0,178391762306062909
19911,0,7434196367094791295
19912,0,3297527324176319900
19973,0,11623958600485229987
19990,0,12000857517854971037
19991,0,6499416106160668154
19994,0,2543974662263211272
19999,0,4978307637242381981
20022,0,5215244993018616157
20027,0,5701240885175603325
20041,0,17945035499733103660
20043,0,647194877850597439
20045,0,14225945224681119818
20049,0,10262868471674024249
20058,0,15467523519880745156
20075,0,4517970872716364281
20081,0,13397173700956752642
20085,0,7550407468721047333
20096,0,16968642268467700829
20114,0,12078587359075499346
20122,0,11027094026204465683
20129,0,13758595916568904086
20130,0,16312581187290844793
20137,0,3021366777964053971
20157,0,7077847529673437191
20186,0,7329440948464650643
20198,0,3788439849742201777
20200,0,3112972736684862165
20204,0,17945035499733103660
20208,0,13758595916568904086
20213,0,13758595916568904086
20221,0,5483997921234946326
20231,0,15613663129594774515
20242,0,6973676561435675581
20258,0,8616828199958507718
20273,0,6686633440887370069
20281,0,2721653416761505851
20286,0,4705207410404429238
20300,0,3943410526487116221
20303,0,10857264815841054883
20318,0,10677302576860424907
20330,0,17053829975419728547
20338,0,3994838259824376543
20339,0,1649909182284536007
20343,0,12725616219562813913
20345,0,16436441161688855449
20346,0,15078110168512666254
20351,0,14733524604743698616
20355,0,14733524604743698616
20357,0,12461156673388263307
20358,0,12461156673388263307
20359,0,12461156673388263307
20365,0,16042195164632790141
20371,0,12461156673388263307
20378,0,16462867480659186163
20379,0,8489265869784575849
20381,0,3749806350140040667
20406,0,15457121978473319085
20407,0,16462867480659186163
20417,0,427854719261425225
20427,0,1810710279874073948
20428,0,16462867480659186163
20431,0,12962336079705730926
20439,0,2361206361450993115
20459,0,17640109180106364045
20466,0,15649378548981179800
20468,0,4006870538534360095
20483,0,11403920281801612720
20495,0,18096872847572337347
20510,0,6253436726022434546
20511,0,6760465462043979449
20513,0,4615682637739943605
20519,0,2971564056633917563
20525,0,13965759380220992308
20529,0,10779573295687844764
20550,0,15759776752771894973
20574,0,17113470472455668838
20581,0,10946368001257542074
20585,0,10050338196220609284
20587,0,12437384489012838051
20589,0,4047408211420861524
20590,0,5617190776512512071
20594,0,10614203932998062029
20596,0,12640321353820969451
20612,0,347207727605638674
20625,0,861410931169521233
20632,0,11336228505799730732
20636,0,16593913607385129295
20642,0,6763140077644427643
20650,0,3429526356156711746
20658,0,8200665423256252269
20660,0,6094766309706080745
20673,0,7543333753799699626
20700,0,15281418990262753206
20725,0,8061677510142386526
20728,0,12855299011105839768
20732,0,4328154813875593495
20735,0,2116662342698200088
20748,0,4686354083616556250
20752,0,4632275547721576501
20757,0,9125177962804648623
20782,0,10906891292974103967
20789,0,4236769926631059898
20790,0,2822458349596555354
20792,0,4304304964811060293
20811,0,10851515961176642041
20819,0,5161949149045702142
20820,0,5161949149045702142
20829,0,6353381164101445409
20847,0,5157867902309620919
20871,0,4676868093567921230
20875,0,6710750381823868293
20878,0,4676868093567921230
20881,0,6700354358682386098
20889,0,1164489054958589420
20891,0,10840604408813536376
20894,0,1696568156073149044
20895,0,687761110596221549
20899,0,3078862451740392417
20920,0,2100755307593603845
20945,0,5786470854014231578
20952,0,687761110596221549
20971,0,3947659758598910841
20976,0,15907729863013721757
20994,0,17960083578762398384
20998,0,8780826975487742528
21000,0,6420520984422888847
21003,0,17082378234774584196
21004,0,834136862198586190
21022,0,7544113731995344972
21029,0,5487365326974719917
21031,0,8956398985963823320
21051,0,17730493261372067131
21070,0,269750914974874757
21074,0,6747122198736385002
21092,0,6267234249743227576
21100,0,2994752595826808132
21102,0,16403960017080081692
21106,0,6692597541260071787
21108,0,12730486723234392701
21112,0,2075831597170887019
21131,0,6750371816607430704
21143,0,12738398890844586071
21147,0,15859203549854218828
21151,0,16910381298147341592
21173,0,10676532360530181096
21195,0,2956753480079148926
21199,0,1602606367610760252
21207,0,13553260831882287977
21212,0,17579699730121307469
21221,0,17608623360945730453
21223,0,4412022350892145057
21232,0,17123960867532316367
21233,0,8842533052475496281
21241,0,5344461649496024958
21242,0,3585621983225272210
21244,0,9782954991656344593
21248,0,11005473944293700097
21268,0,11005473944293700097
21273,0,3936089666818317062
21275,0,4455357329713503888
21277,0,8230650173438866344
21295,0,9215240733828161483
21310,0,4412022350892145057
21315,0,2199468456925902402
21316,0,8567199751877836687
21319,0,4771666505669282300
21324,0,2994752595826808132
21359,0,16616626476100371129
21370,0,11579058667428512134
21380,0,8221822947209016405
21391,0,16648970128726936546
21398,0,14826487676322412649
21400,0,1002435450116337478
21403,0,7668520287809426820
21404,0,6564591979304355197
21406,0,17906663290587590662
21415,0,7668520287809426820
21417,0,4762991094182806038
21418,0,3090786910771178346
21425,0,3949849339133338374
21426,0,1089462916046091262
21435,0,1089462916046091262
21459,0,14626160291662497204
21460,0,323223474121479998
21461,0,7668520287809426820
21470,0,17566713544512800602
21473,0,7668520287809426820
21504,0,7447519000233586292
21509,0,17204662217173189068
21511,0,17204662217173189068
21523,0,18016982527077978519
21524,0,6912460226379240500
21525,0,17204662217173189068
21542,0,10806199215364699605
21543,0,7488414505978627883
21544,0,8353916313160573388
21578,0,14991173209004029643
21580,0,1512550506689693879
21583,0,13523088170356883516
21594,0,7500479772436374428
21598,0,6396013343292490821
21626,0,251673300699071559
21631,0,1038975998644610790
21632,0,13110435700273292219
21636,0,13110435700273292219
21637,0,13267178609913429734
21638,0,4980618258485360458
21653,0,11790707608999118662
21660,0,17569141670839046275
21679,0,7760549595134095408
21680,0,8347106597570770513
21685,0,7830859100677605241
21696,0,15013249354057582157
21713,0,687787413801795505
21726,0,17409249214993844255
21735,0,10711708363537640041
21753,0,391446491760561055
21759,0,16392353140636086559
21762,0,5169521025601128294
21764,0,7611623319950294125
21779,0,14026372444732872384
21783,0,12723504609872449803
21797,0,7618166774311600448
21800,0,1716584050805481203
21803,0,12696256665774596171
21829,0,11048739233717600633
21830,0,9558584397812430833
21831,0,9558584397812430833
21861,0,6353649551496096711
21863,0,12973330053833675161
21865,0,6013260491740556182
21867,0,154412515670474969
21874,0,506183619706416044
21880,0,122320247154842108
21885,0,10334476089563204839
21887,0,6013260491740556182
21894,0,1650452272156135490
21904,0,16753126018283154622
21919,0,13799781050182644822
21920,0,8797725369713572294
21931,0,4602738949261748899
21941,0,17992078657894675793
21957,0,12472536041175189473
21960,0,8154505355496522922
21964,0,1905869545716312996
21966,0,1905869545716312996
21983,0,2430277389383237638
21986,0,3346906776903794474
21991,0,14026372444732872384
21993,0,17831523744907571507
22011,0,16851803637332859635
22024,0,10637897850877933264
22026,0,10400033373760327785
22039,0,10190638920005007083
22041,0,6751768835742852689
22059,0,10300970552766991319
22067,0,10190638920005007083
22082,0,5884154451222109019
22084,0,16162254175160074612
22087,0,8529727507316885047
22088,0,4692754966016655467
22099,0,14335542773783419353
22106,0,12379354428138847448
22108,0,18289703372446670536
22110,0,18289703372446670536
22122,0,1248256572765361637
22124,0,1248256572765361637
22125,0,1248256572765361637
22137,0,14881114913750496108
22151,0,6248566543182558015
22153,0,6248566543182558015
22155,0,1988120824267815460
22170,0,7082362057571053767
22200,0,17715583223218730698
22230,0,7294200593869900247
22250,0,2319482628398197731
22251,0,149281918919063155
22255,0,17501362549237197936
22262,0,14585417453264269856
22264,0,17818726525448558154
22271,0,4818686105454457250
22277,0,4829563035948942276
22281,0,2314309429983488376
22283,0,13883020835768730260
22287,0,13088569836361756818
22290,0,6256673823032855300
22302,0,12796686875385430539
22310,0,13843550145108853789
22317,0,18196751065270690152
22323,0,12164145686930778528
22336,0,11902919810770894997
22345,0,1906220732428898739
22347,0,18319471844535347311
22373,0,11651511446881110381
22375,0,15215359456736351096
22384,0,413896228797851179
22385,0,8824612191502672537
22388,0,16663653138919610546
22391,0,15740056427901650356
22394,0,8414365097289920674
22399,0,12877388092660028454
22400,0,17752892737713236037
22417,0,17086592989266154442
22434,0,13509724767298505760
22438,0,17086592989266154442
22439,0,4156109466724207784
22458,0,12936556872865702028
22459,0,7240648383185631984
22485,0,12326141698421441972
22492,0,5206205743589516121
22501,0,15722169986906401497
22508,0,15935517920353916804
22517,0,10636246057562673230
22522,0,11360817204813096069
22525,0,2818449561562139275
22527,0,1202011364570236295
22528,0,8663293776512632603
22543,0,13498339784713786471
22555,0,15986432191701289954
22564,0,17716343699824064390
22571,0,13498910715575132739
22574,0,2523158625042660481
22587,0,3264703076166577640
22592,0,11773193922820557642
22603,0,16398913819448086310
22607,0,13578797352105494975
22618,0,14834367303185466175
22631,0,317115280442480486
22634,0,13881178125660413295
22674,0,3591726544033620309
22708,0,8766285350089470339
22714,0,6143738691354598732
22731,0,1873949160040513967
22735,0,10599521600143662669
22736,0,6752237191986315610
22738,0,17235780780601693786
22748,0,2817729784546510902
22763,0,4166920345228378157
22765,0,1845469535886007427
22770,0,7067271825119539810
22777,0,6752237191986315610
22778,0,16110750431859792664
22781,0,3249391314495521289
22782,0,3249391314495521289
22791,0,2547967981142347236
22792,0,11548921443256075315
22793,0,16043821816763532093
22799,0,15525651623639478581
22806,0,18341930435536042210
22811,0,6863355151192651924
22818,0,13074932975868710172
22820,0,13293621583075184330
22823,0,8840100720182541041
22827,0,14636241125892035014
22834,0,12230649909773430144
22844,0,15723273370072687305
22845,0,7719195737159657189
22867,0,9483292483954696592
22874,0,5132802553621428462
22900,0,1548781944617260850
22904,0,13743072675875885829
22922,0,11257219697162091687
22923,0,11898316618691698414
22935,0,3139881057405918036
22938,0,895654295286030211
22942,0,5929038258028048723
22946,0,4510003925150582622
22947,0,6565108916977624662
22958,0,8320653960248201995
22960,0,17872301086495968873
22967,0,6155012586753138846
22978,0,10826000630588766309
22992,0,5665001670546891948
23000,0,11928206379005873391
23002,0,708499444160150670
23003,0,1474093293781400986
23008,0,1106960639667301029
23016,0,9001731780377221739
23027,0,11807424527324615048
23033,0,13780671067173279839
23045,0,3760459186664635590
23048,0,6569770924628499345
23052,0,6569770924628499345
23058,0,2619333381886764199
23059,0,5697896729461136958
23063,0,8867750579538273462
23068,0,13433166866709090579
23073,0,7371326933750091378
23077,0,1541420488784405117
23091,0,3754614556918388795
23092,0,3754614556918388795
23103,0,8466782376367884624
23108,0,6313334676135606985
23109,0,16379647586596125524
23124,0,13447897545186914038
23146,0,8049881339859466450
23147,0,15535585251862519366
23151,0,15999810752770793040
23152,0,11226076665518379403
23157,0,4514308137936620528
23161,0,17562300473648770460
23163,0,8709835766459833780
23174,0,16366778224535969759
23190,0,2290507339791796584
23203,0,13447897545186914038
23224,0,7806398493786741075
23233,0,15247016348010000485
23253,0,17406716034564051384
23255,0,17907331359246109069
23256,0,6626843915234263088
23258,0,16231338551388511074
23260,0,13653779256117062571
23261,0,664916407269050555
23263,0,9286436834064196021
23264,0,2137267852304207222
23267,0,17994251368986280579
23279,0,3620773922889282634
23296,0,566638909454755668
23298,0,7103599109830706726
23302,0,9999598861710498630
23313,0,6013260491740556182
23315,0,16694114666023727131
23320,0,16715147023929228661
23323,0,11105793390159202902
23357,0,1892735305789977110
23360,0,5551664691687454208
23363,0,1865574166985902437
23372,0,9999598861710498630
23390,0,1819846862972934755
23405,0,3082211993872278077
23440,0,930620909821095071
23443,0,14930811399987460600
23444,0,7250551923366923640
23451,0,742451435530885216
23482,0,17992857193897498943
23486,0,3023583035291932737
23502,0,11153338141354218516
23517,0,8054850662770108969
23521,0,12344127779045727794
23526,0,2216566823291195744
23534,0,5635994130259184302
23536,0,6475229199071687403
23537,0,10776007766595290802
23542,0,18053833887739212816
23549,0,14984508093824501023
23551,0,5284444566530912862
23555,0,8056071268071083609
23573,0,11647620593586321429
23575,0,16108771252005794979
23579,0,16108771252005794979
23599,0,11153338141354218516
23607,0,15510339655878657479
23620,0,9782709152440538909
23633,0,3530685735986280496
23642,0,3360139091635796968
23643,0,7568252978078678976
23647,0,2918194582419863604
23652,0,3449354088900948181
23661,0,17202823176351888277
23666,0,18134981963062608057
23674,0,10436570463438845345
23675,0,4972041312585792344
23681,0,12045125295658802491
23693,0,5661185074593181823
23747,0,15255155669901619547
23756,0,9540912126510082879
23758,0,4106636258239884514
23778,0,3838286492135716485
23779,0,15351854069523723039
23780,0,14201778407691023352
23822,0,18013914455531470424
23824,0,15338285081371782264
23833,0,8945995074192952218
23837,0,17045290652189645378
23850,0,17068971922163854586
23854,0,12173064647899401678
23859,0,12173064647899401678
23865,0,17700950949970501987
23875,0,1277258039436218201
23884,0,12976814993550314895
23891,0,15338285081371782264
23898,0,16611502590889771782
23914,0,16578837323580114475
23930,0,14653062058407282486
23933,0,10148588369660615065
23941,0,1796449464455343724
23979,0,16553408085231456261
24006,0,5712125694332021081
24012,0,2546426647029648605
24020,0,1567327453635416178
24022,0,19703231023309659
24048,0,1771210534662826936
24051,0,3356636065141731830
24058,0,5582982388441513757
24060,0,11193452086267443509
24066,0,2325127909780148992
24080,0,9850791210428519728
24095,0,14722634629004719906
24099,0,8514254842630042097
24111,0,113557566288313885
24126,0,13269017481407504985
24136,0,5306725598411602808
24156,0,11077556243104620209
24174,0,3705629558016916976
24180,0,6340613215198533879
24182,0,14696577640516222570
24183,0,16336627180857361578
24184,0,14696577640516222570
24190,0,16362405943117562617
24221,0,969555523832002023
24225,0,969555523832002023
24234,0,6732102507011736363
24235,0,17487925343813497413
24238,0,11874326013574537141
24253,0,15887174341753661222
24255,0,14462356729190591517
24257,0,7391687104539011646
24273,0,13685318060618077033
24275,0,11830786173607097422
24285,0,14125011360482199521
24287,0,18440981151981619394
24296,0,12682733597318843615
24302,0,13606748885760433805
24307,0,17487999368009146890
24320,0,13982386358563135298
24327,0,3858624912235193667
24328,0,9435692821949119012
24360,0,5978818200155471010
24377,0,7160326083011344113
24381,0,16123214591734608238
24384,0,6217321515343189613
24385,0,6912960946589275618
24389,0,9536769985485656662
24390,0,4821737043193963354
24395,0,12235137772312403954
24397,0,196266438199872583
24403,0,4821737043193963354
24411,0,7814264279475441961
24413,0,11434705678110398529
24424,0,4781284300012565537
24430,0,1902502382120189864
24438,0,15909976501685105575
24439,0,13130346746734021130
24441,0,5687697395061296539
24450,0,13565258129445132705
24451,0,1285165437510703494
24455,0,14182540943491208476
24462,0,10944578381268050555
24464,0,3479802539180610264
24467,0,14734219026838854706
24523,0,1853191065108341229
24536,0,9840215067766275935
24541,0,7276676096330431900
24542,0,2371088339460287005
24548,0,13805718101046471945
24550,0,16257484079038288027
24559,0,10973885175358578405
24570,0,6364385462170939312
24572,0,16700405868753654551
24573,0,13889675888676834565
24602,0,15980638017705887740
24604,0,7000438909411963410
24618,0,16236100720967502206
24625,0,4325256447905560967
24632,0,3228931495959185958
24646,0,16011925832855295697
24689,0,14106176414256826706
24697,0,18079360211711962176
24704,0,1794562857169007030
24714,0,13883646446009371356
24716,0,15628300054745715798
24717,0,16862632858416629994
24719,0,3665691884299704962
24733,0,3476520747669513248
24734,0,11081395211885047645
24735,0,17374381322572063516
24736,0,11387950258354595064
24738,0,17520959786708623475
24754,0,16768438271492779093
24786,0,8964957882755409208
24799,0,8556588461341255887
24807,0,11287965827661553798
24828,0,13904149800283070016
24829,0,6719554420055058493
24842,0,16653518708943734582
24847,0,12587207625712049893
24848,0,14244548641063575616
24851,0,11522212992439083236
24853,0,8677528031646508501
24855,0,8386699451088955888
24874,0,17671449999268013959
24881,0,9636748926580118005
24923,0,2331170031268843349
24940,0,4759173774911310474
24947,0,2277745341442022322
24948,0,17290799936420171271
24963,0,5091791182785332001
24965,0,3748410204022566803
24967,0,7957865306102849403
24980,0,10558847356089337528
24982,0,10558847356089337528
24984,0,1623869100123838372
24989,0,9639447365140599364
24990,0,12413122662451524486
24999,0,16475697002716413166
25008,0,3204763268226237763
25024,0,18347892946728790407
25032,0,5467979865160527024
25040,0,9674633797753410016
25045,0,5100239469984619925
25049,0,11407761872931622118
25054,0,12651405103816260570
25055,0,10322727620571990134
25090,0,13899729864500832965
25095,0,2961062755149925781
25115,0,8999618448985470823
25121,0,14784577064731193418
25130,0,18174003630024010461
25134,0,8663799937848450499
25143,0,13777731314228669125
25148,0,11610528001828744131
25149,0,2404065679178608571
25172,0,10850901387358357585
25173,0,12814012772216646202
25182,0,10363272610970153049
25184,0,9160741048417864440
25192,0,4420755628566959198
25207,0,11120091181164914888
25228,0,9590070919429561506
25245,0,6774905651582547314
25261,0,7534974474492660205
25277,0,16594476036648703481
25283,0,7932291301483138864
25294,0,7021918792016430734
25299,0,14881171165796389208
25307,0,11775139602886131644
25333,0,15148516432036725836
25345,0,14704833005695764265
25411,0,3794017735095145692
25416,0,14428925902446274926
25425,0,13221256054382215264
25449,0,13804257672462091769
25462,0,3782943364329205605
25474,0,11893111026255724067
25475,0,4334998935089737749
25477,0,5555590432467263989
25491,0,15387229708096077639
25515,0,9253571928905241842
25517,0,11150127952833460415
25519,0,17627897074921754799
25522,0,7804474143895619729
25535,0,8488695709867418500
25540,0,18028236481176939811
25544,0,5707107646409926084
25551,0,1911079749646578924
25553,0,4273179230745729324
25558,0,7614884416007694204
25574,0,14104741884535450623
25578,0,10317917687884899880
25581,0,673732191260147353
25583,0,4532357270609478559
25602,0,10448572399533403295
25603,0,17910986100115720107
25604,0,6777747261385302127
25613,0,9421317296002902088
25618,0,14143071162736652365
25620,0,92749509111833354
25626,0,5058049851763025648
25627,0,17538374212037066939
25636,0,10448572399533403295
25638,0,16602173777278470839
25653,0,14625465364544431527
25657,0,4101277044034005781
25660,0,14625465364544431527
25676,0,6887247404137549662
25706,0,2098682926824506754
25717,0,18266399219681468106
25726,0,11005415735362202581
25728,0,12239845891084208236
25732,0,15012871706352432561
25758,0,2078992012215510938
25765,0,9754916038293405014
25766,0,14198138605080133011
25769,0,5481551256743183132
25770,0,12066516336590759817
25775,0,14178681949273619201
25781,0,7396132754736470173
25785,0,16996810533528298113
25790,0,6806114223604993192
25792,0,9920842416396948759
25795,0,452323257005872451
25807,0,10048160355808359671
25808,0,10048160355808359671
25815,0,14790881022379867958
25816,0,10895838644777095849
25834,0,12545441013493840583
25835,0,11443130283809619665
25836,0,8562651135891921304
25847,0,9009787055470739428
25851,0,7763455617407226819
25857,0,8170666664819701609
25859,0,8297056695805223398
25865,0,8884425101017682720
25866,0,18092840753195101164
25868,0,12064289334365722522
25872,0,13296276126932171724
25896,0,7503864974422020474
25905,0,14419985911818467465
25943,0,5236530639572553795
25945,0,8409833606862803802
25947,0,16996810533528298113
25950,0,5481551256743183132
25966,0,5007956253624118763
25978,0,15714399062427123945
25985,0,15353416967912550635
25989,0,7099717252481005063
25990,0,5898086775131162750
26009,0,6975338055434098739
26036,0,15296958747767423948
26039,0,16026915261540824636
26042,0,549320650887624285
26043,0,12489401700810370990
26050,0,17140480415322908488
26053,0,13326970911890435753
26056,0,16129881574019437143
26057,0,9309810726868650588
26060,0,5603520224912625191
26067,0,6254802575460278361
26076,0,4298622546516633131
26082,0,3121347978128436653
26088,0,4867437039806846126
26093,0,8728693860465804519
26094,0,5533840674083941933
26104,0,11632829973369090773
26134,0,14834627971190433910
26148,0,17917098446650174188
26153,0,4873606235376349156
26160,0,2510688289714263312
26165,0,13326970911890435753
26180,0,8256197888912253127
26184,0,5135788703599435475
26187,0,6618279098126487652
26195,0,16958861332020396825
26202,0,8256197888912253127
26203,0,9830230882979565088
26204,0,11191294112189994943
26206,0,10085331498120220834
26220,0,4744874572211071593
26249,0,13783159219393405293
26251,0,15984015921528890338
26261,0,9143275224622192041
26263,0,14137190008067947119
26273,0,17648699648319369049
26291,0,10182600060132331260
26292,0,8256197888912253127
26304,0,4391344172031106882
26307,0,4391344172031106882
26315,0,8354487696571305586
26326,0,12277149538331637946
26342,0,5393063788615096184
26348,0,12489414077686966427
26349,0,15848025323265207384
26358,0,7418871222271496138
26361,0,4743108412873668791
26364,0,9665815776635377466
26372,0,16739893600137326097
26375,0,14062355644068795460
26378,0,7112658725990943870
26386,0,8506813789419934435
26387,0,4708348833497834773
26391,0,1098984150088749776
26397,0,86560166700764905
26410,0,10876531028402941582
26429,0,351641760823103170
26431,0,14386523832183874900
26467,0,8310616924203920761
26471,0,17156711993155042256
26474,0,5912578569040069465
26479,0,13337568074033368653
26492,0,9771451340093193860
26512,0,1191190317804261757
26521,0,15821120765873477835
26536,0,7601891954394694775
26573,0,376451409183681675
26603,0,5556850783376380769
26612,0,506259398983010636
26644,0,18264643048514372100
26654,0,6038851693695831990
26668,0,10678089412830267319
26671,0,5969349228886270919
26675,0,3829651458483712836
26683,0,10796799877922924624
26712,0,13837350557908072821
26731,0,11878272186882428575
26732,0,5556850783376380769
26735,0,3829651458483712836
26736,0,6660714288101599817
26767,0,8180119187830759987
26769,0,6459678128612398531
26770,0,9865049165244476722
26775,0,7821543271776804770
26792,0,4446710924951012365
26797,0,8860723981002958677
26804,0,16341295328763909400
26809,0,14884745242793109281
26827,0,16210012307587268549
26829,0,2597031716536465127
26840,0,11640753815811094797
26862,0,10103496226595815496
26867,0,8490991245688230715
26872,0,8644944928825652717
26890,0,2516943422758365132
26902,0,2294838458788914121
26904,0,10514073432280987158
26906,0,1671992423368714325
26911,0,5556850783376380769
26940,0,14090250288755871547
26945,0,16517564224469109952
26950,0,14434059400732931744
26956,0,6453479405113175552
26961,0,11738247230596638283
26980,0,5556850783376380769
26983,0,12387795675748404784
26987,0,7854026202171808776
26991,0,13850060042952103232
27006,0,11051963543573603920
27008,0,5539583949889354512
27017,0,7229387986865751251
27037,0,3008178899843725029
27057,0,6261370760326567266
27064,0,15221796248939879958
27069,0,16955638940908848581
27075,0,17153982634286279110
27084,0,6659049841700369060
27090,0,5489482664507842492
27112,0,5769556323092277155
27118,0,10302013194797964287
27121,0,9470923309200250477
27130,0,7209019970346532323
27137,0,5207856474549363096
27148,0,10849980742397146399
27156,0,8293546162981311904
27158,0,5753614819584589682
27169,0,15681635433287630916
27177,0,6675150545916847227
27212,0,7546283478256030259
27218,0,12918043729489476277
27219,0,8998386438378109323
27228,0,12101926863732377778
27236,0,17773322160245925472
27241,0,16077150629982164569
27246,0,46223662436595391
27258,0,15140617175496203086
27263,0,4929279430869603044
27267,0,10078651727464581435
27270,0,5197148116468781024
27271,0,6973877184909385363
27274,0,8220371653974103960
27285,0,6675150545916847227
27294,0,5556020223641053270
27323,0,2755935770452663820
27330,0,7783934029460433997
27333,0,10794999881529430499
27338,0,9094424678928281293
27342,0,18053007913850406178
27344,0,14353956443881791982
27351,0,7499871077076818513
27370,0,17459732942735293834
27373,0,1912682666224737017
27378,0,16501738114090108794
27404,0,8496369616363411938
27407,0,11999668258263215549
27408,0,8535099482409125263
27430,0,10810746074419589528
27435,0,5625264920125909026
27438,0,16124921265511014070
27451,0,14384762551853595112
27465,0,11191960487681561358
27474,0,12507935688006497654
27483,0,11349336372605423350
27484,0,4028023895555880753
27491,0,12219549187589449734
27499,0,15520189105196065482
27507,0,733498968800097351
27515,0,7664956220625551222
27525,0,17996554170752076455
27553,0,7905922086273627116
27557,0,13718416251438186666
27591,0,13613399329884665164
27613,0,13330124860875019004
27630,0,16836498412223122666
27631,0,6169817147487063238
27633,0,3027463151354885830
27635,0,6646554154112402189
27636,0,5694988790243419477
27657,0,15792672950028731142
27665,0,10395675036957477240
27690,0,10213351135238598019
27692,0,6457773174657321615
27698,0,3953176309796447327
27713,0,5522615784998294952
27719,0,16972954793474899570
27723,0,2197748939321470236
27729,0,8216596901936747410
27730,0,8216596901936747410
27749,0,4322540510621473613
27751,0,15945940924290351496
27769,0,15884678827798133882
27770,0,2466977528039896339
27771,0,2969530333098548142
27785,0,10810036837990393585
27786,0,7472441272172100339
27792,0,8570147375055553407
27795,0,6970953963168503376
27798,0,17654281373694257159
27800,0,2365873175356417874
27810,0,2365873175356417874
27812,0,2365873175356417874
27818,0,2365873175356417874
27821,0,7931288536058892628
27835,0,1570072219698452112
27836,0,10911694093402725115
27862,0,12678121800856983374
27869,0,5496277763864794281
27871,0,6234266499869735757
27872,0,10405862801733417211
27874,0,1365119086812434550
27876,0,1365119086812434550
27891,0,17826056261057785470
27899,0,12756014861183899267
27900,0,9489899927673296911
27901,0,5381899048157729702
27902,0,11219247383039643197
27905,0,14744642599170727522
27909,0,15442956837479075981
27928,0,17958932330948438481
27944,0,11620750162064583671
27946,0,11620750162064583671
27951,0,13178617457902027319
27956,0,6284810563847805257
27957,0,16459150490462241573
27962,0,10751314676941840911
27988,0,14920924713042622231
27992,0,2462529780869879905
28008,0,13584449231190848262
28015,0,14113049096374213280
28024,0,11454763152092776177
28025,0,19885947100450176
28037,0,5628257693730121722
28040,0,2526985750981127850
28041,0,13379647447243915448
28048,0,6391838007990600896
28049,0,6877771271282483519
28056,0,2222511590687940095
28075,0,13477804754583723423
28080,0,3222979121067158443
28095,0,17759221674960644101
28104,0,15138612069424512480
28111,0,16408982351883609340
28113,0,12634256706534630012
28139,0,3605916280565645536
28149,0,11581667519774049673
28157,0,4109519475377406889
28171,0,66153323258905001
28179,0,394201490164373350
28181,0,16848700495019004075
28182,0,3965251833202123658
28183,0,16336607689541564383
28187,0,18377977236670913152
28211,0,2473320411791889822
28255,0,13778876445982239670
28269,0,10765018270518995893
28287,0,7384086116041722178
28291,0,15546243713791079128
28304,0,11359914146402137581
28307,0,11529253029939032837
28320,0,257709324535705704
28321,0,14027057215090693306
28328,0,13546941018372137402
28334,0,8660464693477059772
28338,0,10756574017602502520
28349,0,1653627117615118572
28354,0,5461577146729982570
28362,0,18114195338685934536
28363,0,15361174698709394041
28367,0,13021082567749048727
28373,0,3397023292305757584
28383,0,7918829100366724805
28399,0,8461398097506755363
28416,0,5840691104391944479
28417,0,14030174006022030220
28421,0,13862630031843565757
28428,0,13041919890249478959
28442,0,8607633640976513839
28457,0,16489128836564147626
28463,0,7589902586060769562
28467,0,1977462979172095169
28475,0,2527888634129780851
28479,0,9074862629976117910
28485,0,14598039293521286179
28501,0,17419207734289034279
28506,0,16761650624483164483
28541,0,11194085889316675166
28542,0,100698751450077718
28553,0,15876525467928860251
28555,0,5271757861947881669
28556,0,15940013223224681987
28557,0,5549201640913734489
28558,0,13059866933614275685
28567,0,5545407966924166082
28576,0,6816706493481808469
28582,0,14760747156933316836
28594,0,8875969432005297010
28595,0,14234304261339170253
28596,0,14763099477985864151
28602,0,15035753859137567826
28603,0,15035753859137567826
28611,0,12359562638590183428
28615,0,84985745737769064
28619,0,1108569796431648629
28625,0,3424939155789264432
28631,0,12908058116530724166
28639,0,8807496776223915627
28648,0,3681958674655942302
28651,0,8238517305603263394
28665,0,14726807812133542668
28666,0,14726807812133542668
28672,0,4089634349730084604
28673,0,14726807812133542668
28676,0,6082191441785023035
28688,0,3822547314389716542
28702,0,11698843559073966872
28707,0,5206030094420467853
28709,0,86687049739870066
28710,0,14793451900418774753
28711,0,18042223654388456174
28713,0,13703960633303614926
28714,0,3519482903878700338
28717,0,5962803922391066521
28723,0,15382986853325957524
28725,0,7087026836977002420
28726,0,17269766147381593953
28730,0,3155200414262759499
28739,0,4305990879601005844
28747,0,2097520067585764531
28759,0,5815229513671827717
28775,0,9297910875447005849
28787,0,8103413740879750157
28790,0,16743882999078021008
28792,0,14726715546463562588
28794,0,793827006242139219
28797,0,5815229513671827717
28799,0,2846958775097723753
28802,0,14225438962910375163
28808,0,18246737052175275408
28812,0,75587996070110129
28815,0,831821270351421305
28820,0,1242955972668287733
28830,0,15665233377344098993
28839,0,13936093023308872508
28845,0,5944812388972758265
28849,0,5372148003793171105
28852,0,5372148003793171105
28856,0,3081124933175579854
28858,0,5372148003793171105
28859,0,4131494228410839656
28866,0,11887395402103825269
28869,0,1043026950107935408
28870,0,14793451900418774753
28872,0,17362210008977068870
28875,0,17362210008977068870
28883,0,4592014085139925914
28891,0,11784376390799503676
28895,0,7078806721893809574
28896,0,3840267189626841691
28902,0,1672745090161825846
28913,0,6799729185282311066
28932,0,18286687560020510538
28934,0,3989554704341158983
28945,0,7121368726797653736
28946,0,15315154746387445027
28947,0,2131000794056105548
28948,0,12125187650393603463
28949,0,7121368726797653736
28953,0,11374439667405756904
28955,0,13024145871299746058
28963,0,1906762118565387870
28964,0,5128879648567205
28966,0,5128879648567205
28979,0,13456692416191969789
28981,0,4384002335255338182
28988,0,16731169889919473986
28995,0,10583295480396569903
29003,0,7224706817262097378
29012,0,7078806721893809574
29016,0,11784376390799503676
29019,0,1519448677548937702
29022,0,17852296959437184759
29033,0,11432191632769977729
29041,0,9271843224881556519
29058,0,12847368825925933050
29075,0,4085785099449196856
29078,0,2109615761358482506
29079,0,6799729185282311066
29080,0,1424159125711828298
29085,0,7089971112969746192
29117,0,7411417743013106479
29122,0,12274581006297579384
29124,0,16327408210710650279
29130,0,16569484089312242580
29154,0,9837160721709304220
29156,0,9837160721709304220
29183,0,5626649778815368415
29189,0,2535452308836030754
29192,0,7434989769564664691
29198,0,6651377998548593081
29208,0,5917759712802250426
29223,0,5610139274883007521
29233,0,10922987238734472143
29252,0,5967248720253364064
29257,0,9968301439079108716
29261,0,4362119546354672615
29266,0,15378960406638081249
29280,0,3469781662435610751
29287,0,17726218298850073739
29310,0,7803792132382926558
29326,0,6631958242535811925
29334,0,6469564594117245509
29349,0,12762956637282744004
29351,0,11804693138238483804
29357,0,9968301439079108716
29359,0,6139517371368533839
29361,0,16592315023440171538
29368,0,9725445075739858650
29371,0,1137575282570628405
29387,0,3455262918444112564
29392,0,12315426089838387559
29397,0,9415107083246695738
29400,0,17882317870986110204
29404,0,17627871796308002482
29413,0,15062014801801037164
29414,0,13829749567198052492
29421,0,15520386700729496008
29434,0,9151785796225156306
29458,0,4218778438985040945
29479,0,14821833238370277472
29485,0,16563477920573149427
29494,0,2476482953811514379
29533,0,13599539637478690013
29540,0,9278091539260769394
29550,0,2659885075808460031
29571,0,897310436969960495
29584,0,7361774121183533018
29585,0,13141873636120383544
29630,0,12715559663650090913
29644,0,10515767702743631268
29645,0,9357670042688105047
29664,0,12772827778219979915
29668,0,11394067656615084423
29675,0,7799193287585065719
29678,0,1665865145210330193
29736,0,2584346647665817991
29748,0,6928783437814666657
29753,0,10515767702743631268
29757,0,8675360755712850808
29760,0,5374813999153816017
29762,0,9054968653498804513
29773,0,14495403456368284635
29786,0,15046958433729942995
29804,0,2241932041902849082
29819,0,1917002669343651210
29822,0,6069313534086840237
29824,0,18417226471555463540
29828,0,2228765778220654587
29834,0,14077322656800142996
29854,0,14821833238370277472
29858,0,4269574653446685984
29862,0,6510144686366038066
29874,0,17541831932399936810
29880,0,9391555542894811577
29900,0,16876488706999400371
29908,0,13976993387807869316
29921,0,2382818441287835991
29925,0,6047715236773833910
29928,0,5290608378998011189
29958,0,10535223460151018851
29965,0,4757868949749402734
29970,0,12230911655380662493
29973,0,9421672847204397809
29996,0,4043991245702335352
30011,0,17852182781710917702
30013,0,608997301622524540
30014,0,1576007086839675171
30024,0,10609872638377302644
30025,0,16063551344865611595
30026,0,18225086541750088422
30043,0,7391409030681541658
30050,0,7656530656568668477
30052,0,15213928866745758045
30053,0,182222126802293732
30069,0,1172965135515666596
30080,0,16381842873542997973
30096,0,2719548153093178930
30130,0,13029852714907193005
30140,0,8787441021125250949
30195,0,2890781352956456420
30208,0,10486308300628875638
30215,0,10796512765100489461
30226,0,929810421350116299
30265,0,6561064005573529817
30266,0,10171182103383925562
30283,0,6561064005573529817
30290,0,7573301018059183814
30297,0,13831226219055973286
30305,0,3489618247381490405
30311,0,8990004700259517356
30321,0,3653795510196236350
30346,0,9143569935866675979
30350,0,18427991727498086753
30351,0,4609142229904838163
30353,0,13344301691005108503
30376,0,2316914164522586979
30396,0,12954018883548086138
30405,0,2115928593481947695
30413,0,17239933492424054035
30419,0,2095990902696463648
30421,0,7058221932106155969
30424,0,13788882579616195179
30432,0,17034533474265417105
30474,0,17817208369127972485
30481,0,10080970065438853263
30483,0,8066494196220352973
30496,0,6863292251116816072
30516,0,3010738808119756336
30521,0,7905658806650532799
30530,0,9065574307525314155
30543,0,11573803577861435386
30553,0,6125522894285967211
30567,0,4696059136369894911
30571,0,17281617577573469967
30573,0,15713666950154820177
30585,0,3730402536937682512
30599,0,7150235594436901082
30603,0,2536851987828956555
30604,0,8434004960813287629
30612,0,6625016828065427346
30630,0,2194993489642485857
30632,0,7527502697868836433
30637,0,9850658845464749132
30639,0,9081701078491475305
30640,0,17624482196085609066
30648,0,11479739680205133257
30650,0,17609730798205532939
30654,0,4354528316740041808
30659,0,1871073198670284577
30666,0,6095004001720573837
30683,0,9571029360855691957
30686,0,12816843925704636311
30689,0,12954871015476644817
30691,0,7583260148256259674
30715,0,16477776763768311745
30725,0,17621100963264073104
30727,0,1651329635934604517
30734,0,16044563103581094336
30751,0,12816843925704636311
30764,0,7901825813902420469
30773,0,11517364560449173220
30775,0,11517364560449173220
30786,0,1766637955279454364
30790,0,11959208509464191752
30799,0,13286632491664372037
30821,0,10700802699214144691
30830,0,7040977191788202878
30845,0,4435156625918806937
30850,0,2530263772627314921
30855,0,12309842499213027873
30866,0,2070608227238085953
30870,0,17047746788569736541
30889,0,6962522607519596075
30890,0,4926339903143371134
30891,0,1785468757163845802
30892,0,8970650876802438320
30918,0,2856559028231305475
30940,0,15742930540657360849
30948,0,7233960382994819983
30953,0,1289072653326842301
30956,0,6633417270614483720
30957,0,4974182442198743800
30966,0,14551799396499342639
30983,0,7349333404879219433
31000,0,1059959264626671731
31011,0,8217097925337823346
31022,0,15943774754069176133
31027,0,11108114229157643827
31047,0,4894998721461436442
31054,0,14231068873760886239
31061,0,6081434050455814183
31064,0,14231068873760886239
31074,0,8768758669302738032
31082,0,7239032609056310488
31111,0,15623879098782470169
31112,0,16916959121240872834
31141,0,829654645786067258
31148,0,14034624648571279800
31151,0,12875197162840534104
31169,0,850218689118893527
31176,0,15215803870806717416
31190,0,6720570031670313496
31191,0,6720570031670313496
31199,0,617855468325462018
31218,0,3667353658605688965
31220,0,15300855067326294435
31223,0,1156118783156221794
31239,0,13076566822026403020
31247,0,7693154282679074686
31249,0,7748438496891833968
31264,0,17104989137147022251
31267,0,7047862803661096376
31276,0,17057437364717304357
31279,0,9210893561891804742
31281,0,1681397475177506473
31282,0,8172784127124053466
31285,0,6462202119235222510
31286,0,6462202119235222510
31297,0,14612824539549721663
31301,0,13556637403303008270
31309,0,16689340573516317520
31329,0,17174495815309099341
31345,0,2354914960457310337
31377,0,15475768394602356445
31378,0,12354327861567304233
31382,0,17216249659937489236
31385,0,1364057605389941575
31390,0,12582522258989134962
31396,0,14273000809489537738
31402,0,5461358453210431915
31403,0,999263278377298998
31405,0,1588420114674322764
31407,0,556612828480344823
31421,0,3537229845854370517
31432,0,6462202119235222510
31441,0,8184680149162078980
31444,0,16229280996996710580
31445,0,12493840493535891303
31460,0,15567314804815143510
31465,0,9492817421575708080
31473,0,9824469234284129343
31475,0,5208568650871035051
31495,0,5943412772320741438
31496,0,15893504100486527961
31507,0,10273761258534837972
31513,0,7274017315908639286
31538,0,12248330636595744208
31539,0,14533969266742212163
31542,0,16712827861319575794
31550,0,10130019504723065282
31555,0,2732593202554528078
31556,0,14257916714511863004
31572,0,9102371574372533117
31580,0,3427598105003418847
31583,0,12707180667209269458
31586,0,13172250078869525802
31588,0,15845779804705413884
31597,0,14271034730564903821
31626,0,5972778416481061933
31642,0,13352755328496999371
31653,0,16962417170348031297
31668,0,9337800197497112839
31671,0,12720614516364107327
31672,0,9240440997945605520
31689,0,7021984293677782104
31695,0,1180701123175277962
31697,0,765019566671832773
31698,0,3017226875040518440
31700,0,13410109462116334446
31701,0,765019566671832773
31708,0,13724560017831357478
31712,0,12240546175986478577
31714,0,12240546175986478577
31717,0,6586686368883729056
31724,0,1829920271334341114
31728,0,4751124775850869891
31730,0,14440485214997828155
31741,0,12159824622609593281
31757,0,13901201832031021899
31765,0,5241381321790803811
31776,0,668671556467443853
31792,0,7161850376804453386
31826,0,14781561554730562533
31836,0,4861322946390225345
31846,0,17290159738004245295
31847,0,3798998672322053757
31849,0,7038659979031374364
31851,0,2632497204814682490
31866,0,17680930573500816088
31890,0,17675129907442612020
31894,0,14699428552417003535
31896,0,4298233096283829118
31902,0,6390193600793416767
31912,0,5691906973789248349
31915,0,10281908712662558319
31922,0,6731651385573299567
31928,0,2146598936955502858
31938,0,13496199387625129402
31944,0,3798303827845356295
31946,0,16987442582059821407
31956,0,4271316563562743646
31963,0,6659792713380349089
31965,0,10337512202054840760
31971,0,6589765610536364754
32001,0,16436249550347200393
32013,0,660555880095225715
32025,0,18244405282219332678
32028,0,12240546175986478577
32038,0,13668830176856155032
32044,0,18292408849823754374
32045,0,4917953855524466597
32063,0,3209955883141506280
32064,0,12960391652739162235
32065,0,1852576519908906470
32072,0,4654512660689162942
32073,0,6564079777789900386
32078,0,6681278397684491511
32082,0,6765285177333065100
32101,0,7211246048066308819
32109,0,11147782717329039953
32113,0,10609539744952508122
32116,0,1258586177738070215
32125,0,14249666006352715948
32127,0,14175704495836396731
32135,0,3811029529879558148
32141,0,2614002939461097639
32172,0,5767128797573426761
32176,0,11484273505626876712
32181,0,6527674965865666037
32183,0,3478834732992381932
32202,0,12342964246793108155
32203,0,16201020192698000991
32208,0,34393227200132725
32240,0,34393227200132725
32248,0,5767128797573426761
32253,0,14707443851837240005
32264,0,15617561861552981123
32295,0,8886169278349654970
32303,0,941974929699447385
32317,0,767444479555382372
32321,0,10887085511963808035
32327,0,12547584692171244633
32344,0,10334890911526624895
32362,0,4165901289876063812
32368,0,11984061218007604561
32382,0,16073942646796012525
32389,0,1790940204930390565
32408,0,8351070498008692945
32416,0,8082394738111694328
32428,0,6206299015171630699
32434,0,4564937678389170594
32443,0,6934055155462481298
32450,0,366219828439429496
32455,0,14903150952144854351
32457,0,6368561212946976325
32458,0,5837088457274387067
32465,0,16023296275305593016
32476,0,14755221408666796071
32480,0,12715680068292471899
32481,0,18009908502502223912
32487,0,13772513496597501828
32498,0,17184227544416314455
32500,0,2315423355762290675
32509,0,8389766266360007008
32515,0,6258992452836001193
32531,0,10609539744952508122
32534,0,10609539744952508122
32539,0,2613821352281834301
32541,0,18010214232748444257
32551,0,5175777565958337725
32563,0,16955496972439761695
32574,0,13959812703837521292
32576,0,4270340211882682118
32577,0,4686361637957490119
32578,0,17472745873376823458
32582,0,11711776068182282269
32586,0,274979899394117043
32592,0,10839160089410833608
32600,0,10335771160305764502
32611,0,3889471636679491638
32616,0,2313772148167605372
32625,0,6323815326702945609
32652,0,12705203479516695893
32662,0,14410904293449545106
32673,0,3787912303012717684
32688,0,13440677286863053165
32690,0,8162434844247655013
32702,0,4035335672889173653
32728,0,3230300809111343052
32757,0,15090200890333009285
32759,0,14255075758503941245
32811,0,14029737380674832364
32818,0,6001024796153362545
32841,0,8716679614434073463
32844,0,2018140259443017928
32845,0,5567606215823874503
32864,0,7050709917404792086
32868,0,5769158579516255392
32869,0,5802176355968195636
32880,0,38590068995329328
32883,0,1626256428404643974
32893,0,8634445936669904082
32899,0,16290164948555995266
32916,0,17942958365177685511
32920,0,7014099368277314280
32925,0,4838956635085499207
32929,0,13376515768462735334
32934,0,11884861965569485313
32946,0,16348001583609435038
32948,0,9993120221869875182
32951,0,15168800967046830867
32958,0,1976916464295125506
32965,0,7130250037888824249
32970,0,2379097381407729200
32987,0,10925489686834159761
33000,0,13459341319922561396
33023,0,5499570569813564622
33027,0,16448857695348314026
33029,0,4103506571394217605
33051,0,1647270910676979533
33057,0,8183874319289951224
33066,0,15720766552771253210
33083,0,14683509713975608604
33086,0,10436644034609515917
33091,0,14334962467025837736
33106,0,15128268691590069509
33118,0,9900485741751011377
33134,0,3316964780634475622
33136,0,9973718339387628093
33149,0,5831557495627406898
33150,0,16756815287900375399
33159,0,12207310954428269332
33161,0,6451133182557270667
33162,0,9703016900760418034
33174,0,3660050826462486160
33182,0,3940128096419500225
33186,0,147636568742342597
33217,0,7955616352244240056
33227,0,17253061429152784453
33240,0,10530627043200059103
33246,0,8775770017264444880
33258,0,17446362055746895999
33263,0,765220862632489733
33269,0,13766606496866095847
33281,0,6052071466696209271
33312,0,15955337868533354008
33318,0,17336084094602062858
33324,0,9126290153869015013
33327,0,9126290153869015013
33328,0,17803726145905546545
33331,0,5900256952861000208
33357,0,286295731238158111
33369,0,9653804333094007580
33376,0,9973718339387628093
33378,0,7712925408591190289
33402,0,910382497394160061
33404,0,4263531180927450916
33405,0,11011942365652239401
33416,0,9967658096998805240
33425,0,6729359584503302437
33431,0,15438816421979639378
33433,0,16543738677505476774
33438,0,4364398734677326290
33445,0,17817739162441972408
33450,0,8143197756426916514
33452,0,4081692357176787744
33453,0,2473910162253293748
33456,0,2719302482464657161
33468,0,9892899309791825721
33474,0,13027441581951932440
33494,0,16132621664981769134
33501,0,8270853246857652694
33513,0,3342750824000490942
33516,0,803726433417464288
33540,0,17007033190446307306
33553,0,4929192402552585999
33560,0,1338170164300677766
33568,0,3752741493003089143
33595,0,5330916243577450161
33604,0,10281706237053598587
33623,0,7436218216644721939
33626,0,9180572629289023116
33629,0,7735893442978034585
33630,0,14336167163639398598
33638,0,16196430839156078108
33647,0,12072341944292413224
33671,0,1729288842027119303
33684,0,7129952747121242396
33686,0,14268451455525847431
33703,0,11979970476520329549
33715,0,16648837341906872116
33747,0,13152516995734782042
33749,0,9180572629289023116
33750,0,3039313662567051105
33759,0,3707541115670391975
33772,0,8303336884291566050
33774,0,16944217874853590428
33788,0,9753878042695536572
33808,0,9740380317348371578
33813,0,13152516995734782042
33825,0,9205129609159684428
33829,0,9205129609159684428
33844,0,6753715426301742376
33847,0,8126955467779354469
33849,0,51702792069363117
33863,0,15281771315607680208
33875,0,15269545046932300591
33876,0,9815681284930956980
33885,0,9866695739887409321
33887,0,2256929465114297050
33895,0,17825477284693159954
33900,0,16860641010086095162
33907,0,2193748775925494346
33921,0,6676262213630585560
33924,0,358854507493618518
33925,0,13145154526997152609
33957,0,7262217003779720053
33968,0,2187405291090781589
33969,0,2187405291090781589
33975,0,11814070590017811337
33977,0,11531310184172623965
33981,0,6042451330252931697
34003,0,9930515180017895576
34004,0,17040559183748406245
34006,0,6294740909591538360
34007,0,16351323921730009936
34017,0,12881280594990417137
34020,0,17547520585615175978
34024,0,9890431409867321263
34032,0,3090875410604554797
34043,0,2942132353117839674
34087,0,5642262279050914538
34088,0,655616514454924493
34099,0,16754972042855826658
34100,0,15178317037876414909
34116,0,16852158485959508219
34118,0,2319112981466466810
34126,0,9149569389857865367
34149,0,16273870808547763700
34159,0,7401246205848068713
34162,0,12527524778486601230
34177,0,4857326220823324397
34185,0,8339475801806133180
34192,0,4862129948081439938
34195,0,2319112981466466810
34197,0,15817939635394816541
34203,0,4695661424318011745
34208,0,1401286532671697245
34213,0,14748068647043311042
34214,0,6367150767864683335
34215,0,4995009370461067916
34220,0,4424402650269750697
34222,0,18305431948566341575
34231,0,13935670809556982762
34237,0,7818455781448506832
34244,0,11186697806716089656
34277,0,12087878352373703447
34281,0,9263577425858481964
34283,0,2936582273874147731
34316,0,11337035523745372035
34329,0,1004226778289312441
34330,0,10009029120818644162
34332,0,8196570907463731555
34339,0,15308083844858759395
34354,0,5204820476062861645
34362,0,3556986158497149557
34391,0,17574724870799727218
34395,0,3228998650810169098
34396,0,4103732553956721436
34403,0,7940769694885055307
34416,0,2194144110510353892
34417,0,4264623109230231607
34427,0,15407002306877087100
34436,0,7963782562315996565
34439,0,1349602551940124603
34445,0,15849402249320498833
34466,0,11967649201936552319
34479,0,17743126156975595153
34488,0,2065631888261108192
34497,0,12940167661656703239
34510,0,13688113669128646556
34515,0,17160786311829031295
34530,0,10776504043227063348
34534,0,15007503941847898274
34539,0,11295493728101422068
34554,0,1132981287416340079
34561,0,11987971774336630748
34564,0,12057362277795396450
34586,0,10870475718066624148
34595,0,17728865719380937941
34597,0,6990929826943274379
34608,0,9721811282364239421
34610,0,13843169427061770892
34639,0,933509779502376984
34641,0,2358801403725473662
34662,0,16688973880675428346
34664,0,6892831361349479634
34671,0,1490602280059566660
34672,0,10735892858755454655
34678,0,9913198725079915162
34689,0,10699622689191801360
34727,0,14657934289088461664
34728,0,7337809099005953195
34748,0,6748686954059430098
34755,0,1103605017076567904
34771,0,1318638655514934149
34795,0,6684843292731033614
34810,0,2911922013056358626
34813,0,13625223535314184853
34815,0,8060485486875839437
34817,0,4491429757558938163
34821,0,13103154445988396691
34827,0,9143576993544048425
34830,0,9595074816047835482
34831,0,15486686460906613800
34835,0,10213074230200367803
34855,0,9934262063075934224
34865,0,18337227613736202762
34878,0,12888284490717001037
34880,0,14002868456739301678
34882,0,14720304646111565357
34883,0,4614173235010814232
34926,0,368286070575142324
34927,0,16951508565676284529
34935,0,7321352203442087166
34938,0,7318620007323011389
34940,0,10660232045031800110
34942,0,15694712814174047879
34950,0,16304997095332566287
34954,0,1334201986939683840
34958,0,16644571509051630735
34961,0,16708612258544089919
34963,0,994642169576639409
34983,0,5860579311233531358
35006,0,7581949806157282451
35020,0,4528529509724849086
35029,0,3509342911613452647
35030,0,8670657902594376865
35032,0,2871438946802869274
35037,0,17670608592713430801
35044,0,9963427307276079040
35064,0,17859723739801168066
35079,0,8773431263504870096
35092,0,12040073791242187133
35101,0,12346485935964669445
35104,0,13342174822209835840
35106,0,12256703202925710228
35108,0,15190850807667435700
35111,0,13342174822209835840
35118,0,18385916880408826910
35120,0,13905870857752160048
35125,0,14292437410999669308
35127,0,7172856826779131753
35133,0,18035258664420185136
35139,0,16557012563693351505
35152,0,10363957690085949007
35197,0,7020482859434486017
35214,0,4935297232518944152
35216,0,6123924752834525251
35219,0,12170501960143662500
35222,0,13630795257535027986
35232,0,9043692964106836455
35267,0,11887096484452336631
35268,0,11620446799966626952
35270,0,17705324895106451936
35280,0,13480645947813621234
35282,0,4849629168191047503
35285,0,248252504383018548
35288,0,11766288564225684570
35290,0,13515565053720930273
35301,0,10846368651310315780
35302,0,14262392790294159122
35306,0,2323686649509081707
35307,0,12706456638928666485
35319,0,16973594034593810533
35321,0,4464683797134610060
35329,0,9509469155782448351
35337,0,255609819722492287
35358,0,1438819562309397076
35359,0,3555120376628654401
35375,0,3996081810827706680
35400,0,2123204874301387553
35409,0,11321685566379652321
35426,0,10326245753818265894
35437,0,15493495690138920326
35462,0,11471025452080016049
35465,0,3159845157276630871
35468,0,6794678117988677586
35470,0,3311113399376637289
35475,0,16283915985415348672
35490,0,14903580425210940710
35502,0,8623641485838512448
35508,0,530785451677357753
35510,0,10194713749422103936
35513,0,12750868346657875103
35519,0,6302304554978466013
35522,0,6400006134521771081
35529,0,3455612041434523523
35554,0,15174611355638202217
35557,0,103496824967634879
35574,0,10472711769885307815
35577,0,9656887770866010347
35579,0,5794514943430656707
35583,0,16143962139855332218
35595,0,12730391671524583654
35604,0,4604731562036714429
35614,0,7988633880954612602
35617,0,404486983701474697
35625,0,11515476685516422169
35626,0,11515476685516422169
35633,0,13246452115662712062
35634,0,17042266989064093666
35644,0,4421121434994698165
35652,0,12837124125683055920
35660,0,8446389158078480555
35667,0,10695741538833369515
35669,0,7922998125988054310
35671,0,8446389158078480555
35677,0,16542942563072727908
35682,0,9377779519312846106
35717,0,15007738043802054172
35723,0,14865068054634828494
35727,0,7714191532630362787
35728,0,3830626050728160462
35730,0,4166193274544560029
35744,0,3161726123444357767
35748,0,2451358629070316128
35753,0,15761241492197477811
35759,0,6049293295000252865
35761,0,8056965877704650441
35763,0,13497113115364285670
35764,0,8551562297605902267
35766,0,15754590098807352518
35775,0,13121605143783185656
35793,0,8056965877704650441
35795,0,5719858446043510991
35801,0,8569390618267426058
35806,0,16991471752159940556
35811,0,5042045244463394504
35815,0,8489096219048390840
35820,0,9444627742278820023
35825,0,13423804759789793477
35837,0,14110682849319697505
35839,0,3587665350577010986
35850,0,9285110665253458973
35861,0,17406722124031404751
35864,0,13542038755957066160
35871,0,17035614518026353247
35872,0,14338076766324002687
35879,0,3471352847599592965
35886,0,8348430422281403289
35899,0,14243347674549452479
35900,0,2911710051043390563
35904,0,10928807774579746808
35905,0,8213872272729196341
35920,0,4108868291057418068
35924,0,16454562148724056873
35927,0,8576459089745358472
35934,0,15901199739355894224
35946,0,13527557581433260032
35962,0,10928807774579746808
35981,0,15532486978309201220
35994,0,5376004236628349413
36002,0,14652512434015059366
36008,0,4880714766853142942
36011,0,4077463562805398611
36022,0,14611019791707461099
36034,0,15771583562247209969
36055,0,12491083474673033517
36063,0,5830259634469949770
36064,0,6631818572019057381
36079,0,17817284036565657106
36087,0,5938108713130158803
36093,0,18332363317920845871
36114,0,18327092869733239891
36122,0,17331697316512455056
36123,0,13275797979350715682
36127,0,2832053780576830992
36142,0,4737155254905824305
36148,0,2979114922593702201
36151,0,8208640626000972493
36153,0,15744962141702788262
36154,0,16724466255678543344
36163,0,135018330889839910
36167,0,8208640626000972493
36171,0,12119723104415226675
36177,0,13599175414278753788
36190,0,16590594462098796781
36195,0,12164206297695131866
36200,0,12525577117588147878
36215,0,5886643570039169572
36226,0,18229347940789629969
36227,0,8415120535732899781
36236,0,14118886100580336858
36243,0,16205313269261269133
36249,0,245629093277301632
36270,0,14564371651447251094
36272,0,13983451761968877106
36296,0,10774521395219180852
36321,0,3520667772058541004
36325,0,5145951913652073518
36331,0,6284057723833171340
36333,0,18144793454164237672
36339,0,15591895942528982988
36349,0,8490334640760012203
36350,0,8490334640760012203
36356,0,12573565052654089180
36358,0,4183012595237656423
36377,0,15494357243226187991
36390,0,16168788846566847543
36405,0,4248922568887525986
36410,0,11977858001908877613
36412,0,9527241980158512896
36415,0,1936285337965734942
36429,0,8489655313140412001
36435,0,5193204825054609070
36452,0,2177647076814860116
36453,0,12172952887693291313
36464,0,8373399270083420993
36470,0,14644290422610541144
36472,0,9834461896680788339
36473,0,8741117606944105862
36490,0,7663156347650480922
36499,0,11532612304135232600
36504,0,11948030189948022327
36509,0,7738361384129523671
36510,0,15825097359269437451
36520,0,14574551986615958167
36526,0,9227227515033888540
36528,0,13364144147363914458
36529,0,18381826795426410610
36540,0,11912547988147454237
36554,0,3467354790949174813
36559,0,15826162167855108925
36561,0,14644290422610541144
36564,0,15387076315310876177
36570,0,9322698397180673307
36581,0,16768776035830728342
36600,0,18196027611975052973
36603,0,14511348715697231654
36614,0,15762162485652877846
36618,0,5913679006248643240
36623,0,14246948908654192917
36630,0,1151322653526452394
36631,0,15324484132437812346
36635,0,11468126890888608945
36638,0,13655279751074232182
36646,0,12764476211981913024
36654,0,14704137794122304104
36656,0,7084392759588628231
36660,0,7868265417577189806
36682,0,575988537080744299
36702,0,2869418964588151271
36733,0,12076115209203387449
36749,0,9792612415537880369
36758,0,5158646013513104112
36759,0,9433891036670079250
36789,0,15165001641059064588
36798,0,17513461467966717623
36804,0,4413032522521914418
36824,0,13843920312793347137
36843,0,2999813478087151606
36846,0,5171177762100337990
36851,0,16383536511465549210
36853,0,11825973819543061215
36869,0,1567429416539152212
36885,0,4755744395926793352
36898,0,15832060032600275218
36904,0,17277096925336913952
36921,0,12267699151150057144
36922,0,3367346922744617521
36923,0,13460568678112058409
36933,0,9195384803329622956
36938,0,11900650926627300981
36944,0,1888801924356525199
36954,0,4148224284354064751
36955,0,7438378420976924563
36971,0,11431442941209151676
36977,0,11208961163300912362
37004,0,7271629820717041851
37029,0,3846931345893781014
37032,0,10663484080394112847
37033,0,3116002755656338142
37041,0,17916780451418542505
37043,0,7604067536890471924
37044,0,4902487556455209352
37052,0,3895018535153522591
37053,0,9556331915447014082
37080,0,16652894305881296015
37092,0,32973530471203481
37103,0,11626597584990097196
37105,0,11494571546955917751
37109,0,14980932407366907384
37123,0,10943829549074593838
37136,0,9399510607915173618
37137,0,9399510607915173618
37149,0,3112585780787367322
37155,0,17861782046307971803
37160,0,5635723188892576475
37168,0,10664781073861696963
37169,0,17733087930909385434
37170,0,3444078810390969621
37173,0,4008138102959668467
37177,0,10178587000179862098
37181,0,10664781073861696963
37197,0,1279115329494809687
37200,0,1279115329494809687
37208,0,5129229607651676205
37211,0,4724231094182307822
37215,0,4724231094182307822
37219,0,13296279277706733551
37231,0,10893794016219908572
37234,0,11850210794650911464
37239,0,17128953027664917562
37247,0,3269679478514197530
37257,0,14972179883126152918
37277,0,13097414183059207561
37280,0,859432644486024292
37281,0,3448914669600942709
37304,0,1616631574160697692
37327,0,4622435108129351864
37337,0,12437502999435101983
37341,0,10299733529746036223
37345,0,5298822409099736010
37346,0,4446822465572231047
37352,0,17872252920318355350
37371,0,8713483992633303580
37373,0,126009813531876413
37383,0,5270887009133743822
37386,0,445551442879380039
37388,0,11851670018973108001
37389,0,17971759383004804053
37392,0,15617300068751331023
37395,0,15617300068751331023
37397,0,198065386735650933
37400,0,2659185635140242482
37408,0,8565160360726156725
37414,0,12526057635753571566
37456,0,7839609652339679740
37475,0,17701239287180996196
37479,0,7909521575333063723
37486,0,2801302365559459498
37488,0,2407084452255855242
37493,0,16449939237701584734
37495,0,9380136885274221277
37501,0,2498284751939823998
37504,0,9900465417917588948
37505,0,11279912595664249186
37518,0,13592249610063890143
37522,0,10789228593970968857
37532,0,13898371440409865659
37540,0,3163097159137245362
37546,0,7281147752203342230
37552,0,10228588627279418091
37556,0,13708786555012314779
37557,0,13708786555012314779
37571,0,14359132007309416570
37596,0,14070643365333975076
37597,0,13536935334065934848
37604,0,6748386398513883111
37616,0,8896589494776411679
37617,0,3804060949848839834
37623,0,7692774056051918808
37629,0,15132361921663049975
37644,0,3011945817957810810
37647,0,6804186365698660563
37649,0,14586632979562733197
37652,0,7900687382157810495
37656,0,6140497324284061819
37657,0,16816600445655682142
37662,0,967539222095735711
37669,0,17269677098523437692
37671,0,10161425088940988048
37675,0,13351348425981246541
37679,0,8014024387437663991
37691,0,7534262974741900202
37706,0,9646716501211490219
37707,0,8446008047922872650
37711,0,13513486539259316421
37713,0,5777435891135124322
37727,0,4449687369005804881
37732,0,2024016552891102027
37736,0,11456118616605131800
37739,0,1359848293388140074
37744,0,14161403118937726646
37754,0,8131542248489843754
37756,0,4517960968569870551
37779,0,5942316198865209340
37784,0,6929430157498092200
37790,0,16537200154391559176
37792,0,348996938711503334
37802,0,3603859051839278074
37804,0,17319623483960692768
37809,0,8697395322711908790
37825,0,1635536857381961403
37839,0,1867478712519560453
37840,0,738032104820569235
37850,0,11845682914506526085
37891,0,13943835660227045281
37906,0,8490001086705181750
37910,0,338081660376926556
37912,0,1950607335978867407
37915,0,9427188629476638334
37920,0,15682608770361638798
37932,0,17966317749773762263
37947,0,7342040322293388521
37951,0,17481367815949200430
37952,0,17481367815949200430
37962,0,2137717868362967988
37964,0,11850694744837524092
37965,0,5164561102345951302
37976,0,7007871668619727512
37978,0,11144343703195915177
37987,0,10516478405572181919
37988,0,15315029217266435111
38015,0,5992882315967960465
38020,0,14208158017968705774
38021,0,3362433498436644420
38025,0,2717564343695279
38037,0,8859497890160382676
38040,0,11586787153115676809
38044,0,2603007861851563061
38058,0,11094824292850380325
38062,0,8826248164454366482
38066,0,13946099640825620078
38069,0,18000146616271363160
38081,0,9034710818266808503
38098,0,12782614655680833977
38114,0,5558203636724534364
38118,0,1563775188417336332
38122,0,15907514007234298816
38125,0,11734101883260102589
38127,0,15067625209768844737
38133,0,3360373990729108948
38148,0,14322308807708757333
38158,0,7272176394829009438
38171,0,9229511857028768632
38174,0,12936565342279483090
38189,0,9820969724447678418
38199,0,2961305103597198483
38201,0,5523632399771185074
38208,0,13918506837113748372
38220,0,5116496227002036056
38229,0,10960043800616667639
38238,0,6092825334339099540
38250,0,12523514127002312702
38269,0,17729697230240536786
38272,0,1977127922912274052
38289,0,17684318761613793079
38295,0,14202553067189963093
38308,0,3273637578415406572
38321,0,3223709043080449870
38333,0,8517848657994526273
38370,0,4828122345595206597
38381,0,17417607550460769296
38384,0,11421372634811801226
38389,0,2139886321784793781
38393,0,14175392089856752712
38394,0,14875031918804748454
38396,0,507618366889205365
38397,0,14875031918804748454
38402,0,232368769252020576
38417,0,5018630679943792597
38428,0,8241734263732057018
38437,0,440074537885299749
38438,0,9344064991315641633
38441,0,14055545701658307933
38443,0,16531873751877138404
38447,0,6464331639702168193
38451,0,6248346262194349800
38457,0,10899066175262834656
38473,0,18026644909330315740
38490,0,13997242750292163946
38497,0,9121243410541555174
38498,0,10251578177705352710
38499,0,10251578177705352710
38505,0,9506281467210962943
38508,0,2358342384464503302
38524,0,14035109992916872680
38533,0,10704940627517500419
38534,0,3296918369882513044
38540,0,84405261042388722
38543,0,5836841178272102285
38556,0,13859066025097422655
38560,0,12817780452885332891
38574,0,2918367505144728238
38576,0,17362417491591291932
38595,0,27627851669436655
38609,0,12728888958787024426
38630,0,6277834341216718786
38634,0,2828047705848019237
38636,0,14983005534820905409
38644,0,12440381063444850182
38660,0,5951094181106415653
38662,0,13110979204276978676
38663,0,16171703741080631574
38677,0,1830957791619286952
38681,0,8787606156727607048
38689,0,18394394255532305294
38690,0,15889793161056068651
38699,0,757798463255900960
38709,0,9477149044556144093
38714,0,16315816690041299354
38717,0,16016220883665729019
38737,0,9532336058287230316
38739,0,9532336058287230316
38744,0,4808721600646575707
38745,0,3416291688607275594
38749,0,4398340219497282636
38756,0,10293205420667336410
38762,0,10054190833406098786
38771,0,11891584623247073838
38779,0,6231521807533205845
38796,0,9352005834850597815
38809,0,17280197116689683921
38817,0,10179093591121207971
38819,0,3792894614195940856
38834,0,14274559956987525564
38847,0,1473913940453471144
38851,0,17516644739028948590
38853,0,6281639085560470819
38870,0,6358524274340410670
38873,0,2556910301527864334
38874,0,9822249494095597854
38881,0,6129941590433897350
38906,0,12458914535604759299
38910,0,2172568393789082605
38914,0,6871979785241041360
38915,0,2727060626321830560
38918,0,8902577702054733714
38919,0,8902577702054733714
38921,0,16425538799657721554
38925,0,17039916646166829033
38938,0,14783040504168298158
38942,0,16492214409631285230
38946,0,17837608586817185983
38948,0,13627502206065231350
38954,0,1813258448947547967
38956,0,12281496985458932781
38958,0,3339355757195500810
38959,0,15334013766977395217
38970,0,8722776120925733589
38975,0,5928182798041897323
38984,0,12430884308774628162
38985,0,779718562361241167
38994,0,1839370176541095453
39001,0,4721306058407542577
39006,0,8687424872897270275
39008,0,15794833084367271019
39021,0,10134297007853836415
39030,0,13674988153927930668
39039,0,3841505266403296681
39041,0,13128894503900381266
39042,0,3040773671907535031
39060,0,3226019016266486103
39062,0,9846278300344911762
39075,0,11990703197329036656
39091,0,3483847081266792548
39104,0,9261924189930819884
39136,0,17945988918598603304
39144,0,1774486652277107265
39151,0,4396243857749060985
39168,0,11731107902807821092
39176,0,9791685122572901024
39179,0,5991704082907049384
39180,0,8083551140632430722
39191,0,12673804783358562566
39195,0,15761753383324815115
39196,0,14176201410296194617
39206,0,11607339105321434103
39210,0,9616326775945557746
39229,0,8553691796145714966
39249,0,17075582361849266075
39251,0,17818413116104015788
39256,0,14714392794813884432
39257,0,7735446094902895066
39267,0,15877531983426299727
39285,0,13108724174756792841
39308,0,3152638922687260227
39312,0,6102249625432749655
39327,0,6108356573772185640
39333,0,15057688553357923728
39344,0,6185132937321908722
39345,0,1678293250970406593
39363,0,5131813034507279210
39370,0,16663637248173145501
39379,0,2558387553742349118
39384,0,69392911810886683
39388,0,10745770964753967633
39396,0,14431086523658696430
39401,0,10464623005742488663
39411,0,11516196054335218063
39433,0,1414787642643631989
39447,0,6560576748849107955
39456,0,7521728366619807625
39479,0,9646091467793206508
39482,0,14460103619352878510
39489,0,12441666281052356224
39493,0,15752247509159215949
39494,0,14245689156479485051
39496,0,3647232890328423527
39506,0,10802370195623994854
39513,0,8889627225088192756
39518,0,17871286105078566355
39530,0,5702130977587393997
39534,0,15665800617037441861
39538,0,11826999070582384611
39539,0,13370260401997261462
39543,0,4291538626202257992
39546,0,16193004542159021503
39557,0,4317544800283021382
39561,0,10209938001796755528
39569,0,10546176452085010049
39578,0,5978292494333023662
39592,0,7097548183042534707
39594,0,2693987891306025650
39614,0,6413914005496392003
39622,0,12955776886117565700
39638,0,9997909624669437843
39653,0,7859913692680106494
39660,0,2756504981932720046
39663,0,1472277657799967334
39665,0,15882987707247469560
39667,0,4071794861448646998
39668,0,12757339463024040836
39692,0,14280674491184601536
39706,0,7472333002019821152
39719,0,16132311773514559102
39721,0,11491681028468622174
39730,0,15079928377222240505
39735,0,5749563171144300389
39736,0,5406127104488579513
39737,0,15596512831047676867
39738,0,3371681775374723345
39743,0,8131171797084428043
39750,0,12349038066027796685
39764,0,11280098012452961150
39799,0,16088107997719413692
39810,0,9585640539437483297
39821,0,6909989111236937444
39827,0,10775195663989795051
39829,0,5384211547990363416
39843,0,9791869637636544663
39852,0,2559110466737000562
39857,0,9163820318321749911
39919,0,7989949843015805080
39923,0,98592547432524114
39928,0,5362427076047611248
39939,0,17696118965904514376
39952,0,11115461169844812782
39958,0,17791122705855549135
39966,0,7950053237492505484
39968,0,13217310028474530764
39972,0,16178237127679688587
39975,0,16116930275111690697
39993,0,17505029420981365469
40012,0,9898670972236856090
40027,0,10143587424919511194
40037,0,16946588628755862484
40038,0,2144635841304599364
40050,0,13116643721361111270
40061,0,8395050804277615926
40062,0,16559619777501164666
40081,0,5656272733024091733
40086,0,13066231961321834495
40101,0,17758063397634505512
40130,0,9790485041359842980
40167,0,9807174745337301841
40170,0,15568750241114828288
40174,0,17469360281136770054
40176,0,4415952466657422612
40177,0,6710498043429288899
40178,0,5521167401512414345
40179,0,12438521378334131456
40202,0,290040730191589813
40221,0,12352088727926806635
40223,0,1414690697478587774
40231,0,5657100674537191753
40232,0,15875528748552494294
40248,0,7417434041715504746
40249,0,8788243875068329316
40267,0,15735125207400874306
40283,0,10780080274964712630
40290,0,15471737670244092495
40291,0,6435614259586496491
40292,0,16411196657271715958
40306,0,2577026066536853421
40308,0,12444636916335901757
40312,0,7769087805583698760
40323,0,10843552329950886883
40325,0,14433658499056855450
40333,0,15131871416605960480
40346,0,9358222989833776920
40353,0,17530772796097090893
40354,0,13829064990868527833
40361,0,17154557714976692158
40379,0,4156286484467131262
40395,0,16414058690464189275
40413,0,1507270516266679770
40414,0,11873246865135920672
40421,0,17082963138172574424
40447,0,7786663845307689357
40450,0,9411121439405027301
40471,0,7793230354790307636
40473,0,7027827368399062281
40484,0,8858775512365859320
40487,0,13715210941389942715
40488,0,11859195950247518524
40501,0,11445835435055918446
40503,0,8881680363227490052
40505,0,20190951239869516
40507,0,3353702767336552735
40511,0,13295540847433841750
40521,0,15397513472216196960
40527,0,5642349265610117260
40528,0,4984951241893866657
40533,0,3521736127272317620
40538,0,10762066304995889314
40539,0,2142992092559647552
40565,0,8535230877873630178
40584,0,11165511245359529561
40596,0,12435718082958959956
40602,0,18373773030651188220
40603,0,16912736271998585950
40617,0,18389024968196088380
40620,0,5956971081993666396
40622,0,8435336441139792519
40642,0,10823693821499421262
40647,0,17361062386236506808
40666,0,4133296598736660609
40668,0,2580975198600181034
40679,0,13409581849270439838
40694,0,15863131854793956155
40696,0,18274477700885768253
40706,0,15543098643998503448
40710,0,3111996142911841159
40715,0,13282268557220066104
40733,0,14278901165273067894
40736,0,807951345814845721
40780,0,10025593829571932652
40784,0,9687858937118876742
40793,0,2060292181560278986
40797,0,10640891556778717171
40801,0,7776637366883320930
40803,0,1705860569536819303
40804,0,15572024275712962249
40805,0,1199781390650908766
40806,0,15572024275712962249
40821,0,7020494387989793791
40822,0,254775457409434055
40825,0,18167772337574471779
40835,0,17171782503176996988
40847,0,3139451488755279751
40852,0,5461134671586433594
40859,0,3445288067935025115
40863,0,12784880111101544821
40878,0,17181189134871531155
40879,0,4156005986952335223
40881,0,14991668546171480554
40887,0,568539639952707989
40890,0,3276587997094613667
40912,0,18410261146876230418
40923,0,8083952722849152762
40926,0,3989091870344739368
40932,0,9938716580796018314
40938,0,5451466980908247405
40939,0,12791228756418564504
40943,0,6436960813527981380
40956,0,6171184962708368901
40968,0,17340287080710442811
40984,0,232280620065418785
40994,0,11007139331563066573
40997,0,12895853008261307799
41014,0,8917212523672226063
41041,0,1969364350219667862
41049,0,8821021519220891024
41050,0,14315917125825049321
41051,0,2035929593808314551
41055,0,17883229496145617439
41063,0,7190075577874779490
41071,0,12294269150962803693
41075,0,1903759259439437935
41081,0,13608911616607723818
41087,0,96490515329167463
41095,0,146090670523101101
41100,0,3728163862403330643
41103,0,4207611283864097297
41119,0,14142492577199961694
41130,0,17218334529769676859
41139,0,8795264255497926865
41147,0,5907383926543535250
41157,0,1075697194820249425
41158,0,15757520239260553174
41163,0,5125851550300805703
41164,0,18214537984582977644
41169,0,8912027017943231851
41174,0,7272670556740331525
41178,0,10042995208669577043
41179,0,8461956796981724551
3,1,453825547905467609
4,1,15875549336090788224
5,1,1851785167767430782
9,1,12724480706937982474
11,1,12724480706937982474
25,1,18343188561817189494
33,1,3925753463669813421
48,1,1402478965046870489
55,1,2122706996256137639
103,1,2996892951246542422
104,1,2996892951246542422
109,1,16306419650669084493
121,1,1234043505946095071
150,1,2414439409107677178
151,1,13854120273367761012
155,1,14661803021303189547
165,1,6058530819800850716
166,1,14853711956436047478
174,1,12128802216922237597
183,1,5400410236454123362
195,1,4554880004959830236
218,1,17631242417189415757
243,1,14876764217739315980
245,1,7005772781594349363
249,1,8351873503686800917
259,1,13459709738329874958
260,1,13459709738329874958
271,1,11146823498718743660
281,1,10415811825177653807
296,1,14673730367721792530
316,1,11481017182591183257
324,1,16696543847273421851
330,1,1171068959103829989
348,1,15584030803176691607
356,1,528530392853038139
361,1,8572718804956614824
385,1,11028348120489211440
387,1,15437095672027934362
388,1,4641169919205003695
391,1,16204669536211620236
406,1,18338144647318187295
409,1,8646777393196140126
426,1,4229348377648866683
436,1,16685174207219581466
437,1,13912619473730973175
441,1,12376310081298837339
443,1,17597621946194469927
444,1,16452005589781900309
458,1,12437273164941749657
466,1,14107738902091643582
470,1,5014535564606995415
479,1,10090189524143025182
480,1,6506328037941943277
482,1,9676004471736020054
506,1,560130820459318103
508,1,7947770294150653368
519,1,6754046561821115027
528,1,2688037892255794974
541,1,5338575789307517428
543,1,3214103347093505898
554,1,4479191259545076382
570,1,10370659572723743780
575,1,18341921503959618619
581,1,6702554468559167472
583,1,17102272232457053410
586,1,10049589024671836730
588,1,4479191259545076382
591,1,12338763804863275507
598,1,3351253634899826860
601,1,8514093565231404427
602,1,16692849571649663602
607,1,8895337544995996664
609,1,1964765871220903351
625,1,3069871152113741101
630,1,11839759441439230950
642,1,12850619875603269786
644,1,14983172700633291492
681,1,5946443647923273454
684,1,387067947337349455
713,1,16548958935759984715
722,1,9481027138277283881
747,1,508128921409573352
750,1,3118854309610173189
770,1,4278518442163749991
778,1,16396332740065241653
783,1,11549493130004367666
785,1,8499359286423880570
788,1,15166675892574259665
794,1,15100679323794704772
795,1,5459252377236151803
806,1,5459252377236151803
809,1,642719723987041792
811,1,8340181490000252707
823,1,15047662431030212508
827,1,13655416994237657875
833,1,8604804147191508534
836,1,13621749012247200270
839,1,11606304970141591033
845,1,8837038668206635451
863,1,2179767372917580904
874,1,3120132014299806528
905,1,10049460864338044269
932,1,962006237120905845
937,1,13158864216022736144
939,1,17603595974074681361
941,1,11439522955892826884
949,1,8909824019378639429
951,1,8859919165058370769
953,1,16110730150041233205
957,1,17226008117711142429
960,1,7032124556323233531
961,1,15790804746911945191
973,1,7579996478964796009
974,1,4226512614034664158
977,1,17206487400228414160
984,1,6071133918675969071
986,1,6071133918675969071
994,1,13004599993353506844
999,1,7703060341026949522
1019,1,18103433626946952752
1021,1,8439031153228179887
1041,1,1417658316656870931
1046,1,5926086002665234748
1069,1,8748089758715123478
1081,1,3070960336784707949
1092,1,15930098747563635115
1094,1,10425615485314873680
1105,1,11332962985332028055
1115,1,2378228328561853721
1119,1,12669259370703425906
1120,1,1305143898900883408
1122,1,14787589366630743941
1128,1,13464880694467483233
1137,1,4383483129820953982
1161,1,38736185895789408
1163,1,16837921155424999201
1173,1,3463071536018892820
1176,1,2502315569210915721
1184,1,4067051294485644617
1214,1,14916557949785817048
1217,1,14979191968432162372
1220,1,5687538379083121385
1227,1,6691508546703835669
1228,1,2736017135622199812
1234,1,3463071536018892820
1239,1,12262530634014546878
1243,1,6661827516788800750
1258,1,5261641643662529720
1261,1,17395719405599898938
1265,1,14791580352837195878
1266,1,14791580352837195878
1267,1,8530545995395316390
1268,1,14791580352837195878
1272,1,535412803361262408
1298,1,6841622507345310746
1302,1,6655446280651366447
1307,1,1650753743545928952
1311,1,14680158588669301976
1314,1,8704073997848173193
1325,1,17966281714176225390
1326,1,7431051294254366889
1330,1,1875326423541100903
1333,1,1466262276795167125
1336,1,12692307038535895252
1341,1,14918853221646903207
1342,1,10606858273405687619
1346,1,6841622507345310746
1351,1,13574389503991930131
1354,1,15563202020869096957
1357,1,10828917196046195636
1362,1,927494094498734991
1365,1,13172467951855294325
1368,1,1876212516506731887
1384,1,9505326661714238535
1387,1,4778426951701394031
1404,1,18244551270426764451
1416,1,9150228388545413215
1417,1,6459123448695872193
1419,1,9500611485313912993
1426,1,1882866086710755736
1428,1,8388369704801307877
1438,1,7395270981168636651
1451,1,2222805948804001834
1456,1,13576807086316269202
1494,1,10710107297124840556
1495,1,13955037784056767284
1500,1,2657212884694062285
1511,1,6550665433362843295
1523,1,11786800473493979877
1525,1,7699473963993350581
1532,1,2277240942584674398
1538,1,13212752054465944107
1548,1,13170627831235555880
1551,1,2773406228263333296
1559,1,3606507678777367578
1566,1,6788082930002436808
1579,1,1219365969487930402
1584,1,9334678936272113291
1586,1,3194418495328163643
1588,1,12112692864235053831
1615,1,4710230700484659773
1635,1,301484893127967843
1636,1,11439869193007707220
1640,1,18301475327417545997
1642,1,4627361920498898321
1646,1,10848371704146306194
1651,1,10756098460953445324
1658,1,10756098460953445324
1665,1,5921247593069733845
1666,1,14950859135158941160
1672,1,1524775754831524863
1679,1,1190619169156804335
1680,1,7992206828988205207
1693,1,17939834444259936527
1701,1,2677555794121809468
1711,1,14952199308935214775
1719,1,8559864770667115770
1724,1,7937746471077534211
1735,1,15161171563882933252
1744,1,9836835603453594121
1745,1,3867196005018852387
1747,1,9516036152913869685
1763,1,7937746471077534211
1780,1,14779310074297633981
1782,1,13806754759870035403
1793,1,321510925600671073
1798,1,11388117713761202510
1800,1,18301475327417545997
1804,1,18226151440413748805
1823,1,3303917913439730611
1828,1,4992183385994705818
1829,1,16054005472242407135
1831,1,9451683776811049645
1834,1,10596303196788695781
1843,1,8423243976008250738
1847,1,15683222183870044723
1866,1,13722612118211740790
1872,1,14418974817695900448
1873,1,2962091981633862833
1880,1,18363385126885829355
1884,1,8614986528074562641
1885,1,14697504117594334690
1896,1,225349957388848757
1905,1,10543440307397617662
1906,1,7212086228904099774
1907,1,3727633778962505660
1918,1,12044848945558450988
1919,1,4332578976409415751
1924,1,15946642473128898683
1969,1,5104922968174015325
1976,1,411815892610961504
1981,1,9931767184642722985
1988,1,15057176032641762127
1999,1,11168781864734205107
2001,1,535817495789534280
2004,1,13493060136671237052
2005,1,12506423791459745229
2008,1,12437865224487352920
2018,1,15630154693411215151
2029,1,5246074078236491309
2035,1,11743408846452733815
2051,1,5227259400507715360
2085,1,17296337977652717717
2093,1,14905344406100228373
2101,1,16348605786172959127
2102,1,17095449891375442121
2115,1,12587557845023107248
2146,1,5049238171348040235
2155,1,13032579262055163909
2161,1,15057176032641762127
2181,1,11206644926569017619
2192,1,6168631061562645113
2202,1,1039343828697997849
2208,1,3547213241553956249
2214,1,15559069626765069623
2216,1,14476786742626872771
2220,1,9739767631547566329
2224,1,15058220035044611331
2226,1,13373240668977157395
2230,1,13382308455135415522
2233,1,10650372290237241670
2241,1,3547213241553956249
2252,1,10997744124036104970
2263,1,9179417721484094260
2274,1,9171604921158221880
2283,1,12354356588452057605
2284,1,8461669120565209377
2285,1,14761263149765634269
2289,1,16103285911957088550
2299,1,9846377326913981200
2304,1,12523279819609741246
2310,1,10012150561412637311
2314,1,14040194771415806061
2325,1,8997852894222781012
2345,1,7449605598378153941
2346,1,13057564576540090418
2347,1,2003182112912200578
2349,1,2003182112912200578
2353,1,15866595486407993090
2355,1,16024726562099707326
2367,1,2003182112912200578
2368,1,6404687000350257803
2374,1,3260291465000978468
2376,1,15773284449734629920
2378,1,6071169994107177187
2413,1,2682656010177323641
2422,1,11060364558168367549
2427,1,5352325864238955030
2434,1,4400120203945749055
2435,1,306424538610816097
2437,1,9021314178053808755
2439,1,14702452170299256784
2446,1,9125200975456388394
2456,1,16928955083229164279
2464,1,7745579221710330108
2470,1,7482345058353317145
2477,1,2485517696783980772
2479,1,11009217015998005080
2495,1,9125200975456388394
2496,1,3416162534910013220
2511,1,17130876114302944072
2528,1,6306334231720334131
2529,1,16718037879476101566
2546,1,16071974299966512210
2552,1,14292593236595164865
2567,1,12986672334810942235
2569,1,3555986036612198782
2577,1,5414661995670538078
2588,1,16805573373285340551
2599,1,3997674262623628998
2606,1,12497437018457521355
2611,1,4889762902912673666
2623,1,16356656795782077091
2634,1,1077679532403603136
2642,1,13131748491467397231
2645,1,8238656202905276352
2654,1,237132763242123331
2700,1,3566323898176211492
2701,1,4370455411458911661
2705,1,14886831530278704632
2746,1,17353292333593392649
2761,1,4945654775010587029
2764,1,17128189584395828692
2765,1,16894596517362884198
2767,1,4811975267774356665
2776,1,3546312837381778665
2777,1,8778685698730874316
2780,1,6194057237115851698
2787,1,15186595833611531441
2788,1,9315327838283588543
2789,1,10129116126568342671
2808,1,11272651930578746899
2809,1,8823378378111058265
2845,1,10752425475613080817
2855,1,4370455411458911661
2867,1,14284831085732154050
2874,1,455588879446257976
2881,1,455588879446257976
2882,1,3487470394859398105
2890,1,3890505286677063123
2926,1,15502834349117225184
2948,1,16219805571430800837
2970,1,12432296166183427978
2980,1,6648022569453512357
2981,1,4882374545521735463
2989,1,5483603209648966191
2996,1,1597785189137099308
2999,1,12026749894940149390
3002,1,2853886614830638257
3003,1,6926057068109998895
3013,1,952573506534138625
3017,1,4765323367372174932
3025,1,9020829527990981914
3028,1,2567727792787493600
3031,1,9236479254282820990
3036,1,17504512774520516344
3041,1,11588099434057304585
3046,1,18007132123666364524
3048,1,3730139680999628698
3058,1,18181271222791406481
3062,1,7994189945378305111
3072,1,11257309444883904198
3079,1,11620691565302404292
3088,1,2690160816809838648
3091,1,8607470789121138555
3095,1,15325945597854922609
3106,1,8444417914493011045
3116,1,11951370696006181112
3121,1,12466282457207591895
3122,1,1234467801629217748
3137,1,4854749561065104920
3148,1,11253565124845671962
3151,1,5649550977349855275
3165,1,3563555397323789939
3172,1,1369173579487095654
3186,1,13452030751205010440
3191,1,12757442489786833543
3199,1,419444701542865616
3205,1,12679755246809453385
3206,1,7103743563781650124
3208,1,7811893887017850499
3209,1,5859693028270757100
3230,1,15881069192633778030
3237,1,15163908604176915703
3240,1,13739607582378311941
3251,1,5214329678691385764
3273,1,13339418465386920416
3281,1,7035801671090707215
3286,1,11640887617322360516
3291,1,2116749145835533318
3293,1,1265890907198672302
3296,1,8487713794404933124
3314,1,15887278209960200571
3316,1,8198408123743267401
3325,1,14364735497115599482
3337,1,9343242958718078097
3343,1,3455747906601090086
3367,1,966005667384719213
3378,1,13483430473934558122
3390,1,721422954308693456
3434,1,4528882033574630458
3451,1,7713523817861393076
3464,1,14178885848404369071
3467,1,8417918851060737322
3472,1,16004749345659773836
3474,1,543666320789964054
3487,1,4300879143317084859
3492,1,3743048615393867309
3493,1,7749813485107244247
3495,1,16271061460159053617
3496,1,9839047580181656630
3509,1,12783479850790106519
3511,1,17637032975249249898
3518,1,3485254067272566255
3521,1,6353601668141694648
3530,1,18372439700910793007
3532,1,10647189693510530597
3537,1,10866874489424560037
3540,1,1833052862276244724
3541,1,12346687500220622740
3553,1,12593831056176605431
3554,1,8720842126097843834
3557,1,17329386220141511065
3560,1,7754914271711034711
3566,1,10492948813068051496
3578,1,11467651495271012110
3581,1,241502526263793459
3595,1,13322269764367640687
3597,1,16750308578385520553
3605,1,11182412701938670313
3617,1,5918578431838637292
3677,1,10546557831788855653
3695,1,9565071091962134772
3697,1,6963218315798323318
3702,1,10387997484375480561
3708,1,13163546681862739438
3715,1,6497295484272511584
3725,1,3503868071735930317
3732,1,6963088798139429127
3739,1,4273900008030134245
3762,1,918375073432190076
3774,1,3870206937855722376
3789,1,15073340578389128284
3791,1,4602272486751234450
3824,1,3147064442858859883
3832,1,18265983438568223639
3835,1,371160861341275449
3840,1,11830434056217060431
3842,1,12012197631976813181
3846,1,6971788079414233461
3861,1,5701953562926894538
3863,1,499360098170221273
3867,1,3423861287838744386
3872,1,15706158984818279730
3881,1,9525671503766392162
3883,1,7040883922744192709
3890,1,5012199000957646001
3898,1,5194036396950017908
3906,1,14642526564866374917
3907,1,3327751753041650142
3925,1,9169044602672119464
3935,1,16965924752047493858
3951,1,4231674509138583661
3960,1,7243319536630567459
3968,1,14219579931168540035
3981,1,6565601012973269449
3984,1,15306979808139752485
3987,1,3444547012982408092
3988,1,7849700216172087294
3991,1,205241413350102767
4003,1,9231144131964026689
4012,1,13478284783448527076
4022,1,8575740272269215954
4026,1,5541431186898329406
4034,1,10215216600913660308
4040,1,6777199034412032863
4048,1,15859289837955773913
4050,1,7416583003316916164
4067,1,18253001463115028444
4102,1,4961753491202243169
4108,1,17365957106669713924
4120,1,10268572149128411378
4153,1,8180646768049442824
4156,1,12082954023102590245
4174,1,11900466159234268932
4179,1,10965722639127225058
4186,1,7821319265835776681
4211,1,3244146587778323362
4216,1,7639256259898651616
4219,1,16166956458571825099
4220,1,8207751264126253971
4221,1,13933712747631241243
4228,1,11197359544003545309
4231,1,2003182112912200578
4243,1,1697288502761258735
4268,1,15595519627180117302
4270,1,719353031585663217
4272,1,5116284107738751943
4279,1,1396341506698640893
4280,1,9255470203848849564
4281,1,10570354341919196096
4283,1,13122640034521753227
4286,1,5261476592642045937
4297,1,6825530549876306854
4302,1,12645509863613453936
4308,1,10206017790300002134
4318,1,901472817748515685
4319,1,2910281200589839971
4321,1,13794990039486293407
4340,1,15733568147935958183
4345,1,9255470203848849564
4365,1,15950244358921595715
4367,1,11697946268347227918
4370,1,11118924443818240304
4371,1,15763875168884153332
4375,1,9021314178053808755
4381,1,10030816148538313591
4388,1,4956475926058748533
4399,1,9630343049513921175
4407,1,12293299817046738941
4426,1,9849964154421567420
4427,1,17643750170660928765
4429,1,17800469656337962915
4440,1,13709309051424006869
4448,1,14214444099891848513
4454,1,767159224166183150
4460,1,3403417765552271456
4462,1,1016822278288961059
4483,1,8572600313945997594
4487,1,13200994102165622989
4489,1,8714264723522254088
4498,1,8141853177649835870
4524,1,5653900321253364245
4525,1,11162718932929403200
4529,1,5514975846081377057
4537,1,14806829555449283819
4548,1,17344090422624948292
4549,1,12041204918276213830
4558,1,14700584509610970240
4561,1,752874779724504577
4565,1,16296290764668866978
4585,1,18097689022499819698
4613,1,2133728333549964584
4615,1,7521263023107848699
4617,1,17472501003658030014
4618,1,14889135590657750668
4620,1,5088809622117595755
4629,1,15844218589950585753
4635,1,5987578113336004477
4637,1,7492747554194841951
4649,1,9337899763664119669
4654,1,6743227491995434197
4664,1,8850547762578161427
4675,1,9853518133450690145
4678,1,9788907561085154197
4692,1,15189246587930824471
4699,1,3241020138479683586
4713,1,5748536667955194404
4721,1,17782225492362120627
4724,1,7181037291141179050
4750,1,10790595248664758851
4752,1,9651758041957098735
4753,1,15238561502467631519
4755,1,8929585565031308707
4766,1,13113352089550019724
4773,1,1251770074538742370
4774,1,15505940319384303780
4778,1,14105317281562232172
4795,1,16708534140904552384
4796,1,3767969710757429056
4805,1,4547717303176343698
4819,1,16235469716537159917
4823,1,10654658023674221432
4834,1,9139202373467405356
4848,1,8074512304159535990
4858,1,18006291029553559475
4869,1,12334509451541584991
4893,1,16420380857854184052
4915,1,4939269719947991428
4921,1,11848679379791745272
4938,1,7724338026409108066
4941,1,5398458827169250242
4953,1,9080096026267244932
4970,1,15788060535808581879
4976,1,16063386023621576853
4979,1,5051767927983473468
4984,1,17261469828908935607
5013,1,6552710195655571773
5017,1,11386548540053238846
5024,1,6880537744466077203
5027,1,18070988133199994700
5058,1,18350642233124385052
5064,1,3176995803540943314
5066,1,5522462322282609154
5067,1,2409083898486988164
5068,1,9957447764777764544
5069,1,13607288102332129450
5073,1,4843331011471719200
5083,1,902737809970969844
5084,1,14813202270905467885
5090,1,12070703014987218027
5092,1,3703449783686788217
5094,1,1217143206646749314
5116,1,7530414360397821362
5125,1,584263037890197605
5137,1,6756556964852540426
5153,1,272598206667968904
5157,1,7137360973140476464
5161,1,8135374541513833662
5162,1,18047021009915890086
5164,1,10078234924743236013
5183,1,11172116542023110588
5184,1,14842359751972126660
5190,1,16683777509499081500
5212,1,2136209306420891598
5218,1,10369621337206647374
5221,1,14959473242600251274
5222,1,14954135224252803642
5226,1,12956819684665507604
5229,1,14002788680496865919
5236,1,15719685550828629545
5240,1,14241290705296026334
5243,1,14913502227971124633
5252,1,5934530650734884328
5261,1,4939217949872330225
5270,1,1387069158270686855
5277,1,15161680830402063607
5279,1,1547787088368872030
5281,1,5057518260308790719
5294,1,15787283105579460406
5302,1,3206887718931842596
5304,1,4152286040326733841
5305,1,6308580105184286079
5319,1,12062977397312821636
5340,1,4415136748096936047
5345,1,9639448045706577047
5353,1,17849970900722133211
5360,1,4415136748096936047
5370,1,1011343017763589555
5389,1,5949725837793124091
5390,1,14708023525529300234
5398,1,4709722827650219668
5406,1,3035104629120086623
5409,1,12395079806732296664
5416,1,14814272915483504460
5431,1,5567392004984831099
5437,1,11229528341424726203
5440,1,2010987654849035880
5444,1,5234464992660171994
5448,1,13706415438991616248
5456,1,8146589398253739419
5458,1,2358469264420074892
5465,1,1910075281616517729
5468,1,7575809641007706245
5487,1,10734180425606186041
5494,1,8989863497598980721
5497,1,14016162165774074795
5504,1,17367174716445227222
5509,1,2149270701594580617
5510,1,1402478965046870489
5528,1,7421645258696943802
5550,1,7797604421390726054
5553,1,17614931107713466880
5555,1,314501249829093627
5566,1,12587557845023107248
5571,1,17876878729377278569
5588,1,7421645258696943802
5595,1,13213189680034017197
5597,1,8995828402530457269
5605,1,3639139254809959767
5621,1,3929344899378231010
5636,1,6914894555411617503
5646,1,3324739037889657650
5661,1,1892523212687492869
5668,1,14941614706621292839
5676,1,17546838621344126379
5677,1,13808730960574994400
5686,1,14068564381498359148
5694,1,6642630652017258634
5711,1,8123223149576665291
5744,1,14396840583188901793
5745,1,2082555406355520833
5753,1,15134834564670874655
5760,1,8136327591289785494
5761,1,1394442836763101186
5766,1,17282009693227385268
5767,1,3844127243330136447
5779,1,17601689646673886053
5793,1,13097615773464281263
5803,1,18079171886738705573
5810,1,15133785986260792843
5827,1,13951507225069408009
5831,1,10611763412347983116
5835,1,5549012167923100097
5836,1,16605089275308163798
5840,1,9796081235508096914
5845,1,16123365901349062003
5859,1,13387399642337277731
5871,1,765578933267697625
5905,1,9672862779672579029
5909,1,1932992000294242648
5923,1,9372316243480752197
5937,1,12709137170838729238
5943,1,12850619875603269786
5952,1,7850965998010493044
5956,1,9500747012593756762
5957,1,5273334637197921073
5964,1,4296362456995760351
5972,1,12821099203631585575
5977,1,4241571677366785557
6000,1,1345904413730405628
6019,1,14323245554181366867
6024,1,1154081800172845260
6027,1,18124138386488482669
6033,1,16722908506702321272
6038,1,15191730177801050373
6042,1,6313466722456446053
6045,1,10285575956121040345
6060,1,8982095438027657575
6061,1,12837851008473702634
6065,1,9640313585821995666
6080,1,4782106100123790257
6086,1,4349361708994667192
6090,1,6013092279310326996
6094,1,16662975692841550219
6098,1,9815426806067103177
6118,1,6390736715543825513
6125,1,17388075843319685008
6130,1,9126942342376738703
6131,1,8982095438027657575
6132,1,1742999201587337035
6137,1,11367338901755006150
6163,1,4827899968741976104
6175,1,17600201685747496478
6191,1,18025931394754108443
6198,1,12108988241758737567
6205,1,4061470603605904632
6214,1,6885795988977571087
6228,1,15619913823549680299
6235,1,5788935522930604390
6237,1,16277040937280794790
6257,1,17842323394560030327
6262,1,12858950082835759330
6280,1,17851384761785546515
6281,1,5090002547322754707
6282,1,7054786573717846991
6289,1,15434986963672920604
6293,1,7225388871030125178
6297,1,17796425862296295059
6308,1,16762996386156803098
6329,1,2525291286355868690
6344,1,215721886898385331
6380,1,16158289435681721440
6383,1,7574234329550528318
6401,1,10854816703563865847
6422,1,3081648040172056109
6426,1,9304374036382545744
6427,1,229604757344317832
6428,1,930548091108456771
6430,1,859019338171151874
6439,1,16300111294537520742
6447,1,15796191666340080180
6453,1,5103413934626627094
6475,1,13610416357041162789
6477,1,13556675180073638382
6485,1,5781926735463117221
6493,1,5504996658337643585
6501,1,13919421878957259251
6502,1,1861190087515874810
6505,1,12903562940611883806
6514,1,11923839970070867133
6520,1,12946270079088364437
6526,1,11938902975910398649
6533,1,14085285913169101404
6535,1,7326228840436640322
6536,1,14988227601811096466
6537,1,10968469666184651956
6555,1,2374961575063655053
6560,1,13787599721966214133
6585,1,17957235976367438473
6586,1,5186123633442152102
6602,1,10353486103531106700
6605,1,14702334600842408042
6617,1,8980997699444898280
6621,1,9703236679295032775
6629,1,9331179016649622320
6630,1,3121353782691165689
6648,1,1847404726890721020
6655,1,6412431979856522874
6658,1,8667941843599844278
6666,1,6953295276685778863
6673,1,4363877694241393348
6683,1,17159102137032500300
6692,1,12760618654394117144
6696,1,15446510406005032757
6698,1,1619891392991003953
6719,1,6097064423302113469
6733,1,1427439793725868848
6738,1,6751864143795050559
6739,1,3354302081148961518
6745,1,816301453963044485
6754,1,16519914214463050762
6759,1,13197694764012513738
6771,1,17813430931954648205
6772,1,7988711930297408264
6774,1,15763495611697839069
6775,1,18138613717260010676
6776,1,14166261629294864246
6788,1,9129549556509804655
6805,1,2328955498134899633
6809,1,13153158145946317792
6832,1,3964789229316143272
6838,1,15086588447268517316
6857,1,13887593469272358161
6871,1,235141547420697609
6887,1,10119477754210661631
6891,1,5014357713262406854
6901,1,16876157540941353178
6903,1,200973229473873242
6916,1,1313337088353375268
6918,1,7393986839131910909
6922,1,3622145436674415572
6926,1,16999544017372238895
6939,1,12751561885174504400
6941,1,14239079225452580374
6960,1,13233503871952086837
6974,1,992952892363770921
6981,1,18323956932149108925
6984,1,1730122863281589392
6998,1,15467605604864446832
7000,1,17195531090224773321
7004,1,1766271371796504583
7009,1,15874645422640896475
7023,1,3695317865536941713
7028,1,5649550977349855275
7038,1,12616571540991031097
7046,1,3479191340423248219
7060,1,18016044038306475559
7067,1,6137597907925349338
7075,1,1485088479970623918
7076,1,5317824967931722444
7077,1,14189931150192599278
7083,1,11278850605034379047
7085,1,12753691562512660059
7094,1,9605877783043956944
7106,1,10956160809737737270
7107,1,10156639964911895109
7109,1,8433178685906515566
7115,1,8763616736705257452
7117,1,344769340940508186
7121,1,9363836281779888673
7128,1,4859458296898823812
7138,1,16005190927699875601
7150,1,12378605419755367110
7158,1,3865191968824886879
7164,1,6255211045982871081
7168,1,12739972049578640832
7172,1,9344183999595789758
7182,1,17248167922440562809
7190,1,9717212929229088929
7193,1,13680381076489250646
7195,1,12872706625852096612
7197,1,2722361848931812107
7199,1,2577714933576765975
7200,1,12741245112815934524
7204,1,5007427669697590033
7211,1,17066656769324640826
7214,1,4573764802491618980
7218,1,12237769764783576999
7226,1,13005401327421646026
7231,1,14566718737858902702
7245,1,12809681293828762763
7258,1,2759599507636068412
7259,1,13452030751205010440
7282,1,13204607449115794263
7284,1,14310589887902719762
7286,1,4227848549706309824
7300,1,12109892238806428159
7302,1,1565191302956334185
7304,1,13214368456469516822
7316,1,3268382239538196204
7320,1,11037530184761271993
7327,1,12265546893572405807
7365,1,117978160266273236
7412,1,2083802712573449602
7414,1,11873841224014392586
7421,1,9060722704376377522
7422,1,8394492343814787890
7424,1,7936956687531280095
7440,1,15978176950985870340
7443,1,17646893510055938673
7444,1,2805158635162960331
7445,1,803061330668350485
7447,1,11029600611911908161
7449,1,18417554592742406463
7456,1,13295403763853222059
7458,1,5152254320991026111
7466,1,3861518189049724640
7472,1,7409187798973339989
7476,1,5167891347129313342
7478,1,669184031380311115
7487,1,7709721691893238871
7490,1,13893889832642795122
7505,1,2782899052161328133
7516,1,13679188073340947343
7520,1,1326663146560643037
7524,1,9104600671202171944
7532,1,12000755385874518722
7537,1,2914773594914038404
7556,1,16898310853121249354
7568,1,8596923949213369348
7579,1,1539461065221955761
7582,1,2476149718571120464
7583,1,10244030972147866048
7597,1,7122809022369394278
7598,1,17230451157098321873
7604,1,4202251758125353961
7624,1,8562336029274795306
7636,1,10474872406314049098
7669,1,18087002450697959013
7674,1,3850595455264875611
7675,1,3815001817646757844
7677,1,916237598379944729
7682,1,14566443542323501477
7684,1,11889202394628839904
7694,1,10596306124544304138
7711,1,9758461009218979199
7716,1,13645641059384733714
7725,1,5529279373197317429
7748,1,10382339478066013047
7765,1,3818675839446683592
7766,1,16801452833101188705
7777,1,814055783347764581
7789,1,13163960526514019383
7791,1,1018216883254577683
7797,1,7271753187880892461
7805,1,7054522659627693105
7818,1,3113047065703330624
7835,1,6766165663858350981
7839,1,9051748252317389782
7847,1,18237963135995254208
7856,1,2538464589871531052
7857,1,8329011559895614535
7869,1,8215335139260060139
7884,1,4884356339780999907
7891,1,17296598307260940274
7898,1,11562555937433120230
7920,1,2955213499774892032
7926,1,6031853279692871847
7936,1,12004306362378129162
7952,1,17773917025285329513
7961,1,1292541056804041093
7976,1,1120749407456601556
7978,1,5116478749461751347
7979,1,11163863646882290021
7996,1,13218682163088995441
8018,1,12601241578823956774
8044,1,386988677585452332
8050,1,16353934047513979270
8053,1,10689630388830235911
8055,1,2026052910887513838
8056,1,2155968956396402157
8062,1,1337235038856297248
8068,1,16360298787692878644
8098,1,6391974510975309088
8101,1,5965916839272969489
8105,1,13098018040412713310
8108,1,265836659094968175
8112,1,12948465172439216793
8114,1,10674187170490978896
8115,1,15875979406910577614
8129,1,17263411599976201972
8131,1,9099411085791682503
8140,1,369789562847493217
8145,1,8975632482257506176
8151,1,1142595610683552302
8164,1,6785581741777780134
8166,1,16743495340731467394
8169,1,18067868161796876722
8189,1,6689194417723389093
8192,1,4315642920267180214
8196,1,12573309159201530728
8263,1,11911498792965615960
8271,1,9756835731900677962
8274,1,6619900688340305910
8280,1,18057103015017940251
8288,1,14293187767207998405
8292,1,12230480769015915708
8294,1,6778127282878257493
8299,1,1858771013156468794
8320,1,13356839216603564413
8328,1,4758701518614035271
8335,1,16798721781157546755
8337,1,4687264228532361320
8354,1,11908841610017715334
8358,1,14417048866268369896
8363,1,701016276965841541
8374,1,14790615469802945923
8381,1,4131491906753077101
8384,1,1970705602471097359
8400,1,12600837763030888933
8423,1,14757118001929862590
8430,1,10313311199953744085
8445,1,8008214023778366509
8446,1,11094549595698257300
8454,1,2169881678551040674
8461,1,4331988754819336594
8474,1,5317054010106796789
8478,1,10986912166617204380
8483,1,6314479722296303159
8493,1,3373493444219061105
8517,1,3364687220776041770
8540,1,6390799473986854813
8547,1,14736527490795192055
8556,1,8868670212043768571
8568,1,13282618973690975534
8590,1,5132302213306297251
8610,1,10891132786832961925
8612,1,11475849294842936282
8631,1,6332558661799218979
8640,1,12461796304046374178
8671,1,13600803295554573876
8672,1,14340953852494522367
8673,1,13600803295554573876
8683,1,2788776422558844550
8687,1,11402274829864690162
8704,1,15642559905569913833
8725,1,13295575760061569175
8747,1,6832986836669882640
8751,1,1025579787740963861
8765,1,8057134068962758281
8768,1,462075254536522651
8773,1,9336284414939356597
8774,1,13398591353786396391
8775,1,12481517570904487318
8785,1,15127573078745595928
8811,1,4951531392829887060
8827,1,12316517565214426245
8832,1,17228794982203044038
8837,1,13377201360090123987
8849,1,1849437303629949233
8858,1,11138211112659528920
8880,1,9274007910036199294
8892,1,15527230179263774505
8897,1,10401255077560720993
8915,1,14886472306354826984
8917,1,17162730027299236803
8919,1,15503794104616457797
8926,1,12707607761787791080
8937,1,6772628578307941828
8940,1,4873422512579060799
8950,1,7390505126667688213
8952,1,478981511247221963
8953,1,17809318215079124272
8969,1,14508894174448678968
8972,1,12939264641815671801
8982,1,269139229060492636
8986,1,11406908045215313950
9012,1,3876309846085357246
9013,1,2376862816414986654
9017,1,13354893489613913620
9019,1,487783509358815507
9020,1,1744100274787018962
9025,1,2152570279749303052
9029,1,17277683709349452745
9032,1,11355851972391223529
9034,1,4137984569335447055
9044,1,7232108669233512665
9051,1,5685004191583958108
9053,1,15871363643301136583
9064,1,13281312275773651764
9065,1,5515689103026884366
9068,1,4440343941801130522
9074,1,4793636297617184707
9092,1,353364023411929833
9095,1,2810404687892841023
9105,1,4177899133969725330
9106,1,5922681909459642224
9113,1,4393835788134791054
9118,1,7186747725803364282
9119,1,18041024243059451501
9121,1,11274568579691851806
9125,1,2146162807297047133
9126,1,8781942198140679507
9133,1,18430074598224105113
9143,1,16773816902260378284
9153,1,11851235890303093029
9155,1,7849131437180861965
9167,1,14604894459387725123
9180,1,220390026899329919
9187,1,192913931005074059
9190,1,3553954394961013700
9191,1,8285779041732025071
9195,1,6989453249736706508
9196,1,11232099492989518292
9207,1,5248937179165543313
9208,1,3370683611669129859
9213,1,13355588613302413371
9222,1,8964846579684967479
9232,1,17420077617517173714
9241,1,17675372110856373863
9246,1,2841629117347681238
9257,1,361977561125423188
9265,1,18397436730634350267
9271,1,9641360592515065822
9275,1,16362936306766932767
9277,1,13640102942029884604
9297,1,17573523816049725259
9300,1,13804881346658518717
9310,1,17335710748559963525
9311,1,6004413745405531883
9321,1,13518462049946801955
9338,1,13065972999694565457
9340,1,9802416994214211757
9341,1,7158120560872199103
9348,1,84579837097536918
9349,1,3046890011160264137
9353,1,7944616624048903117
9354,1,15376471904028317103
9365,1,47531031022968161
9386,1,13422796215607360719
9388,1,4455915335591457607
9395,1,1456412916574698893
9414,1,13148018709469751715
9424,1,17109033370846764019
9426,1,1717570296316438063
9439,1,11851235890303093029
9447,1,11809465481937169485
9451,1,197639309385142361
9461,1,17414560818761704419
9467,1,11930665673938498961
9469,1,14235114726866897726
9472,1,9261490366434015498
9477,1,3561751388877014774
9486,1,15547978653438614000
9504,1,17765691873658223314
9527,1,10411974314540525709
9547,1,5165600585980268346
9562,1,17954414712782983671
9565,1,17033926607322696539
9567,1,17033926607322696539
9569,1,17533634147946812936
9575,1,14095190975248191693
9577,1,4574665638690919863
9580,1,14095190975248191693
9605,1,4621669576076635004
9606,1,3485212694594083360
9609,1,12023816859617300726
9612,1,5544589411875332577
9619,1,12350216326048419358
9620,1,12229147388346496630
9623,1,12634541805628750609
9624,1,8905544797273606552
9645,1,5981633243805968529
9662,1,9790194495463196245
9671,1,18166174568531664137
9679,1,2610794322647717528
9685,1,14331794286755038650
9695,1,10403968027807971213
9697,1,9878759045093602591
9709,1,11579292609964298215
9717,1,3851388880701356835
9726,1,16122674076423102571
9743,1,17582469801169571716
9747,1,7423346718496430938
9760,1,11653643496565942283
9779,1,1175631287714290276
9781,1,15205897073597078768
9788,1,7387465132093819711
9803,1,11228735908798659900
9814,1,5535672862207425355
9825,1,9130200272675000737
9838,1,7922355268972805173
9840,1,3864634146886939132
9847,1,14988800715415330997
9856,1,15963770011263073297
9858,1,4020752471002324765
9870,1,211276104285097557
9871,1,6179999893067213952
9881,1,2885699415611158747
9895,1,13285251329049797591
9901,1,3446701601883260528
9949,1,14881959589223493284
9954,1,8052001010617341504
9985,1,12403594961223073973
9993,1,13592223735295773664
9995,1,14031514907929763913
9996,1,6130548304800766802
10010,1,8052001010617341504
10015,1,10813986381920886010
10016,1,12265301784776115554
10018,1,5654895725559882171
10025,1,4218517676435838742
10026,1,8064743875654908736
10028,1,6355228196823069034
10046,1,4918287360858962272
10047,1,11664141407367134544
10051,1,15582466134918921910
10057,1,2087925073231997656
10071,1,12954130264381539638
10086,1,392452400363701893
10088,1,6952433862839127797
10089,1,12309620526450936096
10093,1,5102023759493822412
10094,1,8119091499965784214
10101,1,7029317021617243894
10103,1,9034326564801949268
10106,1,2110484318405325402
10107,1,7017791517110279646
10112,1,6579621340210975190
10116,1,16982609263575906993
10127,1,2154298827965232637
10136,1,9676323870580660411
10163,1,5881865526340210743
10173,1,1441153203037759429
10175,1,4977296348667102308
10188,1,13140629500716010139
10192,1,14673009235636649953
10209,1,11268839262227664518
10230,1,14274861118916209834
10233,1,14545001993406413861
10235,1,16639071967148740889
10239,1,2287845348960810094
10251,1,16987951620750089048
10273,1,9315685546844505667
10280,1,1115875112973712488
10289,1,4501383819998813353
10311,1,7478519548690939300
10318,1,4612613851066966950
10326,1,7238803570889853512
10328,1,18289042678649048252
10330,1,14417797377511211204
10332,1,528043236642533753
10347,1,13709454664298801666
10362,1,15655343132736623193
10370,1,4746962950973387750
10378,1,16179381987953439912
10382,1,8303239582509808037
10395,1,11724689989867328399
10404,1,7760587063890969727
10408,1,17792261466892580447
10428,1,16834574074828417818
10454,1,17371017761244395847
10464,1,3526987107301264121
10466,1,1885327677256681259
10487,1,7807480563110148458
10491,1,8863254161329982008
10492,1,4756602609762442725
10499,1,8992792584027821953
10501,1,14679990650333995241
10504,1,15194973360952528029
10505,1,2400181524067458322
10508,1,10352756222585766009
10515,1,13277258447331256105
10531,1,11710781410944896729
10539,1,16168355554233411081
10540,1,7226642021336755856
10545,1,5698559383765763072
10554,1,10906277408636760061
10556,1,24785147634065932
10562,1,771625697691332829
10565,1,8757030963137445335
10569,1,190201558517867902
10572,1,2540460226897143676
10575,1,1204809403861321878
10585,1,4432172709123211361
10607,1,3812358720185757885
10614,1,7224670972023204713
10615,1,18003477940461705712
10619,1,11305917854941929783
10626,1,6440820633690877850
10641,1,9307150049368207962
10654,1,2748423923798891154
10657,1,8416265269580466019
10670,1,7739693614347549272
10691,1,5611916775826670644
10710,1,16169101645923296160
10713,1,16423410916735917795
10719,1,11259394467460182618
10734,1,13964577582483422582
10737,1,4688585847429984795
10742,1,83066485001142832
10750,1,12759820834373448592
10754,1,12802689491965899958
10755,1,14802695036301612556
10775,1,2467801664185259541
10791,1,10126811477370789818
10794,1,3612396647912153994
10814,1,1921811901167028189
10830,1,602742235694290146
10845,1,4828064925624157931
10853,1,5452724160809108437
10854,1,16086547957122118382
10859,1,6304333341349204490
10873,1,15222134655713008432
10874,1,10061166075581175373
10886,1,4495558264949913107
10888,1,4495558264949913107
10911,1,16750746054494642892
10914,1,15739324181397472479
10936,1,15442151682967459945
10937,1,15442151682967459945
10941,1,5744324458158832908
10943,1,6213693994234734712
10975,1,5204687974468912597
10979,1,1969796701569157922
10995,1,295022967096470733
10997,1,18273566621372663466
11017,1,14967406094373260164
11025,1,16743775506358641901
11039,1,6474706340039784312
11063,1,431501700467638274
11073,1,2924998839655098739
11077,1,18268937146351470125
11089,1,10743294292092123657
11097,1,15962633324225787101
11121,1,11583381151291082059
11140,1,7536327810097321240
11145,1,16743320312489067115
11157,1,15541342780759374135
11160,1,10461711764826141676
11163,1,3044958361089633009
11174,1,9185389860053258004
11176,1,4993599608816373109
11178,1,4788534297301380530
11183,1,12119130347339738039
11184,1,6605974232380280357
11199,1,7857424139897534118
11202,1,308571008218926444
11203,1,8211016455579639007
11211,1,7739373342134092680
11223,1,11111278387263412891
11224,1,1099142715429032577
11230,1,2775038438464637523
11237,1,18412949143813131150
11240,1,16488083931549801670
11246,1,10442575367102335900
11252,1,6060150663970707115
11253,1,3147534586532773907
11261,1,8879891601288658610
11269,1,17357606762723032366
11287,1,18271999614612007515
11295,1,15197759039257410561
11313,1,1777981063454810223
11319,1,5891196519378400381
11327,1,233097511816005848
11338,1,12635901462768147391
11352,1,6312525593799106438
11363,1,1642728374411130380
11370,1,4481805898807358900
11398,1,5337169929874529716
11407,1,13068373211221750850
11410,1,3631866667290729928
11422,1,6258210484534645232
11436,1,9088547700840431687
11439,1,5521747602638045626
11449,1,14344270982348110884
11475,1,4470632023042619632
11489,1,14717477910045679635
11505,1,16071015028832296978
11514,1,11644651561853815827
11516,1,4805990444514221076
11539,1,1962662378787503359
11552,1,14369373022852353368
11557,1,9915480069566679854
11561,1,4805990444514221076
11564,1,10413215333426054650
11569,1,708981079199021147
11588,1,7669630530270440316
11608,1,8093832462000591445
11613,1,18062870075793844103
11621,1,6415378002907936060
11622,1,5120047925611876525
11623,1,15141726752462400822
11636,1,12852137454867677008
11644,1,6358723313499120011
11654,1,17071930527784285594
11673,1,1305125414816716985
11675,1,1701488139386416732
11677,1,8434276328778593808
11689,1,5068544282211475507
11695,1,10352901795900336230
11711,1,10175616724490872375
11724,1,16928108872366202102
11730,1,326246709366104704
11732,1,2365715668814464660
11767,1,1487320532535750336
11784,1,17727152895374557982
11795,1,17903479370350046840
11796,1,8759555732995543663
11799,1,1116641272739264795
11832,1,13086067535811325214
11839,1,13850172869370890503
11841,1,2784447860293774093
11842,1,12470089589053548975
11847,1,10717118373722697292
11859,1,1915295259510745521
11869,1,12686824069940953164
11873,1,9444693805695370123
11888,1,8077701264498074337
11893,1,6459899451494238797
11894,1,2344094682951555854
11903,1,6881068277424888649
11904,1,13348903801779279987
11905,1,8106217492519087727
11916,1,13220185335458183777
11921,1,17216824627762731267
11928,1,6307426028418758882
11931,1,14573126243710722195
11938,1,13921140726785505794
11945,1,918618931084910750
11951,1,12108511658517508796
11952,1,10063708444846946938
11957,1,4093814494676155324
11964,1,10310695638596114008
11971,1,17509503477158913397
11979,1,5507796886941566539
11995,1,12270216286618123174
12000,1,9850754011592044716
12002,1,531286075761055303
12022,1,12253339506658807321
12025,1,3557160188604958907
12031,1,6908268481454726396
12034,1,12219291454381443431
12047,1,12525566601397279475
12067,1,12679262026412103101
12068,1,12679262026412103101
12071,1,14634126244117140322
12073,1,9158182634476202470
12078,1,2012012066919035327
12108,1,10342285600708519147
12115,1,4604121300867920637
12116,1,14520801511338424883
12124,1,9449987327385584187
12139,1,12001961827611834849
12142,1,12658863464369759139
12144,1,15582117756459153832
12145,1,3335635578861106796
12181,1,8519849905635547525
12192,1,11524966731957515214
12204,1,16575577476373906078
12213,1,13992181298934961366
12220,1,2075439884480882403
12227,1,15830830975483581178
12248,1,10914260459421201278
12266,1,7799834032188220491
12269,1,9849548295204200749
12272,1,8660267138274654448
12273,1,18405934592512092444
12277,1,11435602560862093293
12279,1,7828710867487252090
12285,1,6482578119021351558
12292,1,4581147487745495231
12296,1,5390706130460314371
12304,1,2305096785072017338
12309,1,17809266148352449197
12313,1,4494267696951236976
12326,1,10438371377906226731
12329,1,2461473214509410587
12339,1,527995634730691284
12345,1,15404512842579298562
12347,1,17771810455395502539
12348,1,10170594427865073956
12360,1,3160997974265945116
12361,1,235541439568601650
12363,1,6868000842363328654
12374,1,17198945698167302894
12387,1,8161097457573458394
12399,1,5788974983940387815
12421,1,12671430918534616206
12440,1,5369159080121823557
12462,1,1737829053234090633
12467,1,10543555570524294437
12468,1,13739636425617921695
12469,1,17349825677125012567
12484,1,10689692569070874602
12487,1,18310766910341312445
12489,1,1676891402610453080
12495,1,15176657366428245317
12507,1,16002025759399069116
12539,1,9941076076356909085
12541,1,14204494206797976437
12551,1,16919256056562710688
12557,1,11800824067838617920
12570,1,15375679761829401749
12582,1,8901589747215020131
12601,1,2349360424445386877
12607,1,13285448491037830031
12610,1,16047836001858450684
12616,1,4432584429543553359
12623,1,15788649643819526439
12627,1,8932585195539131402
12628,1,9379171987205253034
12633,1,13403842972626821913
12637,1,4095036910948209590
12644,1,11573812504634690648
12649,1,16728071618021402648
12654,1,3341131686407884318
12683,1,9562031531748449161
12697,1,13081272061831718584
12702,1,15374962442036498688
12705,1,4693535171006165908
12726,1,712885656512228709
12731,1,9943110265389301232
12745,1,1204070706133215414
12782,1,12354329076117842884
12806,1,4048551030814232375
12808,1,5008519349591744295
12810,1,17115488469416169350
12824,1,5456213373755453201
12839,1,17483244025164370263
12874,1,3406587196476949511
12892,1,10537806006055033668
12893,1,5024569560736345935
12894,1,5937838619578021236
12904,1,12682736849768019203
12934,1,12682736849768019203
12940,1,13399065205122645380
12970,1,8856543175733383899
12971,1,1719917794452047884
12972,1,13467239878546132484
12974,1,1790029112703391082
12975,1,4571437652559244916
12978,1,18250192772473937755
12979,1,13039784264255450160
12982,1,10248872406950921415
12993,1,11671805644671005264
13006,1,17483244025164370263
13009,1,9094958930322638768
13014,1,17483244025164370263
13021,1,17483244025164370263
13031,1,227469238657404499
13037,1,17483244025164370263
13041,1,8503416609987516085
13045,1,93999699332714301
13050,1,17920487661470095809
13053,1,858451845860857864
13062,1,1441744282661642429
13064,1,17483244025164370263
13086,1,12003669159644402606
13088,1,3099384308890956627
13091,1,11671805644671005264
13096,1,18437010590973152560
13097,1,14512869161506447154
13109,1,10729227273750876213
13112,1,877130637285469663
13121,1,13120926612841665201
13127,1,11515538925591408329
13128,1,18394532819183869742
13129,1,9516047892399098445
13147,1,16629232454536173721
13177,1,16545757408943365093
13179,1,5539647122231210119
13181,1,16059564943800286503
13185,1,14061368105192441082
13191,1,5491351887268008678
13196,1,15296818563341590045
13212,1,5383422288903971864
13222,1,8098979602489871837
13223,1,1803967949423448941
13224,1,1803967949423448941
13226,1,15628406786641562997
13233,1,932744089199687248
13237,1,1066836423540410767
13239,1,10590056412020390969
13243,1,974338154685277414
13245,1,12430213876112872290
13246,1,17174780238931672185
13272,1,9035668302927548273
13273,1,3065620741242010493
13285,1,12289905627587086308
13289,1,14228791832398714966
13293,1,7770457425644353734
13302,1,4819215806697611284
13306,1,14416301744986192638
13310,1,13120926612841665201
13316,1,12285254033161915449
13319,1,16137466452699741181
13326,1,16545757408943365093
13339,1,13954557455728288479
13341,1,1892153563666918362
13362,1,11760330163255649243
13368,1,137518585396918984
13372,1,3316120082774345932
13375,1,6924103940823989348
13385,1,5337585518331417246
13390,1,137518585396918984
13392,1,3443535430726673990
13403,1,10747262973903483277
13425,1,5115044950769900107
13429,1,18033379592678676849
13447,1,3735664021782565688
13449,1,15560735494789838185
13502,1,11911199516475726796
13503,1,11911199516475726796
13504,1,11911199516475726796
13507,1,8188888595259041675
13512,1,6731659550511148156
13514,1,9690710265118315136
13515,1,8766282704240716544
13521,1,1929777787478987032
13560,1,12032433075887329823
13571,1,12845909153704623285
13578,1,16368614419684381298
13582,1,576444532938495643
13615,1,14762747135396740982
13617,1,2207713103303865551
13618,1,18164637347435986101
13620,1,13998477371329212578
13626,1,5408558928311351794
13631,1,3726429133871083652
13639,1,6046780227311993346
13642,1,2506941988167778050
13649,1,11641993235085215962
13669,1,6371306597788848158
13681,1,16085182883895102555
13688,1,5034672971658292438
13696,1,5912010761217036579
13704,1,9490040759473346517
13730,1,4704442337584527358
13732,1,2937336402119085473
13735,1,4511949923993493919
13739,1,4285158171345145913
13764,1,17129868752099518617
13780,1,3164877487896971542
13787,1,11482151519823751285
13795,1,12504696723374799136
13799,1,10568559888057787313
13804,1,16544833669873719025
13809,1,7582916789633221340
13817,1,9281336855561989876
13825,1,918643638874013159
13827,1,10557442027241659517
13839,1,189966708592544936
13847,1,10019393482423928327
13878,1,11664868035054063077
13891,1,15255347299019506744
13903,1,1102421113584143714
13917,1,743466402795599529
13926,1,1741035780858710892
13936,1,10629417291849987485
13945,1,12445792301713065406
13957,1,5386736072040270460
13960,1,14033740241573939089
13970,1,244235365943381672
13973,1,12621020485778571118
13976,1,2407196724263172882
13982,1,15135432738544426429
13987,1,4831735737754590192
14000,1,7184626974324364704
14005,1,10628951564095834023
14007,1,9264697486703618682
14010,1,719661036483534657
14027,1,17594225120592632972
14036,1,2244724071904982158
14041,1,4668203689098586418
14043,1,3470623890266948253
14054,1,17076119481764200436
14062,1,2244724071904982158
14070,1,15559819630496250139
14081,1,15529026681464317801
14085,1,10783155852328430495
14089,1,16338900328117172782
14090,1,5965940093621101034
14111,1,9160623082180274793
14112,1,5528596036179837349
14114,1,5640701251925525704
14125,1,17203980923570824443
14133,1,6358040734337137495
14138,1,1775417742082078105
14146,1,16856042166488785807
14149,1,5920950351363752166
14152,1,18187876403276362114
14167,1,15424669901552538413
14173,1,5311164712922152729
14178,1,15996596575967720263
14195,1,13889704283936981340
14197,1,15996596575967720263
14201,1,4602847111572868706
14223,1,17310729920459410534
14226,1,12354878411849917645
14231,1,17740759181406309032
14235,1,8777080871056866618
14246,1,9680818245717676658
14254,1,13751643357190973585
14255,1,13751643357190973585
14257,1,14820824039487932578
14270,1,5818566600395684861
14288,1,4800675432968637478
14317,1,9221503159083880737
14318,1,9680818245717676658
14332,1,16627347028015544565
14339,1,3576062614236087074
14340,1,2429159023913946149
14352,1,17983985823247759063
14355,1,16814139021794601435
14357,1,16055121301143804544
14364,1,2512006422997218690
14368,1,12756797124298014814
14375,1,9769668185958455887
14394,1,2680231170347878745
14396,1,4384110069141008141
14412,1,1025710726392360519
14413,1,13879247941408810938
14419,1,6247550641796148037
14420,1,6929687127085703278
14432,1,9706766246800775674
14437,1,6304858233764830388
14439,1,8412563285126053450
14455,1,8940569825385128063
14485,1,10938212762241266049
14493,1,3700564807416969599
14495,1,8634454017670793754
14498,1,6558006373162933459
14507,1,10986790810367061268
14508,1,4208436019188220426
14509,1,1032495079016246295
14518,1,18076990001725929105
14535,1,12251122796885654945
14545,1,13619520822230976147
14546,1,16651832745656458670
14554,1,3480942428476671714
14570,1,10541922594947031387
14588,1,17141635480117074743
14591,1,10531808514125296582
14608,1,10386225518514816592
14612,1,16081899151937745628
14615,1,6965178435894176527
14616,1,9211697414290752066
14618,1,9854112043765696611
14645,1,16382507469157114472
14656,1,8142735777669126049
14657,1,10386225518514816592
14658,1,8080488910611812414
14667,1,10180536627943680983
14680,1,8089422293867411006
14682,1,10586149679374764624
14684,1,2584636555158023630
14687,1,9794235194895833266
14693,1,9371306796435485902
14717,1,9948627609928937845
14737,1,6466259887184775988
14740,1,8725957470425265268
14742,1,6973950037072982439
14767,1,3013254007132881129
14776,1,1974601429071328857
14779,1,11917420030275766900
14780,1,11917420030275766900
14787,1,11363615120080354298
14793,1,13555377631203587938
14794,1,1746250574263482113
14812,1,18192631916708681966
14830,1,7184220086946060294
14831,1,4020912631459473302
14836,1,12359593896281722545
14844,1,16991429153096611213
14855,1,1906827790276098082
14864,1,11619494651904079985
14865,1,4110058861342009251
14866,1,4110058861342009251
14870,1,4110058861342009251
14879,1,57678084416792804
14885,1,5343592040081628137
14906,1,13555377631203587938
14910,1,2898123383760512304
14915,1,6426134637492875903
14919,1,14172929601815101909
14924,1,9108208595825836933
14925,1,18445522762147020914
14929,1,13555377631203587938
14931,1,9752013598888011284
14932,1,3966742840196874224
14937,1,9009958891784868451
14942,1,12703486890446726596
14954,1,205993214542475588
14958,1,2172724118037454879
14959,1,14777146580028770995
14961,1,10873138600000408341
14964,1,7213814818996197086
14966,1,16257328399724849342
14976,1,2986681314561324578
14985,1,6359564070282800758
14997,1,7749577494799648356
14998,1,7809192613076778428
15005,1,378029423914041314
15007,1,8377528036797098205
15022,1,10345303882423798725
15028,1,7138206535172280304
15036,1,18428182010070951549
15037,1,10403905344906039017
15047,1,1951274225045957319
15080,1,4256397603397492185
15097,1,4025790848485902750
15100,1,16267697165420639622
15103,1,10363692979772645611
15111,1,14189075859135107748
15141,1,18128631648053023227
15143,1,16218146972527398807
15162,1,1836983092013890612
15163,1,5203342136205281711
15183,1,4615368808379629394
15188,1,10273730102619798112
15202,1,2677635218371423851
15206,1,8109948297679649224
15208,1,4237781386149950498
15220,1,3045680044244119291
15229,1,11425907663993230154
15230,1,13579254685209139264
15231,1,4655221855964574111
15233,1,16748307790641701830
15253,1,4655221855964574111
15255,1,10731525424005089250
15273,1,1773149946966914035
15282,1,4328568236873234674
15302,1,10273730102619798112
15314,1,2904888998302621603
15322,1,10250811560969088390
15323,1,7259938363040258646
15361,1,8207689963620755888
15383,1,9136598698035334823
15387,1,5139094937587623248
15390,1,535972716620648621
15402,1,5610590475425523934
15405,1,6641141908134320623
15418,1,12218027535341756201
15423,1,10845943501962646957
15441,1,13617209715808056489
15443,1,4714389517651595537
15484,1,12499198673972630208
15486,1,9867377886196880883
15488,1,12427004268990907287
15489,1,18122565086435136009
15499,1,15189413952387624034
15518,1,10028679535377316557
15519,1,12500168963293522580
15527,1,10246683044430830646
15557,1,6515967618739241868
15563,1,2252926404875245639
15565,1,3525617338779814932
15567,1,6900348619495462499
15578,1,726152414306028818
15585,1,1744602086450307338
15593,1,15799826316991731019
15595,1,3116396884350858546
15600,1,7859611832357169765
15603,1,17427982270235422221
15607,1,18290833762963735631
15638,1,16708905769865593421
15642,1,4526420599621858054
15657,1,9432581902711212349
15667,1,5699771010327189500
15669,1,9834942899325370244
15671,1,10737385374559490250
15688,1,9834942899325370244
15692,1,6518255633127145256
15698,1,2234646787417949266
15702,1,13701290383350715140
15709,1,4626379474124904608
15719,1,15399384236628518589
15720,1,396341652844473734
15721,1,9360051258870501514
15722,1,10849569899243143273
15730,1,10761425931017254033
15743,1,12241288077266419680
15780,1,9173763998113372722
15791,1,11819398386818044279
15795,1,7305508527587390685
15796,1,38811836055209141
15797,1,5519832352754919299
15805,1,9293796851014421280
15822,1,798192977965592998
15846,1,16746154329967568874
15850,1,9360051258870501514
15853,1,8648002189827642663
15856,1,18141435558883422742
15860,1,3054451018560417150
15864,1,16422082173137634948
15870,1,5249417649289406005
15873,1,11345990163650197787
15877,1,11205335118899831358
15878,1,13038611804471087943
15922,1,13837751575635952937
15935,1,10226415603923357106
15941,1,18126676115423693933
15952,1,1439865246728432955
15954,1,3974908539678418452
15969,1,15182725632060271453
15991,1,11604982977900734912
15993,1,3637596839887599660
16003,1,7921944935896979984
16007,1,12543276113693151297
16013,1,11353231144497176278
16014,1,7921944935896979984
16020,1,5573411603061712652
16021,1,4005715343593251090
16024,1,4755321768633473817
16032,1,394048388698010749
16051,1,17708002548510249264
16056,1,2490483125451927237
16059,1,11132509628134989734
16063,1,2721924794056911296
16076,1,7921944935896979984
16083,1,12806211160717665088
16098,1,14667914673979493320
16099,1,343045480650289993
16102,1,3178104493438992719
16107,1,9385764022286949441
16110,1,12085466322075615852
16116,1,6882249996737876355
16145,1,11629228270412431827
16147,1,17439826596361859951
16148,1,17439826596361859951
16152,1,17439826596361859951
16155,1,3551870436718749294
16156,1,13217576077548592707
16167,1,15128421514119329794
16191,1,14133323016951724181
16196,1,6751423654713584546
16198,1,15753174033357467311
16212,1,15135345739937796722
16216,1,4094357803745960871
16220,1,12643666388744495569
16234,1,11299176921161206330
16241,1,14672316902359849988
16243,1,86495074409801970
16268,1,12198713584689995843
16312,1,2539565510987400734
16330,1,14303598707956421934
16341,1,16951633242717983190
16356,1,4566416985831356588
16357,1,14146845141691188969
16362,1,118744030136463966
16367,1,8250641097385597147
16377,1,17674477698186081079
16378,1,8934282768513137274
16387,1,8040133001665607525
16393,1,11799293082649039819
16427,1,3965747703423739263
16428,1,7251419711011519890
16431,1,701962937811933096
16444,1,13796525524894821310
16456,1,9997039065584187728
16466,1,11799293082649039819
16482,1,17798264423723187911
16487,1,4659810271875144579
16491,1,10137998576598176117
16492,1,1124965568532616069
16507,1,4079486076795399088
16508,1,13784640905995016192
16511,1,12855028754993290981
16512,1,1416454358236320315
16514,1,4818689797432036929
16520,1,2027286294464863139
16521,1,14146845141691188969
16525,1,10110842302305088638
16543,1,9874804740593919007
16545,1,11881854061313818439
16553,1,3048835069438977691
16557,1,2695859563710920612
16561,1,8934282768513137274
16578,1,5634668269101376612
16585,1,14957690724881779365
16602,1,14803877890106699386
16607,1,7265353770800372782
16618,1,7980501062918243930
16625,1,7980501062918243930
16629,1,12069451079788700437
16635,1,12518058634071793989
16651,1,9167307601715172147
16660,1,17822127598381567222
16668,1,12323592554915302298
16671,1,9227639571209182933
16682,1,15685626108421357281
16684,1,9648669883198502384
16685,1,3201553232832218160
16693,1,9312747911418953243
16701,1,892978510779238456
16702,1,9520193805107628860
16709,1,1463699320363650722
16714,1,596971709359848972
16715,1,13527046244978775960
16722,1,13019676130981675335
16761,1,9508621849213849585
16770,1,14473841296593677329
16780,1,14735151506546922444
16807,1,864453975298336
16822,1,18272066715243635914
16824,1,8018758391359811637
16826,1,5958504790428469613
16831,1,12004454055398560302
16833,1,11156358279355758419
16847,1,2059231970425003481
16854,1,8663849336943444570
16866,1,15528047092886211656
16873,1,14995026482176124906
16896,1,16737468079527477781
16904,1,2672923486258804247
16908,1,7514282987889689055
16909,1,2762916243207132847
16928,1,9513551626311679196
16935,1,13443115660679081408
16942,1,7514282987889689055
16949,1,2011417853944032824
16961,1,9914903861363408839
16962,1,14382393358261680545
16971,1,16877412058446971139
16992,1,11850092184008234902
16993,1,6080454707405642930
17013,1,10968106180544015277
17016,1,1999812876075371680
17024,1,9698957500405049725
17033,1,6379433801452684199
17057,1,16786494084295341188
17060,1,5731197200117383759
17067,1,8545449999706931188
17074,1,14674504734753650450
17088,1,3689898224696517268
17090,1,5599152600951918418
17110,1,12232383022284879817
17111,1,17476981558267072873
17116,1,3387047203882041532
17119,1,13424578405660726836
17134,1,15835642927874149757
17137,1,13592718902971477785
17146,1,17476981558267072873
17149,1,15387121211585975584
17151,1,1113808825614015712
17159,1,9029649313132246654
17162,1,1834148900290991925
17169,1,8901930346058192486
17183,1,14698813656779987430
17186,1,12156926031400884903
17189,1,59448620729627247
17190,1,15572496012898764951
17196,1,17081731636771272181
17200,1,514415901925356896
17216,1,17638819740670273751
17218,1,10509049332078762913
17227,1,8545449999706931188
17248,1,10303499599641066335
17257,1,6059804700708204816
17269,1,252320155822956988
17280,1,15175988224042206369
17285,1,16149096910953716448
17287,1,2818995780970825064
17307,1,8225961774730806914
17314,1,14588005701327987897
17321,1,12228208859320977047
17326,1,18006704092097487673
17350,1,18068864833939888718
17359,1,11342367731907462826
17362,1,12133520374335212040
17367,1,11903061175641070178
17376,1,17758304103451080443
17395,1,14736335734204537220
17402,1,15134363596151385128
17418,1,17758304103451080443
17430,1,15808381876160047827
17433,1,7233704404303891977
17447,1,4510665961042231602
17451,1,1484433044895609105
17462,1,15500967267246532160
17465,1,13282369474556873672
17471,1,7035649277247284115
17479,1,3097787381635639407
17488,1,15872555998052917939
17499,1,17838125560241870682
17506,1,9063530650544546123
17507,1,10742092820632784388
17510,1,16005054856600898747
17513,1,11903061175641070178
17519,1,2693769198698347487
17535,1,861062409339010965
17551,1,16157247366749944993
17553,1,13885252897951172233
17568,1,17265233919188523923
17585,1,2682439794384442696
17597,1,14404444657960045393
17599,1,3457571914176828787
17600,1,13821766029974058569
17613,1,138260664345355620
17626,1,951904820237136656
17637,1,16728747926879741753
17642,1,15946732742401189054
17645,1,1933000425510959707
17653,1,7569575431895738639
17660,1,17778105658993356501
17665,1,10431869386474225012
17674,1,14290584884377472399
17678,1,5496057900808546789
17683,1,228548845444569346
17685,1,15861954957616989519
17722,1,12280620491782756798
17732,1,6330084758809071405
17737,1,3541302683281236956
17740,1,11255092427599101617
17742,1,11255092427599101617
17746,1,2207886047086999238
17751,1,12866429404016982556
17756,1,7881068529380629861
17766,1,7562962741903994812
17769,1,16372020279474622119
17771,1,7868595654389387497
17782,1,15078623449058202283
17815,1,9754337181562619180
17818,1,14165157489888306164
17828,1,15480866165681369981
17831,1,4535909963992394520
17833,1,4390626202092559249
17856,1,12667763089251160466
17862,1,12964919750840841891
17875,1,2047229200850670133
17878,1,14237671492842798665
17885,1,4999433414389363718
17889,1,5584927510631548341
17894,1,16732486406981284420
17908,1,293526645038013800
17917,1,9939821614891582654
17918,1,8092515463057022616
17925,1,5343471567475558085
17927,1,12543276113693151297
17944,1,15405418756400357858
17955,1,1228509886193178627
17966,1,15649575919513436243
17983,1,968060121544719349
17987,1,3993687181158774537
17993,1,4482997159138811742
17996,1,7052919582676785692
18019,1,16845196381119172921
18023,1,1451877771491273714
18030,1,12660005072190123099
18042,1,5685726557180041677
18058,1,13795646684643343783
18063,1,13507123094988451753
18064,1,5870249736879114881
18072,1,6054501504169553483
18073,1,6938771601053337768
18082,1,9694624982719930800
18083,1,15789500569820981807
18084,1,8079358854260461224
18089,1,8183519270563064569
18133,1,17507139404391207025
18134,1,12513276498275871097
18137,1,2974344832652153928
18145,1,12100563506607394762
18160,1,3154094398112082384
18182,1,17839231549975284694
18194,1,12408173895145678522
18195,1,1965246874358145289
18198,1,3239903532072959436
18201,1,14172971854380714951
18215,1,8063716161786293192
18216,1,6909882883127384016
18219,1,13264233009803281031
18236,1,8462908085723199075
18245,1,15841776777299367609
18247,1,10889307696716714677
18258,1,17089646096280858339
18259,1,13706652745840896652
18266,1,4852277107270773911
18271,1,7047669470802008769
18277,1,13706652745840896652
18292,1,8585631086556301339
18303,1,17321898363661873593
18309,1,17473020895081725725
18312,1,13361461370412173741
18318,1,11516589702785133188
18326,1,7646931576411407859
18330,1,16797924911328690098
18351,1,144806808686455311
18358,1,3801374592081060300
18361,1,13457215363885489843
18362,1,16241846762640588261
18363,1,5617635054183597276
18388,1,13779238881337989052
18391,1,9069060119558523940
18398,1,12431044490416870355
18399,1,9069060119558523940
18403,1,4406623501204952470
18404,1,8502481814586549954
18418,1,4866295242701701156
18421,1,799503357825594565
18424,1,8744295425509809319
18449,1,1405368838582210783
18453,1,17792122197563510239
18458,1,17118836853914480531
18460,1,2455873431290491992
18461,1,2455873431290491992
18463,1,13189840305293461949
18466,1,2455873431290491992
18477,1,10731298368385603032
18482,1,1405368838582210783
18493,1,16835895193864641689
18494,1,18333982692452387626
18502,1,5309963111909047512
18508,1,5184587219737189285
18509,1,1175925118979167162
18520,1,4051028085023072335
18528,1,9906625439049532670
18547,1,536546716765994605
18552,1,11813885948207276664
18557,1,477161616822225062
18559,1,6733352492757931310
18575,1,8737330529207070821
18576,1,2404943145016363810
18577,1,2693774527374480813
18599,1,3332637425196698398
18602,1,14194814814590721744
18625,1,8661101094866249712
18643,1,702238284631738857
18658,1,5810228855323522620
18667,1,5842277908944894922
18690,1,11489114949148202337
18692,1,6858040176819593611
18704,1,4581418374054584911
18714,1,13916268074239833713
18715,1,16118563956796118522
18718,1,1174983622408921516
18719,1,13158089628609467036
18724,1,10289324575745486154
18727,1,15028351236682356551
18748,1,14829709497947570443
18749,1,3018304385561498651
18775,1,1370192346798785817
18776,1,9450394952899823781
18786,1,16541393439732326965
18796,1,5657139669715373609
18804,1,10091740546714380772
18808,1,3581154885271363029
18820,1,2063460621449162526
18828,1,881273117075061439
18865,1,9810176924994745841
18879,1,717425397009193177
18899,1,7694635177645792713
18904,1,3607528379017618596
18907,1,7901900267239316276
18943,1,3717546585221869295
18947,1,3746054725948588785
18963,1,2857031290636005955
18966,1,16760867006442781017
18975,1,9444873777459274374
19005,1,11638982412972771512
19025,1,13774661897594736137
19060,1,13252782245838314997
19074,1,9165038616003937976
19077,1,2741731453582314058
19097,1,4071043856012821208
19106,1,16113683126009992619
19108,1,16113683126009992619
19111,1,12142584411694652767
19116,1,6297064619341327787
19136,1,11187801790517976324
19151,1,16771998265018420043
19157,1,13677921276287868244
19167,1,8577502030398425561
19178,1,2116075360204501524
19183,1,2922733580395482460
19184,1,133767789175642668
19189,1,5016738195728342615
19195,1,17626666816685880504
19204,1,11489315280495691562
19205,1,4405715974702592123
19218,1,8844208837887244153
19231,1,16516401669436929371
19239,1,14815175203627983883
19277,1,5239251611245656924
19278,1,15821911765384070613
19286,1,4369195274346798615
19294,1,4369195274346798615
19337,1,7239079492174529784
19351,1,11101744121452627093
19354,1,8663002999034191758
19356,1,8663002999034191758
19357,1,8663002999034191758
19361,1,8467402347617371339
19362,1,1638387436002326276
19367,1,168860646472310129
19383,1,17845708610056065568
19388,1,706030472649825724
19410,1,14377872080765656631
19431,1,4210402594528059304
19447,1,14527498940646414333
19454,1,15484823931025653371
19457,1,4392434541065977880
19461,1,2100358305723313886
19482,1,1909962646566591858
19492,1,5550402311769864493
19493,1,5550402311769864493
19501,1,9271356537419462255
19502,1,8559295874935288646
19503,1,9271356537419462255
19508,1,5092284290401467149
19509,1,10272262481504409869
19511,1,13154252462741121929
19512,1,8997894466644994490
19541,1,14256741282739728575
19551,1,15698890600451828815
19553,1,18342324299158624233
19561,1,10451063948078519988
19562,1,8207056373346464251
19581,1,17207009547355756334
19586,1,8848347136316926543
19591,1,4594260758886047702
19594,1,6030392557312794484
19611,1,1655548512739654766
19614,1,5820794133522469901
19615,1,17773385832610900545
19620,1,14760529618556703298
19625,1,17206545994987822010
19634,1,10860279185834662732
19648,1,9937439829250735296
19650,1,10772477054680704935
19658,1,14063587503439553927
19669,1,7297789566666572585
19677,1,12599955083719899988
19681,1,6368414697084893954
19683,1,542926016472078261
19684,1,7645572186741055220
19700,1,17084205157124402017
19705,1,16338157893009441279
19714,1,9283067955366104537
19715,1,5617522806115621137
19718,1,11484725617291719349
19721,1,145552488929815839
19730,1,5617522806115621137
19732,1,3359408936960920479
19734,1,1913923722425887714
19736,1,13667842341292532147
19742,1,12413034896723617645
19743,1,5901822205755389385
19744,1,5733426280282413125
19745,1,5733426280282413125
19747,1,8540900666244552893
19749,1,10459855567187749872
19762,1,3244049256800129586
19764,1,6224803306705677472
19779,1,5901822205755389385
19780,1,5901822205755389385
19790,1,7543337690677774169
19792,1,8001908051208350378
19793,1,8001908051208350378
19794,1,16085192979882160907
19798,1,4923515938058347941
19816,1,11799275918117929746
19818,1,4625300354330839727
19826,1,9473298792808490039
19827,1,12535191039953816086
19836,1,8175006081593150806
19840,1,6901428543363762809
19853,1,11907809992869086767
19859,1,512762251567675457
19863,1,5547741316960092852
19869,1,8001908051208350378
19871,1,8001908051208350378
19873,1,4474414380551943228
19891,1,1498865263183703614
19927,1,15885151176550942247
19928,1,2638240019210376711
19940,1,11606410274516163474
19945,1,7153103590624592066
19949,1,4595075557420896749
19955,1,4595075557420896749
19956,1,7859507612153719666
19957,1,4595075557420896749
19960,1,13997961626230373909
19963,1,11622598393891867700
19964,1,14807678663374154145
19979,1,4159017898606990803
19987,1,11586720672399645877
19988,1,5801797498033614859
20004,1,7659883214021584338
20014,1,10075666741531080046
20025,1,16960541131926809357
20029,1,2186852544000053754
20035,1,5585298824063125865
20039,1,987701522377046731
20040,1,2270082299906353899
20042,1,4503499427279569878
20050,1,2270082299906353899
20053,1,7249984194116152421
20055,1,6366958069700682548
20057,1,17774650254575001001
20061,1,12174410328155136701
20072,1,906318104036887211
20076,1,16864604333936610290
20078,1,11136686891947057974
20097,1,17963182600951478023
20098,1,8847852879703547659
20102,1,8218399805313493254
20103,1,160508153888963958
20112,1,906318104036887211
20119,1,14679036616003475469
20134,1,7939933195711891467
20138,1,11186706739345819262
20141,1,11186706739345819262
20143,1,2426478549737532643
20145,1,11410945211129656221
20148,1,11410945211129656221
20150,1,6186954322839904411
20156,1,7890464931289276881
20161,1,12174410328155136701
20163,1,12834929186677235485
20172,1,13682455095152523220
20173,1,8218399805313493254
20180,1,2395160180570524347
20181,1,13198745466221504598
20185,1,6186954322839904411
20188,1,12904655381071212143
20189,1,6446814296090554226
20197,1,1355375941898864773
20201,1,16864604333936610290
20206,1,17472149913257485343
20216,1,906318104036887211
20220,1,12174410328155136701
20222,1,8690014442495833286
20236,1,2449593985886463265
20250,1,17764889593559691874
20253,1,5526404900055002143
20270,1,7368412399725660559
20277,1,6750367609055285962
20305,1,10901429989633853902
20322,1,14114232306576527586
20325,1,15785511099327328504
20331,1,14213034289037901732
20340,1,6461557707996846922
20347,1,18032026143980399966
20349,1,8601874863060834664
20372,1,17225110841353361642
20386,1,5041764293104545444
20398,1,16030309965587562641
20411,1,13492618952520385378
20441,1,12787722555865598500
20447,1,14520042653219919880
20452,1,10407755908813116661
20474,1,16539589121401286072
20485,1,1825671399997424603
20514,1,1489950799182626021
20521,1,6254946901411888674
20524,1,7123958255811446678
20531,1,10160164680916019359
20534,1,10160164680916019359
20537,1,12184087970612429528
20538,1,17987109993355294596
20539,1,10160164680916019359
20560,1,4558892395915719274
20573,1,15334875325370209472
20593,1,2307743613527291850
20613,1,5631154953170965886
20614,1,17433048749313483831
20620,1,7507088307038613700
20631,1,368701430287875897
20647,1,10607813863281765953
20669,1,2769145066951074490
20674,1,6702351995914804309
20675,1,949630174663234685
20676,1,7308441333533098019
20690,1,18100724192085708997
20709,1,3323151290644992720
20720,1,12029558938682481903
20721,1,17756735351450123132
20751,1,10751006609066752054
20759,1,1412025891730591361
20762,1,6149824427954694656
20770,1,9564065583614548214
20771,1,11508967437593019575
20798,1,12255344619237218852
20802,1,8599126010252116788
20803,1,3413324404187235041
20830,1,17450746086395686248
20833,1,766257209108587312
20838,1,16473070190019425977
20843,1,9694072954114223712
20846,1,15951301164919962800
20850,1,1534771067612685272
20868,1,7860619924878671983
20887,1,4262406500671076668
20890,1,16224593299091754501
20893,1,10095822341375406004
20900,1,5964646774277516596
20901,1,6800569272859696529
20904,1,9734934729238848495
20907,1,6911927334850234164
20909,1,17563111336148236147
20910,1,10167651391474335325
20967,1,4262406500671076668
20975,1,1922526264933155383
20977,1,1145000393323788781
20982,1,14176452699344252645
21001,1,13839184955881454890
21002,1,15802400459595902935
21014,1,2414851547611063483
21025,1,16933474408177383856
21038,1,4866645308055082967
21045,1,770054086817110742
21050,1,15052874807160011617
21059,1,8533791484858088424
21064,1,8304756779158281004
21101,1,17328608493598710035
21116,1,16913634621704056632
21121,1,9799271126647022920
21130,1,4894602690575991428
21135,1,9799271126647022920
21141,1,11571870978337709534
21142,1,6079316473872913631
21155,1,2459787651665060924
21160,1,13404456673514438622
21163,1,1522987257713953917
21170,1,16913634621704056632
21175,1,4030480190703429435
21200,1,16184542057387116053
21214,1,17374921326847439567
21215,1,1231537062647090586
21226,1,2642719708982287584
21234,1,6302928858543879275
21237,1,15040345946872284456
21249,1,1484301206623221695
21265,1,6851697130647038536
21283,1,17234305981689643003
21284,1,17417021137934297564
21287,1,12439689840301840889
21294,1,17349630048778045304
21345,1,18274627240297802466
21351,1,12284713307400240025
21358,1,7107338713596638074
21364,1,7111809441821205303
21366,1,15476111070695804366
21368,1,15115960163109014320
21369,1,7487304932325021879
21371,1,2609610687861848638
21379,1,4871208860233556596
21384,1,11741999306151774898
21392,1,14319829624073531294
21407,1,16720626609083337945
21412,1,17840888009602266560
21416,1,14398000408995492478
21436,1,17224138701084662134
21441,1,5400380367515748346
21443,1,5400380367515748346
21447,1,5400380367515748346
21453,1,8619051346505127420
21454,1,1184135871570591507
21465,1,7644094247907359214
21468,1,3078690411983618014
21518,1,18353075945357280738
21535,1,13735406993211906464
21557,1,2759299939251234379
21570,1,4261466068162501596
21596,1,13821095832417340653
21655,1,4261466068162501596
21661,1,12904692056364838361
21663,1,8157593100214792057
21665,1,13738411450868417141
21668,1,17382419389505056526
21673,1,14863572944785752494
21675,1,14116634510746798609
21681,1,4631498958977967546
21683,1,8026257521038812078
21688,1,3395013093657600992
21693,1,8876152694984560854
21705,1,9009661427434318314
21709,1,12969552922578472718
21710,1,3103129359558148779
21715,1,13190109050759483012
21720,1,16001213610849730874
21721,1,14794984585785605360
21728,1,3259073857156266236
21744,1,8454737704160745426
21754,1,413443130977521887
21760,1,15897244138895142751
21777,1,10729774270523792870
21785,1,10740844443994013459
21788,1,365188908740956239
21792,1,13676956585376066106
21804,1,7069651633809147605
21805,1,10095915420941844653
21807,1,5175973579526999696
21811,1,926666530920942100
21812,1,7200156632292511326
21814,1,4319688097192507052
21818,1,17404406949450763630
21822,1,16348703871308437119
21828,1,4783025682932159913
21834,1,15749877529893384449
21845,1,5056684081648383445
21853,1,15749877529893384449
21854,1,9544400107929908434
21857,1,9761287136435032034
21878,1,15042147588837238104
21879,1,9025779150241803659
21883,1,551666295327481884
21884,1,8807416619700354537
21886,1,13617810313641926727
21897,1,13617810313641926727
21899,1,2024330966208695516
21901,1,7069651633809147605
21917,1,8526644649038171615
21932,1,3212290184082631640
21937,1,9285987500292015862
21939,1,7069651633809147605
21944,1,11367554827900488424
21946,1,7463834410998138875
21949,1,9924132896174976222
21950,1,7663885233607798366
21962,1,7069651633809147605
21968,1,9693332082496854517
21972,1,2354841070057109015
21976,1,7377825329155316026
21978,1,8278552179111265460
21987,1,9783689304524035866
21990,1,11319144281709241383
21997,1,9693332082496854517
22017,1,15715260549498980265
22021,1,5978870159491196655
22022,1,10919839559608741516
22029,1,11138588741911529424
22040,1,4990881562118093139
22042,1,15715260549498980265
22044,1,17053135060584140886
22058,1,3266741393210362736
22070,1,997344839321884854
22074,1,98738038764888501
22080,1,5526745111090940691
22120,1,6407039487156912945
22128,1,8947256957923865668
22130,1,8947256957923865668
22132,1,17487268239326272119
22140,1,11250772108523419693
22145,1,3432964400728912357
22154,1,2634954439589062436
22162,1,10665320783851585920
22167,1,16080640920641652150
22175,1,16080640920641652150
22176,1,4674127370942184947
22179,1,13608249304710468440
22195,1,16937411194081316155
22206,1,5279852066828419397
22213,1,7356206742194327823
22215,1,7356206742194327823
22217,1,10834159018151874168
22224,1,4674127370942184947
22228,1,11589673224389631747
22238,1,15315246906103479532
22247,1,1834336469365269020
22270,1,4674127370942184947
22272,1,11113294536013831545
22282,1,8104167721752314396
22288,1,3477127562606461245
22289,1,16259187300539545209
22291,1,8527988821554338212
22315,1,9659611069150902651
22321,1,9805316241159334857
22330,1,2266424155250173918
22331,1,18374194662796985865
22353,1,4674127370942184947
22354,1,16632498868812568480
22361,1,13098740416194109898
22363,1,7453635397432116800
22364,1,16546716077923373265
22367,1,13098740416194109898
22380,1,14806703362718005685
22390,1,14921564725834149449
22396,1,2129995953862044312
22401,1,4354762828782467890
22404,1,14505166903979722196
22406,1,9815270940947038834
22407,1,9815270940947038834
22420,1,12568364346510979606
22421,1,12568364346510979606
22428,1,16414726739392777701
22433,1,16107755177234792713
22436,1,7608484142202033692
22442,1,14117710695929048112
22445,1,16107755177234792713
22452,1,16107755177234792713
22462,1,5998732890155178486
22465,1,8059004802598141634
22486,1,319798503712386400
22502,1,16107755177234792713
22511,1,11587828158788849557
22519,1,12568364346510979606
22521,1,12568364346510979606
22529,1,515466885339838680
22533,1,8498393361144223299
22600,1,12272567192678903900
22608,1,9335350915802783329
22620,1,857322079677776332
22623,1,14985887013016984508
22628,1,12400364518388317030
22633,1,7476211329479709858
22636,1,12777192687737867121
22649,1,17519719595573672431
22660,1,11122204290111247640
22662,1,17786491960569647539
22671,1,9850427573177075534
22678,1,14298536938481726849
22683,1,13199104588874341987
22691,1,5800422832610330145
22692,1,8328227789234133595
22705,1,10539359733403605092
22717,1,7299765284569784811
22724,1,16754222350165643747
22726,1,10653013302334564564
22743,1,1504812956235675492
22746,1,2236352946221006507
22760,1,6337439877735473283
22762,1,9882623156753888456
22764,1,1453913240262762508
22771,1,17517116609965347704
22774,1,13473740370842584881
22780,1,17517116609965347704
22786,1,16531464010965585150
22788,1,10910992489478407508
22794,1,6446814296090554226
22816,1,9717617086394750130
22821,1,14990976424887592458
22854,1,13971313508490987205
22861,1,4133765887996920039
22862,1,4602892827073333231
22872,1,3654356545123103600
22883,1,6156154041518455854
22905,1,310816700872681467
22911,1,10477563941533793940
22926,1,15652124973572237862
22932,1,11191544619171838408
22945,1,130116207596476418
22954,1,17765215164193345751
22965,1,6116752671762336633
22968,1,3675574057856450507
22969,1,6907843038981393974
22971,1,4011074564413146198
22975,1,9397902975573260000
22983,1,2631023967579052302
22999,1,13712777362061756178
23014,1,563021866002285979
23015,1,6190528183655692114
23022,1,795718560655902063
23055,1,11385688762395372296
23078,1,2161560554587805877
23087,1,5965655744100205282
23088,1,17842709605656273198
23093,1,15528931998004460769
23097,1,15528931998004460769
23102,1,3139005388744422656
23110,1,10635146491096757957
23118,1,2022388070133968665
23145,1,9569421621770559557
23155,1,11768229954887868029
23166,1,7434496454781589128
23176,1,17699269376072327696
23187,1,4862248263110775964
23209,1,1464020779775014911
23227,1,16670769096235751068
23232,1,17660288494823575457
23239,1,15057052246950225448
23254,1,4494043578207389782
23259,1,2940432875803130631
23262,1,8528976560524751074
23266,1,14248290628601216516
23272,1,10126340282855698008
23299,1,2474878286378849108
23300,1,8778096307884714402
23310,1,8896223411679587248
23334,1,10360828576382103838
23335,1,6986328537842390359
23336,1,8519625141076362025
23339,1,2128754546920065971
23340,1,1694608696844863251
23353,1,3859710537464617743
23362,1,11103536884774305990
23365,1,13696912097765916148
23368,1,16143173972966138136
23369,1,2128754546920065971
23371,1,16973622657054327985
23384,1,9674578067870618539
23385,1,98738038764888501
23394,1,6291462379240887793
23402,1,1788233326678586223
23415,1,6893124229714063897
23420,1,18391457420398594460
23427,1,13669027657157309612
23429,1,11371583344048237034
23432,1,3564649219744823501
23433,1,2128754546920065971
23435,1,3132955877108643032
23436,1,4173707510248043996
23437,1,10697318234354594183
23447,1,16952068649995446206
23449,1,2129627522795139763
23452,1,2274489384037169659
23453,1,320798586045130573
23458,1,6147824754739090345
23465,1,17151063334133647907
23466,1,6147304825771345400
23499,1,4469407541720532981
23501,1,9308315335170076040
23515,1,11527113975745706483
23516,1,16063727565364063161
23523,1,10679447757025953927
23530,1,14761934216246249150
23548,1,10058188685894183804
23569,1,12487696596273169294
23576,1,675310371016425694
23580,1,9887983418852127486
23589,1,10740101170227172488
23590,1,4262489136835875077
23601,1,18407103976691898179
23610,1,14612370782172728871
23624,1,14445340696233536107
23648,1,18279028235454338106
23671,1,13305376575458442676
23678,1,16323884866927422381
23684,1,12114884942704677213
23685,1,17441760419044088548
23704,1,10149125935591360626
23713,1,126226396786812943
23720,1,10241634608462229709
23727,1,17011008745524811535
23731,1,12802290224278041035
23739,1,15187892927008146781
23746,1,3780392113486678142
23752,1,13679484190705766347
23753,1,8274289202972059103
23762,1,12278764080232375323
23764,1,3780392113486678142
23769,1,10710434033513598122
23776,1,9040695268636752290
23781,1,281377476449294081
23786,1,8205720682016789242
23789,1,5220887561037062126
23811,1,9404099987346642408
23816,1,8410354500040270155
23817,1,8410354500040270155
23828,1,3141697141253283301
23842,1,12782855957773953169
23851,1,16584992240918432766
23873,1,11083527654846819135
23876,1,6427404316535967754
23886,1,17185228717194400481
23890,1,3375660243180213980
23900,1,9879224589864018727
23906,1,1512879541019612234
23917,1,15422443151269249914
23918,1,3592196182918363188
23926,1,11900749240581271449
23943,1,11529824831672925026
23949,1,1436957065958395711
23951,1,17480057196433996256
23953,1,13410493916851724852
23967,1,1171642121129782961
23971,1,7673457661515539090
23974,1,5646838205330744165
23975,1,13471949574553534290
23978,1,139710197093215190
23985,1,17520601886808153226
23987,1,6524118524696503369
23990,1,17853161381694391670
23992,1,14819281755607971062
24000,1,18213847180485799453
24010,1,4908675299792446945
24014,1,14647744212084391129
24025,1,10404246550963578007
24026,1,7181308571262638781
24044,1,11585068294169047049
24045,1,6207916192998205654
24046,1,6694433224412069610
24056,1,6208008751291685372
24063,1,18379320789060383784
24065,1,17088544587367867261
24077,1,2046221520206820720
24079,1,2453441574341898468
24082,1,6171342689666544467
24085,1,12932777118860351226
24096,1,2144090711410381503
24102,1,5447854750825382945
24104,1,1105282572147056513
24109,1,10162379390138417248
24112,1,15387808547540510168
24135,1,4128124197680562753
24138,1,10526209705438615811
24139,1,13901518605648682090
24141,1,5415016803953261874
24144,1,8671229009598308340
24145,1,8671229009598308340
24147,1,9393109812235911947
24155,1,4897597825184176542
24167,1,16941342001830062207
24170,1,14107146742065783747
24171,1,3118427356530449401
24173,1,7265471586648018951
24187,1,4659413415288612652
24194,1,5511268710657276983
24205,1,12358630586689726038
24210,1,15475207992803766040
24212,1,580629143305984102
24220,1,860985776407577579
24223,1,7314889636084619927
24224,1,14692005589062404054
24229,1,4159370456549359231
24240,1,3304889516875543714
24243,1,14827045774654210814
24246,1,14827045774654210814
24247,1,14275436804151333189
24248,1,1468842455915705766
24252,1,14107146742065783747
24265,1,13318097402743203385
24270,1,11921581684400419357
24278,1,11921581684400419357
24284,1,4546359310821033983
24336,1,6917931957655942306
24345,1,9610412664661151795
24359,1,12878685869348929715
24392,1,2609228897968918600
24398,1,17485022386433950866
24410,1,17875085360592952553
24419,1,15038432208091350669
24422,1,8268056992458062448
24425,1,5671156396544839433
24428,1,10406959889527741514
24432,1,860985776407577579
24447,1,14107146742065783747
24458,1,9818362063573176780
24463,1,2711690866458012359
24465,1,10096490867840189490
24468,1,10096490867840189490
24469,1,15980592615681303704
24484,1,8116201676751954640
24488,1,13829063163538210234
24514,1,525664154285691388
24520,1,2544605534273389962
24531,1,662916953948386323
24543,1,6794499485003797303
24557,1,15631824427790416194
24558,1,18011827740953839619
24561,1,15471813157353809493
24562,1,8845660270036093526
24581,1,6034005080486928823
24588,1,12393138987067245675
24595,1,3755840444985917389
24612,1,8146541046986506300
24613,1,3294719241100283735
24619,1,14327295001351369990
24627,1,14012890601782873417
24637,1,50129472894781579
24642,1,1807125294141423277
24648,1,4603844927872447173
24657,1,9880134971686750027
24661,1,8606028936928570571
24710,1,8834866546543831868
24720,1,18150359857282144929
24725,1,13766189765787771399
24739,1,13702368202771376115
24744,1,11654577940696922530
24747,1,337267544933365511
24749,1,9672101019866180289
24753,1,12368811918108681314
24756,1,4906298467298362807
24761,1,6832218927790486784
24777,1,18394987785709853543
24789,1,12568153707495199581
24792,1,5654268506365228000
24795,1,9867108078182628666
24805,1,3088482503067575590
24823,1,4260133973007851802
24826,1,6494250687503023109
24831,1,13527044580871483294
24836,1,13259257606747666625
24861,1,15415203358253837849
24864,1,2664375106485250234
24869,1,5681612503247876150
24877,1,15852739582909420070
24887,1,14189884234899579849
24894,1,15852739582909420070
24899,1,4260133973007851802
24901,1,4333245837281626321
24905,1,14244518436664797231
24909,1,3787597782241593247
24914,1,530954001243016830
24920,1,530954001243016830
24922,1,15234482274747679993
24933,1,16881597142300420743
24945,1,14572139426225471331
24968,1,7431649716530711845
24976,1,12555385053094666872
24978,1,2220438282604496807
24981,1,15808074815409395056
24986,1,9968085582635544199
24992,1,18152705597444143069
24994,1,85378929785425239
25002,1,14138547093943120720
25006,1,13939529609791998696
25023,1,9710605210038537379
25029,1,3828495430291194860
25079,1,787409791942418873
25087,1,8413826749543136208
25091,1,8445869614087448999
25092,1,3961139955134713414
25103,1,16271311478375992283
25105,1,14119314030461607129
25106,1,12368811918108681314
25107,1,12368811918108681314
25124,1,15878520478498776386
25129,1,3816720106368162938
25137,1,12657683420809546617
25138,1,18127584907935693580
25139,1,16402964684821198693
25163,1,8407627266470232743
25176,1,642123720817029266
25183,1,5329705319803860583
25187,1,824617235207846222
25188,1,9200657814032943836
25194,1,5329705319803860583
25196,1,12159094042337274641
25201,1,10964815603333445333
25212,1,3005975246748537855
25214,1,10575578988686749596
25217,1,5329705319803860583
25224,1,5884691380562852652
25225,1,5884691380562852652
25227,1,14380281330988235957
25230,1,17856555959652072236
25246,1,14726466592825037897
25254,1,6288212087218433897
25271,1,1156475915441024301
25289,1,3437760167939933305
25293,1,14437424294957728425
25304,1,18168311419450463010
25305,1,9187064906142600988
25316,1,3189042091410214819
25318,1,7354382251438750048
25330,1,4664845734292126725
25334,1,3828495430291194860
25341,1,6745528001262954498
25349,1,14374687636525229972
25358,1,964923355607028774
25360,1,9617540787574026812
25366,1,9617540787574026812
25372,1,6718861673090445358
25387,1,9862600854927369178
25391,1,2485393445443222756
25408,1,11545988517236273845
25412,1,14189884234899579849
25417,1,18403190241878240300
25426,1,6907055031681521564
25450,1,15863185118882838166
25473,1,14164665606110110834
25478,1,14164665606110110834
25481,1,6594641493946360537
25490,1,7823784415168382635
25492,1,15881702918686474850
25503,1,218042159112064086
25514,1,3740224258693693516
25521,1,6779394374124431742
25539,1,3985972380914092401
25543,1,7678170071189462782
25554,1,6997362800906069695
25560,1,10921373353855440078
25577,1,5165494625557093374
25579,1,3141721326726959345
25582,1,5772057282471700508
25589,1,11040805532732299085
25594,1,6779394374124431742
25601,1,15305796308654423089
25608,1,10089083154208819103
25625,1,8208755912403192655
25630,1,18182804564201474964
25635,1,11782756745211708508
25645,1,6729042685233455472
25646,1,16794227132719957417
25666,1,10502836700035451268
25674,1,1270699806351389065
25682,1,8745726534332552975
25688,1,16289066409640055626
25701,1,14041207464361918527
25707,1,5435026731399999977
25714,1,10384657221376364951
25730,1,16921587152456584363
25746,1,17384700845237197316
25753,1,16329417796898743376
25755,1,9408228112403358622
25777,1,9367199974267954475
25787,1,18207720587950079737
25789,1,6145294049370719741
25817,1,8469376684433796481
25819,1,6596930580878353147
25824,1,13158722440187446849
25825,1,11497419235312044772
25826,1,12405670609372539260
25827,1,9123624758209394397
25829,1,6918298417164839425
25831,1,18301902070527442296
25887,1,1162954704842803539
25891,1,15145970980213956650
25898,1,6596930580878353147
25908,1,10384657221376364951
25926,1,7618652755389284267
25929,1,5435026731399999977
25946,1,5659995915278909346
25951,1,11127300607898605598
25955,1,18097980254064692131
25964,1,9049268615249129008
25967,1,2044718647014184446
25975,1,13220799140425862189
25980,1,6492875695145174418
25982,1,18291661450785988581
25984,1,5352631760247196962
25995,1,12673116881140493066
26016,1,5305787918500974276
26020,1,4579023914374174981
26021,1,17823697899279198456
26027,1,320556958750545184
26066,1,13553664250082232149
26072,1,152426252783776088
26108,1,1974907022413169922
26126,1,6929979426099579590
26130,1,11931583315869002808
26152,1,407888896686436588
26154,1,16465525715747540269
26164,1,12741874219355128117
26166,1,12636347434200248596
26186,1,6994653334078651059
26190,1,10876834486870452969
26192,1,9194967718962173165
26201,1,7213864563785133712
26221,1,17561798504077071743
26226,1,4875798813437338627
26241,1,4642886757447963570
26253,1,17835920278913749932
26257,1,2648011873146158442
26264,1,3297819294115431458
26266,1,3335271774815644439
26275,1,14798702516170046446
26282,1,12379887789604803878
26309,1,5264126397241143235
26328,1,12882097638197792501
26338,1,15306078427878865579
26341,1,2534619911593976861
26343,1,14288422590598807759
26344,1,73498705166970916
26351,1,17149916199927391214
26354,1,3297310307362789657
26359,1,3297310307362789657
26362,1,14685456551533768462
26399,1,5997410926423677968
26415,1,8584720009383880545
26421,1,1463440553463936815
26424,1,17979203371131327985
26426,1,6234415883148830863
26427,1,17979203371131327985
26430,1,18439219155739575501
26444,1,14707554961189138490
26453,1,9795538840711255337
26460,1,12553359606865508221
26476,1,15391619130756598722
26478,1,11514865070237019877
26482,1,2834142439865036932
26483,1,2834142439865036932
26499,1,14288972293957706146
26500,1,7844407099601517529
26525,1,7181969051572477076
26534,1,6454466532201108337
26535,1,16077152448648283121
26537,1,2954195036745832004
26541,1,5923806511373046389
26555,1,10635551446731083005
26556,1,1685131593914755931
26563,1,493090500645760430
26565,1,9677349271281430239
26579,1,9243210571993235589
26611,1,8113390718048444734
26617,1,12664096557519840902
26621,1,8666383109722346663
26622,1,7809225422496182416
26630,1,4182852779483832863
26632,1,10713997184920265619
26635,1,15668999620035865089
26660,1,15590160787755345874
26673,1,6131754168270798047
26676,1,14411182797052068179
26693,1,5959398618892461258
26697,1,7657236087697792766
26699,1,6176631457996561323
26702,1,16921461923603060199
26704,1,6621688657224806806
26706,1,18311334046771937579
26711,1,3516820337015435997
26718,1,14810513666036547258
26719,1,3605938142429376894
26721,1,2214158078174809280
26723,1,14287930602184077806
26726,1,11323434478268528463
26729,1,14214491886046455180
26730,1,17295927500022428399
26733,1,17048904165916117558
26744,1,10049158997750393789
26746,1,2729005477822106452
26749,1,1229750808442018097
26754,1,7351538717415735315
26757,1,2634888903112843901
26760,1,2940725704740119115
26765,1,10146718647982087853
26783,1,17342037032567708870
26812,1,11363847467289135549
26826,1,5376422917251614378
26839,1,8332933713884939359
26845,1,865613530284328273
26848,1,7855879283120796757
26895,1,11695488709937498372
26899,1,5950262766644523214
26901,1,1027286075337579157
26910,1,13097191334028157249
26919,1,9709970287402031058
26930,1,7861819946173086126
26942,1,860527076603663952
26949,1,16963412134068712587
26953,1,4685329761678397044
26954,1,3988174030377847963
26963,1,16083538438238883914
26967,1,17804011755544455027
26969,1,8510233111353706771
26993,1,3095352082236490170
27003,1,6577265415839639598
27015,1,12594898577270675925
27018,1,624343231601313737
27036,1,9731535865013642229
27052,1,2596203970332183850
27058,1,13517265492435212003
27087,1,11439771668722502985
27104,1,8862513256287508088
27141,1,15263760187844440411
27145,1,6621864920178866679
27147,1,5175507709523975185
27149,1,6092935339640059113
27151,1,15719463976592479518
27159,1,16615705135813701999
27160,1,6682583829034269386
27175,1,11743059705054554310
27176,1,5241789748287553632
27178,1,16615705135813701999
27183,1,18035140468536935030
27187,1,12172393179985444840
27189,1,5038659964139983869
27190,1,9507121551324381470
27226,1,16864408128409010663
27231,1,7912405043948702777
27232,1,12793375277658940850
27248,1,7172302843991861196
27252,1,11414003777284937918
27253,1,16235312712163853771
27259,1,9791610669267300858
27262,1,4866252896710441594
27281,1,17593168882257063663
27286,1,12587804134865478313
27288,1,16251299700498722212
27296,1,12188933168126690843
27299,1,10136061729849481293
27304,1,4156298414861000482
27315,1,767596350786763627
27320,1,14528405409996304483
27321,1,6021660557966503672
27327,1,14899920358542682611
27340,1,11353762844894481803
27343,1,2221451138876395146
27350,1,9905096607893208876
27356,1,11365288751396679
27384,1,7222506902063585955
27385,1,14213951884493808820
27396,1,11906128295203564601
27406,1,12200894465443077538
27415,1,5434493069939266488
27419,1,1831256452372643311
27424,1,18348002815854207406
27425,1,11389445382364490001
27437,1,12304820050954560238
27442,1,17627286883334984233
27450,1,16579428228703068141
27460,1,1706240103255936882
27461,1,8611632675928032531
27470,1,7723080656010188575
27481,1,6208161399806187480
27494,1,10765096456937200943
27517,1,5434493069939266488
27521,1,18072602987367855891
27558,1,5296688716524219458
27567,1,1097334266502156229
27568,1,1978160551083575959
27570,1,6591992401870454755
27579,1,10336142994717461891
27596,1,18349125115571687199
27598,1,11379261254467469519
27615,1,5776094698817220104
27624,1,16060277942811425465
27638,1,9334234356646503055
27651,1,4489860645106750577
27660,1,10284172290940310190
27663,1,17729534352318549508
27666,1,75174376972143044
27682,1,18426709410603378090
27684,1,5244354892919070642
27694,1,2034450773267813146
27709,1,11989988476828892141
27711,1,11989988476828892141
27721,1,4464695714838438737
27722,1,6320605056814122221
27739,1,17306425875905399715
27740,1,12213329323150724068
27742,1,14165890856404787705
27745,1,16065508255014977231
27752,1,12213329323150724068
27753,1,12213329323150724068
27754,1,15802439711605130213
27756,1,12213329323150724068
27758,1,6350500325413427315
27759,1,15256758107936548579
27766,1,2620894506960082900
27767,1,6659110881977053876
27776,1,12129861097923744770
27794,1,16147564955405740136
27813,1,16036705957277307109
27831,1,6748593333818080666
27832,1,7984840710797124866
27833,1,1544157285147307850
27851,1,12620962011313495480
27858,1,11913927531176339330
27882,1,16795518522976107250
27890,1,14948685445343996056
27898,1,2659134960070733821
27918,1,6103285928090061248
27919,1,6103285928090061248
27922,1,15403118008962002437
27924,1,6103285928090061248
27931,1,11764013130903123577
27932,1,920166481966607125
27938,1,10609061803380809411
27949,1,8257128138214806443
27955,1,4576567478941648090
27960,1,1182904977968425301
27961,1,217697374125924363
27963,1,7652630059845161408
27965,1,11323147804870308782
27971,1,9293066630862815939
27974,1,1441740990207343474
27979,1,11989206117397079234
28001,1,17678600178673872919
28007,1,66071540245266136
28016,1,12950455788404493022
28017,1,66071540245266136
28021,1,1873528987475540656
28023,1,7540029047881284683
28045,1,18306157959499591409
28050,1,17547815338503850661
28055,1,11375494253481477732
28058,1,7734025031872372986
28060,1,566858998298276399
28071,1,17396317563383729509
28081,1,4769111975705118942
28082,1,1091094918948192898
28090,1,17076637742099060501
28091,1,8753677244484748014
28106,1,7833971624995623217
28107,1,4158155311152913469
28108,1,3067634144897776144
28123,1,14139199610294476218
28128,1,7531046932017028722
28137,1,6575080022927090901
28138,1,13186462258873135149
28150,1,10395297419875401413
28165,1,857192684087013482
28168,1,13539206815423679168
28169,1,5972630474227861998
28184,1,3907519269685454901
28193,1,10943441125865945394
28207,1,8076329171385283054
28209,1,6702451215572872337
28217,1,16942726999097989028
28223,1,4895001870494262155
28238,1,9610842862638227841
28239,1,4106885180952702500
28241,1,11826795815145177590
28243,1,12347319879248234666
28265,1,12857976269926314005
28271,1,11340306074638356928
28300,1,1465439618777163056
28301,1,13388143531793000750
28310,1,689797737281411175
28316,1,8574543679481799364
28327,1,12325997309877291186
28337,1,11916413004583997982
28359,1,17150571191785073068
28364,1,16380401367711158237
28374,1,14426408206831032686
28375,1,12355661837864860719
28386,1,16689653111136322355
28424,1,15828586260397786113
28432,1,3525980153097780972
28436,1,7464263391699104564
28449,1,11637682819802218037
28465,1,2108804366728111681
28471,1,7957849323621342135
28472,1,2008157523865775658
28474,1,7966793613272891965
28484,1,11921603602110200587
28491,1,72509115030192861
28497,1,3904339807600626632
28534,1,6906813083451383606
28536,1,15622550720595959413
28544,1,5944259157463371298
28549,1,10047843466553702995
28559,1,4802327731762468963
28572,1,2930510387232389212
28577,1,4017737424064676610
28579,1,18296191377586198649
28588,1,10060531161493960024
28590,1,4475874279529963826
28609,1,15649544324813728594
28610,1,16532984365089269038
28622,1,14272083283650052196
28669,1,13090559734190617715
28671,1,13090559734190617715
28674,1,5710107525092222095
28677,1,10793937677110802025
28684,1,11244729589579213699
28687,1,1240109965158415080
28695,1,7016531808703325520
28700,1,10977264601157372732
28704,1,14994695876282164951
28718,1,6725932487250382312
28722,1,17428987172687530206
28744,1,4011529976095247230
28745,1,1681970885827961241
28754,1,15429891322836533127
28758,1,10748737316694433958
28772,1,10127239831432941025
28774,1,1681970885827961241
28782,1,7387993883762716077
28786,1,12846658007644960291
28788,1,4778220905901350822
28796,1,2478990890027527736
28801,1,8974639022637330385
28805,1,13123121671317849691
28814,1,18090497273714832197
28817,1,12536218675460939120
28818,1,7387018912651528638
28832,1,12955333441433995581
28879,1,9719915942832336594
28880,1,15998355176812993897
28884,1,5263026448381923171
28886,1,5263026448381923171
28889,1,8526584809436608425
28901,1,12608304708426665437
28905,1,200934509175028180
28906,1,17380224563759039112
28914,1,16489602144775319544
28917,1,5403932693118987447
28918,1,5403932693118987447
28941,1,2093223563395163386
28944,1,7004318477986607500
28952,1,11505027463847423343
28957,1,7444502585989185548
28962,1,7695751575641193955
28970,1,15926822284544802591
28971,1,5831728548341344595
28984,1,10375314335997111774
28991,1,10616368744911432957
29009,1,7203578481430155521
29010,1,4138821099435043148
29024,1,384679378777581737
29032,1,6961040261226190785
29036,1,11153787423435752773
29038,1,152422591689740195
29049,1,13613895878718561064
29074,1,10705795383340460975
29076,1,4405811660322515528
29094,1,11886637693430332304
29097,1,15524005612425609864
29099,1,9860322872025271953
29106,1,207185817343026276
29126,1,6571246874265362202
29127,1,5235044050494679266
29131,1,4568653208063521804
29134,1,12070652428350788444
29144,1,15441029228079472058
29160,1,7004318477986607500
29170,1,16754609275453734799
29171,1,15926822284544802591
29194,1,8134797404764306184
29201,1,7573617929826203349
29204,1,2719129504453019221
29211,1,17853332161428033056
29214,1,15853281399008530318
29237,1,5004921930707093555
29244,1,335181008513150049
29250,1,10220957356122485167
29251,1,7119777331253565301
29253,1,8495021011045141990
29259,1,6879546491727803220
29264,1,15926822284544802591
29269,1,15678742187202096033
29270,1,9608322345634373144
29279,1,3193448647273370773
29285,1,3849831421883666189
29298,1,11928256894891340964
29312,1,7736153108232596036
29315,1,2496194249791137898
29318,1,155643528929507611
29336,1,12627378848584406381
29354,1,18339610167318036836
29375,1,14579431289475507663
29396,1,8280787005880690653
29405,1,974893823405171352
29410,1,2384104267045453651
29412,1,968340466070069166
29424,1,837457137056204321
29425,1,13295582617129196069
29430,1,273502027891282346
29433,1,13468884924688792296
29445,1,7255166142845701955
29453,1,6971899002077618425
29456,1,6934934333986019566
29464,1,15817965495887087858
29465,1,5779028268756383740
29486,1,7722133586589894839
29495,1,7069673855654550422
29496,1,16169664682320337134
29497,1,15721504605629914088
29498,1,5343633848096544331
29509,1,12405011439761695468
29514,1,7427995081060549244
29529,1,13195793066862721877
29538,1,10651309680629641888
29544,1,15248904722396804154
29558,1,17967030675601199851
29569,1,6532343832755080160
29593,1,14729557673052317228
29600,1,15946713539028965891
29601,1,14729557673052317228
29613,1,17666871936102347842
29614,1,17666871936102347842
29616,1,3209613743754338156
29619,1,10492129640021269275
29623,1,8313788450906629530
29629,1,6195336567582198786
29651,1,4173838674909595524
29652,1,9781618598138962540
29657,1,11469722363583023085
29663,1,5823738405795905104
29671,1,10853166238594191691
29688,1,17686012226192519913
29705,1,10352563495055780058
29710,1,8158382634431704609
29716,1,7397235522655177683
29717,1,3982862822780701924
29735,1,15006891676421480394
29751,1,15249866948881508236
29761,1,8222449794569292447
29769,1,17546009905551439904
29778,1,4200995703444751719
29790,1,11403755568354540133
29791,1,8903001950165056617
29800,1,7347955008937630981
29815,1,18364312271229159519
29816,1,1417617434648450601
29821,1,10039031929341360219
29844,1,17557021042709577182
29848,1,5483648203948503482
29849,1,12614441696570570955
29851,1,2492431360714938960
29853,1,1527064497514869308
29861,1,14392445328000500783
29864,1,13171216136038489631
29868,1,9989010133556717236
29870,1,17680933835059626075
29873,1,13284109618128818176
29883,1,10325413045549999799
29885,1,5213326737672203059
29888,1,16885706785153230012
29890,1,18428654194917434352
29899,1,2046550222489544408
29904,1,4136522526349455279
29905,1,16352382458703792750
29907,1,14406287196106366924
29932,1,7075268972199377699
29936,1,1961344213962282409
29942,1,6031341941211836377
29947,1,11980142122648857504
29950,1,2611279106944073440
29966,1,16279007163893676769
29984,1,14175991210433829379
29998,1,314814082282350345
30000,1,2901289947747490172
30010,1,16575523900197240196
30029,1,486928424158352719
30060,1,2524627901323013264
30067,1,5117119426471830292
30070,1,8893775092269690405
30083,1,12880001936868994429
30101,1,900173731207894248
30102,1,900173731207894248
30107,1,12851456901019818393
30124,1,3479328369831928608
30126,1,10968750387345569144
30133,1,6868685357167936806
30134,1,9340325150453467445
30137,1,9203823392327968092
30138,1,7643021224765266605
30155,1,1107873809561194881
30170,1,13451530714503035922
30172,1,1538022251311525613
30176,1,10344604791874926795
30179,1,14251562504932307597
30185,1,7712046420372126043
30191,1,7721504951897971472
30205,1,11364724383207270015
30220,1,2730916913068106418
30225,1,4625687964756696717
30237,1,3742443587484411893
30245,1,2573753217629013079
30247,1,9131069073447649763
30250,1,11181502012203524721
30259,1,11437422031174614755
30269,1,9006538896136443733
30271,1,3319692908781048887
30277,1,8298828164758419813
30295,1,14316698789513364828
30304,1,14006795066764884006
30308,1,4417170602079848867
30323,1,7274103700430272204
30324,1,4417170602079848867
30343,1,11295759614749866235
30361,1,18172412768462737549
30370,1,17951346501055171868
30372,1,333385811703815839
30382,1,15044848432106865455
30387,1,5148675206710397498
30391,1,16300930867282162762
30404,1,5153769171364735610
30409,1,9340325150453467445
30410,1,4113517114324084612
30420,1,16719352080616286958
30433,1,10597489485905945233
30441,1,10262669148650288986
30443,1,2823981192055013899
30460,1,10690640598373051761
30461,1,8888245612756426597
30476,1,16976623036635688330
30477,1,2225706500298466810
30482,1,7701763102885940156
30489,1,1900306872673883638
30500,1,9884659925061041334
30513,1,16540302826618933373
30527,1,8656440096457776179
30534,1,534724585484061047
30538,1,8322870665661877361
30541,1,13090935728240052092
30546,1,12024010986126456054
30547,1,12161880421952008718
30551,1,7348331329343197964
30555,1,1141645586857947973
30565,1,7181494460044081061
30570,1,1736156482396540596
30587,1,3101386044381020571
30595,1,6386054640376207543
30602,1,17813602827754013910
30614,1,3351763408752296970
30626,1,12557134648753901399
30636,1,4344622569345343002
30653,1,10947109830458896662
30680,1,11202374601480111648
30681,1,14715784706630776116
30684,1,13734858839661500550
30685,1,14715784706630776116
30695,1,17151079066056986734
30699,1,17151079066056986734
30709,1,10753575409392987290
30720,1,17234125567890246940
30743,1,5499147353845861433
30768,1,11747387580655578297
30779,1,14468148947733008693
30781,1,12532199898771993542
30787,1,3918002161971431673
30789,1,15101369669575844293
30791,1,11488757935163649684
30792,1,17970588027060906345
30798,1,11434873530297001425
30803,1,15258508718090188108
30809,1,1369536526244584681
30810,1,1369536526244584681
30811,1,1369536526244584681
30815,1,5587711107644697757
30831,1,6296895318436242595
30833,1,6052007795899807904
30842,1,4607616997333781822
30860,1,10306231524479638296
30880,1,16853712087262046255
30883,1,11158148641201942224
30885,1,16423582060039154944
30887,1,6356846749365149469
30907,1,4861113436017436819
30908,1,15523486110584466462
30909,1,987785542503898170
30921,1,7464415036952182478
30925,1,15764362581326195014
30930,1,4798494100975786655
30943,1,1541163969903223169
30958,1,2504457157546757686
30962,1,11103298901528262544
30967,1,9158791901002728861
30969,1,14489247243685488465
30976,1,13615935205711479230
30978,1,13950386681629337394
30988,1,2646180679085928220
30995,1,3350426585781650410
31037,1,7718636642270930436
31038,1,10028959656324257313
31042,1,231712764655042217
31053,1,6772399188628565814
31055,1,9992582097394449387
31066,1,1033157389386312497
31070,1,14114876330814475592
31073,1,14601544417252821074
31088,1,6880431829880924655
31089,1,6691582828350004355
31090,1,4506767123284473303
31093,1,7404510384214732132
31095,1,4992945107607362644
31109,1,12093871301048211780
31125,1,12285222529522489381
31132,1,8682834305002324423
31149,1,7090930276229336777
31153,1,10837948691599889959
31156,1,7090930276229336777
31178,1,13500257988386975993
31194,1,7383618430253718186
31196,1,13269478279800252708
31214,1,13399818188359773045
31265,1,11426902650345545963
31268,1,13000079041755879974
31289,1,9371609598605193165
31290,1,13381186486031278335
31292,1,16339672997982537906
31296,1,10492148563845296134
31308,1,11374298339342183471
31313,1,17060926923627896562
31321,1,11698772825318793099
31335,1,14026328479206217516
31337,1,13446588778575519146
31346,1,12953709553464496929
31350,1,1065495882054188849
31351,1,11550799266761316672
31353,1,11426902650345545963
31368,1,13399818188359773045
31394,1,18160811124108709660
31420,1,7382608246164735952
31429,1,2144186743305660692
31450,1,10511508868466880951
31472,1,18160811124108709660
31482,1,5352385036601701794
31484,1,2802585145749832148
31485,1,12967024887396808461
31523,1,9357084504444497434
31525,1,2506676496262736349
31537,1,7400118270382869431
31557,1,16537427646543013537
31563,1,16039220955595653760
31564,1,6194766808423786771
31582,1,1383027195606579269
31604,1,18148901720225952379
31611,1,2458184646634953567
31631,1,8192067006791094343
31633,1,3478413415071313591
31637,1,10346983974596677516
31648,1,4339983259574889
31658,1,15345642149740707524
31659,1,12773078281624796799
31663,1,12773078281624796799
31664,1,6692166483901141311
31667,1,11311940851600295322
31669,1,1922818696184944564
31670,1,25744123469621763
31678,1,5771504769689414497
31681,1,5771504769689414497
31686,1,16916010305342259899
31691,1,7067510055607731058
31693,1,7647539334136256308
31699,1,2178975794908768422
31707,1,13604315714568518892
31719,1,18431770504140217014
31738,1,11280949753237672842
31746,1,16537427646543013537
31749,1,11088449464284000761
31755,1,16426850231490818377
31762,1,10480765104630837386
31764,1,1761651757709156138
31777,1,3222722619129872579
31778,1,6252986532641084966
31780,1,3253573249035923682
31816,1,15591889594557322247
31823,1,4054937430413533531
31825,1,5642576621079894365
31842,1,10007139379526700211
31845,1,1822859815729229242
31858,1,10840547013668990574
31871,1,13815690482638932175
31873,1,9264985528117101445
31887,1,3633695654158028686
31889,1,6491103496005698805
31903,1,8567699299901874860
31914,1,2832435403967483516
31948,1,17690588793714889901
31958,1,4769847958176486833
31960,1,8875172707117926965
31964,1,16572030971991018413
31987,1,4818652876344035313
31991,1,2312211188331925167
32004,1,1801305825592973479
32029,1,5227617344574296630
32032,1,14816436332638983217
32051,1,14120425093287815644
32089,1,9800905007694693963
32091,1,5422369576473057863
32093,1,2877805478334603345
32098,1,5455203624571178691
32105,1,2877805478334603345
32121,1,9070958937137969488
32129,1,16739982553730467827
32131,1,16739982553730467827
32142,1,695964399229144472
32145,1,13293620375385742042
32146,1,13293620375385742042
32150,1,7358923801840139499
32151,1,5549818761887794140
32158,1,2594169532236747191
32162,1,5442139740353188442
32168,1,6038686453477769505
32182,1,3432547196844904686
32193,1,17698864541673566053
32195,1,6119721261916604699
32205,1,8901250960721948240
32206,1,1664490479891080589
32207,1,10511126314253594262
32210,1,16375033709467555339
32220,1,11313550529012546073
32256,1,5641746795947072138
32274,1,15902034259806718163
32275,1,10947415528178883015
32276,1,12416313196972564506
32281,1,3175597725941098643
32287,1,18377190927073517139
32297,1,8208331041567115905
32306,1,17136612898497076196
32308,1,1184890108310094809
32309,1,1184890108310094809
32316,1,7762027811779296885
32329,1,12623505994716331836
32330,1,6279617744235647496
32337,1,7486161535451430326
32353,1,8901250960721948240
32355,1,14320520377610687246
32357,1,17668903842414554901
32360,1,1664490479891080589
32364,1,2284964963848483845
32365,1,16499378191807972846
32369,1,1728262295737190239
32370,1,3041693442680081253
32383,1,9030795640140529629
32386,1,7242895421767380507
32393,1,11657592353719901949
32394,1,17690478002949816451
32395,1,10348854463133028778
32405,1,8089257300661078805
32409,1,8341416989423752552
32412,1,505941233709246091
32415,1,2416952200784430541
32420,1,1700419659508182729
32421,1,2998688114664404498
32429,1,14166352571375173829
32436,1,4140564469042253443
32437,1,2591022610768584694
32444,1,2045844104997813136
32449,1,1906429468767704379
32454,1,260842671985265981
32467,1,7078991592394130175
32472,1,8394147998366110037
32475,1,12320048409725279269
32479,1,3738955179586168165
32499,1,12795184797184199595
32504,1,15269402203289009936
32521,1,9503104228112878252
32525,1,8190864263648787501
32529,1,1754545416917273685
32530,1,16733223218226395872
32535,1,17107686581020499706
32540,1,1216836408329322028
32543,1,8162371708569338953
32546,1,2723336056205183611
32553,1,11711865031112934961
32554,1,10190478600126986819
32558,1,6528594656234754660
32567,1,6711862862578325366
32569,1,12291294439606673750
32584,1,4046796695433849373
32588,1,9253091609322696477
32594,1,5807580766799996910
32597,1,14620268570007262177
32617,1,4860789831337677349
32632,1,15568719411750028556
32647,1,17503521976197322964
32648,1,5428540867801619422
32665,1,9872193431119663040
32667,1,2446961654274309081
32677,1,7760573183796803085
32680,1,4173475874942851326
32686,1,506283901629344347
32691,1,3623438496487677212
32696,1,8119269669467817106
32705,1,16547859906615601891
32711,1,3251231467847428315
32714,1,1975432809802649629
32733,1,11198578003896445016
32741,1,13084093238458322652
32747,1,5392394412548184009
32749,1,8942090074747080659
32751,1,5763612036705140070
32756,1,928244237540610974
32773,1,3555630428242734591
32780,1,9250975366208783938
32788,1,1374468796355946248
32803,1,204222878474925347
32810,1,819933010882640541
32822,1,4385603912639934601
32824,1,5585641932750393560
32827,1,8079602752076551304
32828,1,17097833170557529126
32848,1,3363226483349196084
32849,1,10975544142697225072
32856,1,9319581445706292259
32860,1,9319581445706292259
32862,1,633085075284695493
32865,1,9857912873800719155
32890,1,15757516438055418124
32891,1,7504823778186086485
32902,1,14333487776662312981
32921,1,9099771332848623235
32949,1,1044037946686911258
32973,1,4666287944326176670
32976,1,10340168939873482337
32977,1,6065053080511764787
32984,1,4620136069002636954
32991,1,5604454159414150848
33003,1,16315375106024164901
33005,1,10590292795769266619
33007,1,3051383694516887380
33011,1,7823632162430755757
33024,1,9099771332848623235
33030,1,16455626943061179059
33037,1,2556004206589892705
33043,1,18340918616262311639
33047,1,651667796443269300
33071,1,7286033527179614626
33076,1,15764282742891353262
33088,1,3081538722306655557
33094,1,17338843215752342050
33095,1,6639975861703067319
33097,1,15487745565528196819
33099,1,3477598787322540050
33102,1,14715209247080683520
33103,1,8163232341678072988
33109,1,14857802252506044507
33115,1,6687275738406256759
33124,1,17888838185937926923
33145,1,8521575390158872910
33146,1,7731740707547937135
33158,1,5693218599356807042
33163,1,11216298258456992711
33167,1,17829443471469947499
33173,1,15850022199057046547
33175,1,10265367764702391149
33179,1,11216298258456992711
33181,1,1798885561829133590
33208,1,1843508503103221249
33231,1,2683402357394405209
33236,1,3773460693722817639
33248,1,16100247627339140911
33265,1,5989293191375922221
33275,1,17611929101579824174
33280,1,2523969594422494058
33290,1,6617206345502059726
33295,1,13805432340483514973
33313,1,13754086273864249611
33320,1,12966365745082441779
33343,1,1436054525848026057
33345,1,6203563621064258434
33347,1,13196580796662140972
33348,1,1713896232602348196
33349,1,8348374923936492086
33352,1,10664035183538350864
33363,1,14594992885907144542
33364,1,16087083866923951532
33374,1,7054808469604769589
33386,1,15585437826034722435
33407,1,12788234633546308572
33408,1,7820539105575852182
33409,1,6415808936732636733
33412,1,14059497639195982278
33437,1,13816985605111784085
33443,1,8781333667332374773
33446,1,9055311761533876330
33448,1,2523969594422494058
33451,1,18393414791051477404
33464,1,3477598787322540050
33467,1,7174979305425674179
33478,1,15922782085658187822
33481,1,13318686722664650818
33491,1,16641518351010342176
33504,1,6952645940250226995
33521,1,6637509518542452286
33523,1,9195466425273401764
33561,1,1527334397240003207
33563,1,13553096547318461278
33572,1,16120837397511014022
33576,1,8828761545628002190
33582,1,3851829713091169776
33587,1,8250078338619317863
33590,1,8735541144220840048
33593,1,15534122947207903535
33596,1,15131774618020812851
33606,1,5165696953367976260
33619,1,11813155926654225073
33632,1,6358298482918462805
33656,1,3718218986187347914
33665,1,13090248957871291612
33672,1,11901348529286964237
33685,1,17737404481088117443
33688,1,17737404481088117443
33693,1,7926083415218113433
33695,1,11646554443374013827
33698,1,8273853815958261439
33701,1,14354212462235201419
33714,1,3919799298481496609
33720,1,9818102641727215904
33730,1,9085639521238336917
33737,1,12450173782085055911
33739,1,6266970374526547317
33741,1,973849563304850316
33752,1,5418423022907896257
33766,1,10639588633968285481
33767,1,9774775190319040757
33768,1,1631034257139594965
33771,1,875428373886551191
33773,1,12772826362255957623
33775,1,6864978304072684487
33781,1,7696180191334356477
33801,1,10071028577752209929
33804,1,8397004185082519435
33842,1,3118116535580393691
33859,1,9767495369475125799
33873,1,760818206263231297
33897,1,13049245313631526925
33910,1,15989101002530268051
33915,1,16975691545638815122
33920,1,16975691545638815122
33923,1,14928534029713022322
33946,1,4998684288434445369
33959,1,739922625054450594
33967,1,16029662223297352506
33976,1,15234513673179887343
33988,1,10351423161900201524
33990,1,1152091336498295099
33996,1,3773153469087109788
33997,1,7194221417583440018
34000,1,10366595466553540666
34013,1,4007380847386232575
34035,1,8722736754167973469
34037,1,16637640675927405002
34046,1,2137699235172929758
34050,1,6197022162639513430
34053,1,13487499129535464720
34058,1,12639088386380184482
34062,1,11607645038610225732
34068,1,2810714098403967274
34069,1,8827127725482795088
34070,1,5110034016010948160
34080,1,2297209390018172725
34090,1,1026296624586682041
34104,1,2122116168818204467
34106,1,7209016427538642305
34129,1,11311640231739337081
34139,1,10460776506230713847
34179,1,2750334430945172157
34180,1,14431849792096167848
34190,1,4474871114603185294
34196,1,2441798561207289237
34199,1,4976300757650760349
34201,1,16838904960373967501
34209,1,18156868385787866469
34210,1,12199490428870012408
34232,1,15244511418861734914
34242,1,6562818606307562854
34245,1,15122247102115822069
34248,1,7223345489724851871
34257,1,1461005018975613214
34274,1,14031374552708887109
34278,1,17279167838457513469
34286,1,1053485025005033439
34297,1,5033714658422272196
34301,1,16362949103497579677
34310,1,7603254363171158580
34312,1,14020107245436390206
34324,1,273209461396003633
34325,1,273209461396003633
34344,1,4812509289572087910
34347,1,13430744512750652499
34353,1,5470462684945819219
34359,1,7864107880181225090
34377,1,15312982269519359675
34385,1,2681460163249517386
34399,1,4825039823599713444
34400,1,16075053713141826764
34404,1,2249232685393908277
34430,1,3723128488384482036
34437,1,728115099005781382
34441,1,7549229016334180281
34447,1,2043775726344423669
34459,1,1120572397384701708
34476,1,18142923581782428785
34482,1,1461005018975613214
34500,1,7940505535612269050
34508,1,2607321327138837900
34513,1,12743190450632662115
34519,1,12430696859039725594
34523,1,5468151198964147080
34529,1,1030204557619499795
34538,1,773370824337018512
34555,1,6148727933420809321
34560,1,2768189696217082225
34562,1,10717270187846918852
34568,1,10328663253889184721
34573,1,10328663253889184721
34603,1,13477205196355821884
34612,1,2749429517202152733
34621,1,6105295470165992387
34628,1,17447487326314879614
34632,1,783700869612521692
34638,1,2506723206024481715
34643,1,1286893570635913838
34670,1,3460228697442204726
34676,1,16077322319276149747
34681,1,12406708378297613174
34686,1,7167787799635487920
34693,1,6668149321728812703
34699,1,9079001313279759840
34714,1,601425529327160075
34715,1,6896764626488819451
34719,1,2935497407884079201
34730,1,12932395215038651558
34731,1,3060821403314953593
34732,1,14646900717697423944
34736,1,16077322319276149747
34744,1,17082867457486638174
34745,1,18338658570334145008
34752,1,4577579088018972735
34762,1,4789816846190513961
34767,1,4508899803553963995
34776,1,4163339201498340822
34777,1,1126309607477684545
34787,1,14512196948606501221
34788,1,4577579088018972735
34789,1,11038510947241874724
34799,1,12975805157009921302
34802,1,18005780585840107000
34806,1,13071176580005591109
34820,1,3713154193734172283
34823,1,17572306791513400070
34841,1,12927587392071076465
34842,1,16173440548291401720
34843,1,17267581816208739424
34853,1,5538914074836656015
34888,1,10982028363544444553
34894,1,15104391276289328379
34918,1,10492479940028644139
34930,1,9746620453401676868
34939,1,6370424085865628916
34944,1,7205502250620567277
34948,1,1403476671685028302
34960,1,12703665049787295403
34970,1,10682195315440231221
34975,1,9057116791555249990
34980,1,1994074635696136604
34992,1,3516100273234984394
34996,1,8149778903105424867
35001,1,11652056864418679124
35005,1,1330044854433775968
35011,1,13432697372825839435
35015,1,1240537111867961556
35041,1,15054008924182906021
35043,1,16987935348306845949
35048,1,5061503280184015753
35050,1,14192567014657240260
35051,1,5644934934121032733
35072,1,12557029492617561482
35075,1,16803961332163014644
35081,1,17641481831315600989
35109,1,1147463281476805742
35112,1,3677153339597799038
35124,1,15396821901920083341
35130,1,7312371834692995742
35159,1,4370472741130931546
35167,1,15720621873919000685
35168,1,4587657610067166403
35174,1,17393631650280504251
35175,1,16055456196524882936
35182,1,12078913838473761730
35189,1,15054008924182906021
35193,1,14060598724033385068
35194,1,14060598724033385068
35196,1,10704343287236368849
35203,1,17830665408955274960
35212,1,16104088746179138586
35218,1,10847970205477324044
35224,1,9766350904234195355
35226,1,10509291042734059632
35241,1,4685739086013445584
35246,1,13345482501900415913
35249,1,756976033304419253
35260,1,2838195604880436843
35261,1,3640257867817914074
35317,1,414126547102665701
35328,1,3240201338524718655
35338,1,15429813850948121411
35352,1,8305409350003963800
35366,1,4762318957891156778
35368,1,17932493896534797721
35372,1,11008732601195614035
35373,1,11890709026746234574
35386,1,11814839332014984710
35390,1,4167648308775692609
35402,1,3546856583980451292
35403,1,3241123811291271952
35421,1,15601946993903260261
35430,1,14704074706470064253
35439,1,10435540572770241556
35440,1,5277764665251597655
35441,1,17843617248959574688
35449,1,6117189832450314158
35451,1,9291360173261338100
35455,1,6531048848499851701
35457,1,926632138473935684
35473,1,11218881485189324502
35484,1,9920190898628501003
35491,1,3834108275957683038
35504,1,1951772254623166924
35514,1,1299492346652832049
35517,1,2265651076185428983
35531,1,9834854906191962983
35546,1,1340412654694014192
35551,1,4572500264708041116
35556,1,7875728889641056429
35566,1,5338774200304542056
35570,1,1336652128956283857
35572,1,2879033212885850274
35578,1,8608113258212883572
35584,1,8608113258212883572
35587,1,1036973334780949680
35592,1,16484430284310686226
35600,1,8179776394053403578
35603,1,7521844025817206810
35613,1,11048518004309373053
35641,1,16678565917714247498
35649,1,59826273927844132
35650,1,2247058116812025839
35658,1,13457020678223175392
35659,1,5668172675255896660
35666,1,1143365518026898082
35692,1,4993423632657238332
35706,1,17420324731252675373
35747,1,7543842543699023308
35765,1,15531738566991413548
35769,1,2037761194834447533
35800,1,14462750559282421007
35805,1,14896202030825875057
35852,1,12251426757736968340
35858,1,12251426757736968340
35862,1,12251426757736968340
35870,1,9090444533967072062
35906,1,11971475570683248635
35911,1,11928984227272892726
35921,1,1695377552660650333
35928,1,8584290235938991067
35931,1,5754504387142621955
35933,1,13606236090978646261
35955,1,11814180547780863275
35958,1,11928984227272892726
35979,1,3940553463098236780
36003,1,7758787356320068067
36006,1,7758787356320068067
36020,1,6234852082536901411
36023,1,12554643826533956338
36039,1,16420277927564582733
36043,1,16211405369531500425
36045,1,17699380099825933960
36052,1,5314712702144922536
36053,1,9459691234794773048
36057,1,5806720159335782251
36058,1,3435474127899858765
36078,1,14089765467160967626
36096,1,1084952972615009749
36098,1,7976214967169431598
36100,1,7976214967169431598
36108,1,5068644165370736262
36128,1,8767186978874154248
36133,1,16775899768559331218
36140,1,145912753910497153
36156,1,13211142402312497812
36168,1,10004562792508910575
36173,1,4159682742055374906
36189,1,488260570441775868
36193,1,4811303101065586409
36194,1,14719398789255284796
36214,1,8412428392646035226
36217,1,11618148594452000356
36228,1,13930127561792816636
36231,1,1580630155885406671
36235,1,4721741899620343454
36239,1,13951231701478870928
36242,1,10412908575853903132
36251,1,15228349807287421533
36253,1,13291384850872048846
36263,1,1420397189715135976
36265,1,15126529690374452921
36276,1,3374035012170492206
36278,1,6390920314626165834
36283,1,11252221085236542212
36284,1,6066076038775102820
36293,1,2949904829294499333
36294,1,7917468483806590775
36332,1,1142667255239437004
36334,1,14309892465869202849
36344,1,7024545965889797077
36348,1,9340970989420551594
36374,1,14058663909304643877
36375,1,9893519625385493274
36380,1,12305185041119055806
36393,1,16323870862302848594
36399,1,3355415042140401686
36403,1,4895637012942912670
36406,1,16584991679960675467
36413,1,7734255371289247490
36417,1,2218965286448550274
36426,1,5197026036061748775
36431,1,14174911625866019909
36432,1,6865260485624200177
36433,1,13779966198398213826
36440,1,5197436594686809563
36442,1,16438065453748279182
36447,1,17962257508991934767
36449,1,12443453320620513333
36451,1,9064665366311908801
36454,1,3565032303712125999
36485,1,10089149250982512162
36512,1,14134560493367378557
36514,1,14824226211804717425
36518,1,12521359584140556076
36551,1,7280661307651710993
36552,1,9088372100703769546
36556,1,15683939470084786387
36565,1,2245115474026936897
36575,1,9324553465552180900
36577,1,9324553465552180900
36584,1,11304592921950354468
36589,1,377577964840571043
36592,1,929058815080751818
36601,1,104861690251520769
36604,1,18247800344462915291
36607,1,12430123176410912158
36610,1,11304139902004078901
36611,1,18302104788651348287
36612,1,8912549105748781362
36613,1,13922023390252164960
36622,1,14947259238230736
36625,1,9834312272326119830
36626,1,14834692807942801796
36641,1,10559469792876974615
36648,1,754959456856920099
36651,1,6629739814100476686
36655,1,1338423292859007990
36657,1,11544684042260737889
36659,1,5993379580702378719
36670,1,4829653209509065688
36678,1,16144944975325492655
36680,1,13401495786908839372
36686,1,2379181071449651237
36694,1,11836677834377929936
36714,1,4829653209509065688
36754,1,7340894173131436340
36769,1,1374898269410287712
36781,1,14929942738458811060
36783,1,13407456698661259057
36790,1,2673434591846849926
36792,1,7038660320864534595
36810,1,681811668307651489
36817,1,6443752363749991645
36818,1,6443752363749991645
36821,1,5183099700143158673
36831,1,15773875917365460824
36835,1,521352654454129780
36837,1,13288151296825062606
36839,1,5183099700143158673
36848,1,3390584168627155626
36849,1,17783423332314856341
36852,1,11608158096575148923
36854,1,3992009804972700798
36856,1,4400915449991016791
36860,1,3544719839758561720
36871,1,5107858001209605238
36881,1,689803695719909249
36883,1,11060541264872038005
36889,1,2197762410311733705
36896,1,7029983783391361336
36911,1,1300729719510607844
36925,1,12726428732843361067
36942,1,9354949611009144074
36943,1,10889768241423989867
36949,1,4228232544926889131
36950,1,4228232544926889131
36951,1,4228232544926889131
36957,1,16001227005171793974
36965,1,13973489921644358266
36966,1,16353508704251080901
36969,1,5039352784695895317
36972,1,6116843128526312061
36976,1,757094567713056071
36994,1,1652297800154475616
37008,1,13081890290062579031
37016,1,15035403634418809862
37019,1,5243308564985744615
37025,1,17218879659118211985
37034,1,14853283644527547247
37042,1,18122709371241710484
37048,1,12053719187868726337
37065,1,9706660293115879377
37069,1,17816029518434199405
37097,1,9461635529672998157
37101,1,424796322950816193
37106,1,7792467950541291205
37108,1,11308546044874551951
37119,1,6866941434428769090
37134,1,459679606858538193
37145,1,3050118122137781416
37150,1,18101929364238521592
37156,1,12071822327332779032
37162,1,9324624975671176168
37182,1,10472725218281199674
37189,1,17651055340129941202
37193,1,323136437158214703
37217,1,6563303992424162511
37233,1,12073633954919963622
37235,1,1684281238101422382
37254,1,16052977748942169648
37268,1,9110665045021820504
37272,1,7168721052078633167
37278,1,10601534086682213006
37286,1,17077943654117182887
37302,1,16348993950601169548
37303,1,8749658785074830209
37307,1,11804127795965204565
37319,1,5152329506003012432
37320,1,14053524230432534807
37321,1,1918952808629000553
37331,1,6870906201437411446
37333,1,11508006239523466378
37348,1,15247485594222567943
37359,1,6338726039310004607
37372,1,2582963996925838084
37376,1,7635269326084310157
37379,1,2998166332072391320
37391,1,12329840756061561980
37405,1,1557346394527443745
37406,1,15775737607366951140
37410,1,6706413401502862930
37417,1,7852710451488159591
37422,1,16682642789528326698
37440,1,10894126764646997575
37450,1,4599130356027773135
37461,1,972246745525601449
37467,1,10721089376320795561
37473,1,11099873546752611704
37481,1,8619401682970061126
37487,1,6215393677817472315
37492,1,6249525005952907449
37498,1,6129517611199118016
37502,1,2180654773891917842
37506,1,10048469637669635639
37530,1,108814535204599485
37531,1,17796679952649257450
37536,1,3499461900449320559
37538,1,10544196988820371234
37541,1,16011983845418742275
37542,1,9565921841596390552
37544,1,9438388048226359920
37565,1,1468654978013271972
37570,1,10823034550647953464
37575,1,6625671873797608115
37588,1,13891966253593656673
37589,1,6495803085009611323
37590,1,2964487400346045275
37593,1,17002529822740713046
37600,1,3280136279427288467
37601,1,13824914771187233375
37625,1,10631108094751646313
37630,1,17133805801575441129
37634,1,2275672846112173473
37635,1,848092815343344494
37658,1,8208862550746005189
37673,1,18049328606792443090
37689,1,14728624428365490343
37690,1,9762441709458451574
37708,1,3328652081639488907
37719,1,2445569153945721340
37724,1,18091511289476127208
37752,1,737955301003268956
37763,1,10636091413120288092
37769,1,2258340275357374071
37770,1,7369605101913240979
37789,1,17485065309668096477
37793,1,8507051298068565689
37808,1,17195839564604230614
37810,1,9007298299544031345
37816,1,11768261846666070973
37820,1,5607734194049455198
37836,1,394726347418501239
37837,1,10951010115503512701
37838,1,12030959291918229495
37848,1,858989062006464726
37878,1,16581991420595085787
37879,1,5958564400933781427
37890,1,1792846548745620968
37894,1,14892844274632023366
37901,1,8396613170787709247
37902,1,8485949699814119289
37908,1,14416370818577531850
37938,1,13052887964672235349
37940,1,17096541157507538949
37943,1,7684254209320608158
37944,1,10745002682798026536
37950,1,2161967457164356560
37980,1,2355389483407817184
37983,1,18005327236666289785
37984,1,18005327236666289785
37994,1,18289525660627437813
38010,1,18289525660627437813
38017,1,16049885262842709139
38019,1,6678489786532807111
38031,1,14610131138852646670
38070,1,5041320080037828123
38073,1,5974443614564302739
38087,1,6490782437298996895
38089,1,1912869160627690910
38102,1,8162366718645646277
38110,1,4806319493490186884
38116,1,13391552512968759545
38117,1,1851836936279065127
38146,1,7324951015684463043
38154,1,6671295326090269891
38161,1,10887643774386920303
38170,1,6574284495171849583
38176,1,4434720617728241013
38181,1,17092196089544399053
38188,1,16506984329549388683
38198,1,4146956083780001219
38215,1,17776707643825604431
38216,1,2619300307195841203
38217,1,6764972229812966772
38234,1,13227643665910432397
38235,1,1095064590862215760
38246,1,4475082120345689225
38247,1,11243312161445293437
38253,1,14054795752331877663
38255,1,9554698750506785933
38257,1,4599400325888029899
38271,1,15915707705533220777
38281,1,9554698750506785933
38287,1,9289570464253282665
38299,1,1814615207579455388
38309,1,8557459576151776127
38312,1,10575985031173545514
38313,1,4704145608894071505
38319,1,14539612684323671499
38325,1,16320461015660124626
38342,1,16108403854876583371
38344,1,7567699415070882569
38353,1,16883461792013730479
38364,1,12018789930129683871
38390,1,4062388278811662444
38391,1,4062388278811662444
38398,1,14187779232088914993
38411,1,6893781400445970712
38455,1,13576143070817115765
38481,1,7461648847652161788
38482,1,14685125255681582501
38512,1,13681715399995897085
38515,1,18025217811807834189
38516,1,10329784787745045037
38517,1,10098666705166476994
38518,1,5884152860846820423
38526,1,7552381147575655680
38528,1,6594298238733608299
38550,1,10067097811524713254
38557,1,865327696086078227
38561,1,7577120157456241948
38569,1,5219865901743717919
38573,1,14533783731463703447
38577,1,865327696086078227
38587,1,3324634751757961158
38597,1,10363839925152212151
38601,1,1593237033311229271
38613,1,540260518143264061
38621,1,16778506490432629046
38633,1,12014253382327700012
38639,1,17616341406363530260
38642,1,11414906312318717732
38652,1,3197697893590623981
38656,1,347859780543765085
38664,1,16954857726205777361
38669,1,5859435432070124188
38684,1,16177284921358368449
38691,1,16793093323019723099
38701,1,12387179343056735493
38703,1,3070550452526659525
38707,1,1842304976185137475
38715,1,9589436201228277993
38726,1,11746245628108727739
38738,1,14646791718331252372
38760,1,8846682683304167259
38769,1,2274674642536183421
38776,1,17881083194437879030
38781,1,4696089292039824008
38794,1,7989638716832314077
38797,1,9595521753874230611
38826,1,2322431899326420982
38828,1,76831613053807728
38836,1,17509072753358419588
38839,1,7762576379079300574
38842,1,8660831812564848712
38845,1,1697860829479774139
38892,1,1467062138743538790
38898,1,15151535723363851996
38907,1,7615267484354831016
38917,1,349881332481491780
38924,1,5299259762908448946
38928,1,1641655474140467004
38929,1,11052630331504233505
38935,1,243916662083795495
38947,1,5689047557068820293
38965,1,1939915631701625589
38969,1,5015289098594297590
38987,1,4233088481305846206
38992,1,14071074840518793623
38995,1,7298421512572516565
39000,1,9668265040394024196
39012,1,16987936397026378463
39028,1,6343230648337488652
39055,1,3924999102479695465
39056,1,7144429598330295321
39061,1,543721999206035625
39069,1,1940568479541786646
39076,1,16426278380570207806
39078,1,8383000490955984019
39080,1,3937483952410300496
39081,1,5561575841038773119
39082,1,3937483952410300496
39084,1,12539774943950616438
39085,1,3937483952410300496
39096,1,18294575362217036721
39097,1,7410231473532842101
39098,1,1753892959026805971
39140,1,11783957260299823278
39150,1,5040430560186546179
39153,1,2037573519657928598
39154,1,16156965946682545908
39161,1,5550621240323097707
39169,1,4945364932800890235
39175,1,14530715033908193860
39190,1,10090123563138398472
39198,1,9113022515018091300
39200,1,7113116561001003402
39202,1,17195381825958572014
39203,1,5144843414952720978
39212,1,18418168961447699406
39218,1,10560495295067790635
39242,1,16336247651127776774
39261,1,3796541902882412445
39275,1,10806565312484855739
39276,1,3307163249310910416
39278,1,17021275596814560713
39296,1,11133764113093379875
39297,1,3895443692724422298
39300,1,12716833241161017291
39302,1,11915910820113314829
39314,1,3132321541667764028
39319,1,17436224113467795215
39329,1,9807068792224124522
39350,1,11469207802434323420
39351,1,6531858806070793819
39355,1,7692462039880382584
39359,1,764058349221612873
39361,1,10907306037805154509
39371,1,11954353513532006523
39376,1,14989627066373315978
39397,1,3466677746338932204
39415,1,17963934104113349757
39416,1,1689495612006158533
39418,1,758964161196099820
39421,1,16132653376426053920
39425,1,1138369386426495496
39428,1,3805385864948764014
39440,1,11040974808921114737
39441,1,8342696588771477476
39445,1,10543228796218075642
39451,1,13182514722063752641
39455,1,13725344762280131161
39458,1,8215471946543652202
39461,1,7769774321625374643
39463,1,17693937713971442552
39466,1,2571116027368539383
39483,1,16249024286457235103
39484,1,10794033439639212312
39500,1,8187002232960644905
39504,1,4755046233217569592
39519,1,11055253768580324446
39527,1,15624652230700649874
39529,1,10762713429670712074
39542,1,17212959526421812242
39577,1,17755686391614834200
39579,1,13737558600871376616
39580,1,14404140214151770208
39581,1,14367422491087585248
39586,1,10856286546015734554
39591,1,2401483643983145129
39596,1,15105090277546547043
39598,1,16592008808703189057
39602,1,6504542694856654926
39618,1,4074116863455297839
39623,1,17189478666055742878
39625,1,9841539143053033664
39628,1,16159841024966362978
39629,1,9867385167782007085
39642,1,12222374156810578365
39679,1,17888781310214997209
39707,1,493291346588524311
39710,1,8102066038973134616
39739,1,326575358470975747
39752,1,14831713568759648252
39756,1,8744972962483119179
39760,1,3173533345260076212
39769,1,13933799997181752954
39783,1,14500917053851262601
39790,1,71425896946459316
39801,1,966436536115358435
39805,1,5544320389702354823
39811,1,5911972964955585180
39832,1,2008567202503322821
39839,1,8358944851742763617
39860,1,5124809656467939655
39867,1,12492479424480662298
39879,1,12933946857010390437
39894,1,5731766853702529913
39902,1,11473037267715277660
39933,1,10281077442167195288
39934,1,6100389161946392317
39953,1,12121155745351486473
39956,1,9477033968319853372
39963,1,8565921799853727658
39964,1,15453041919381213417
39970,1,6769206426841312208
39973,1,5032220540052925058
39974,1,632331945643311343
39980,1,17650499977549620872
39982,1,12950096281549705771
39984,1,6719622505299506814
39986,1,16303256345581005079
39987,1,8763142649000201424
39996,1,11270706005202785113
39998,1,15643383301864373993
40004,1,2478512307072035691
40008,1,7270312902124939988
40020,1,8022138514823608993
40035,1,17789250429855058730
40039,1,5372940460978108851
40041,1,4253451535920776110
40043,1,17202724266337772412
40048,1,14319153645770650568
40052,1,3057763155650978141
40070,1,10088262085105316230
40071,1,8855500070533100808
40073,1,13092862885877952609
40085,1,2390512254153088489
40090,1,6907890869991316329
40125,1,10011028790701224295
40126,1,2090656644040234978
40138,1,16221698381447630501
40147,1,15027707564883551123
40164,1,3398858421091191139
40169,1,8857311073761689039
40189,1,13923434426830547956
40209,1,4279728556811185672
40213,1,18208546427318356741
40226,1,12109791823488730205
40230,1,12519060951081263891
40236,1,5843614009208565770
40247,1,1994586912495335344
40256,1,13736692602984239102
40265,1,8902010902542440315
40268,1,11973207421557790041
40273,1,10656301885829687582
40275,1,17959579244411652185
40276,1,17682473433241397832
40285,1,6607720248351930129
40288,1,12880566151832698566
40293,1,17940047448906063926
40297,1,14279795519047711931
40305,1,2564418295740676207
40307,1,7814705014591689732
40317,1,233395827604483994
40326,1,13806368589089010414
40339,1,17414198360249904246
40362,1,14780944051719398320
40363,1,15509291510018091340
40364,1,6919703556762449574
40370,1,15718556901128487939
40371,1,9770639540255553745
40376,1,2331359513693670724
40378,1,15386694096217432323
40393,1,14178981885649537940
40402,1,9217391145887090251
40404,1,9217391145887090251
40408,1,6923426032436538611
40416,1,7044813290528101105
40417,1,9670002456760590590
40436,1,9801177202649805409
40437,1,4913270320588030414
40439,1,17455246279487673916
40451,1,2754592930922486447
40458,1,6224929903666415849
40459,1,2029831888133302380
40463,1,9833699981522990982
40469,1,15346424948249063162
40486,1,7419210865506678511
40491,1,199225363567668118
40500,1,12650443676227019671
40502,1,11902456540282644081
40512,1,8324935650739699435
40516,1,5513238526276843342
40518,1,175379107321419245
40535,1,6636738638397916118
40536,1,11841827495616835499
40549,1,12422196965211792208
40561,1,3535851155517637181
40580,1,5022825128344364287
40581,1,6831262145465853884
40590,1,272608752536913797
40597,1,6456270735019822168
40618,1,4605905269512990153
40624,1,17967584873818040091
40651,1,7050388801489573638
40665,1,4580909633456830508
40675,1,7881103650019057512
40676,1,2624383032772693750
40681,1,9391169548425552278
40692,1,18213090075329393441
40704,1,12254948584425259661
40709,1,7056128171124305443
40730,1,14041243571236183026
40739,1,5225595445938417916
40761,1,13079997476653578771
40770,1,16700463527626883331
40772,1,18376722242374363392
40786,1,18266888008514288585
40790,1,6877942521458426339
40791,1,15463053513701697464
40807,1,10375910755468016432
40809,1,5093710954219949880
40813,1,2354032916665569630
40818,1,14064360346841185804
40824,1,14237690295076698705
40829,1,5410793156433744870
40841,1,3825840544127019426
40845,1,12597213563568946146
40856,1,4995701078235770691
40870,1,9515153115561565609
40919,1,4477098179174789041
40922,1,2074799790954884099
40940,1,5999277520503558587
40941,1,17662500256452177209
40966,1,503539519395589529
40969,1,7079435483988223663
40972,1,12717539246186053110
40977,1,9857391901664678788
40978,1,9144752443554403257
40981,1,14853769770541437691
40985,1,18291287463979031767
40995,1,8535779931528218306
40996,1,4714337844748990908
40999,1,7247570867233845824
41001,1,10039593548296082414
41019,1,8152992313054155764
41024,1,5889893010061986331
41048,1,15757529758288092754
41076,1,3795722774179850493
41084,1,10407622812226040549
41089,1,6012206271361676969
41090,1,8237380250144724295
41104,1,2727502944301784255
41105,1,18018677618086833556
41107,1,1390765620240768602
41135,1,14441197394449730731
41140,1,12805612070517315770
41142,1,8700845863939103477
41146,1,14671089292256082034
41149,1,13593156917508361880
41170,1,11623828534391482438
41173,1,2539358614552484864
41177,1,15017277341967718109
41183,1,11636120963701963885
1,2,5895451913816592307
14,2,6546452946127138065
15,2,12687212266120215336
16,2,6546452946127138065
20,2,562899607920283761
35,2,14290679439709594778
36,2,16427562165683662396
37,2,15794109876851980698
39,2,18253987810418431364
69,2,12723025114180116803
82,2,14420243307803324716
86,2,6092966958613374012
90,2,11990844167682068292
91,2,10635682325496069037
95,2,4731971403932816047
97,2,12764935277901337675
101,2,13845198323413387272
102,2,10736329272494345247
110,2,1682813145381402286
111,2,7968800129685335130
123,2,8286908763186158445
125,2,2252853710522253336
127,2,8550899418692498885
136,2,5401144863360570087
137,2,1718211104166605051
159,2,10952750349915907183
162,2,3085794458920862394
163,2,17942101123566425286
164,2,17151020408055241451
167,2,12434677738834523935
172,2,1362355655967831079
177,2,1374048296061160726
178,2,7723582496742427190
179,2,9019050399196596845
186,2,4980587706544666872
187,2,15036439923905387371
191,2,10330731547087095460
198,2,3292496219340844448
199,2,17512820905020871397
214,2,2649074787529266327
216,2,3582840474520280329
217,2,3898407916126306101
250,2,13101833944221680925
258,2,12133834153239285691
276,2,16427562165683662396
278,2,10060201478148427956
280,2,11846366829355966442
283,2,11295381534987027982
286,2,5878938573003201966
295,2,1435224720668712585
331,2,11295381534987027982
346,2,17374891383243876911
359,2,8957291768490856346
363,2,16580458628047434580
370,2,14470345468133244958
372,2,8798200433464940067
375,2,4703011678532056233
376,2,238584216309015465
392,2,11939017756006520302
395,2,9017293431514601970
408,2,10686453012379599928
413,2,16206691492166722397
417,2,1997095173481688896
419,2,9454434294441802233
434,2,5330456749934099211
445,2,14256917001391537104
456,2,1599145652093982976
460,2,16509351644666253314
462,2,5340207903966341942
486,2,3436032636439011313
488,2,4357789044229293290
503,2,16170863565081566334
504,2,9846660603751894142
512,2,267938976667343132
524,2,12937141188206989140
533,2,17747121422949731845
534,2,6789038189961575456
558,2,814127845736155589
560,2,15966455939655683498
566,2,16394389467726016464
569,2,11258263702317408743
571,2,6956766543947914570
572,2,10966226104955568028
576,2,4462925176865623066
605,2,12296942695065206407
608,2,17580333497012986111
612,2,8226164116037434559
613,2,16396292846961334578
633,2,8635562963386631689
643,2,10727834792568423528
655,2,13398614232383315613
662,2,17929261209883925725
667,2,11666874651202597278
668,2,9563247420215842963
672,2,2734256272812645824
693,2,7955540661521498759
696,2,18080800001640800658
702,2,17827940599726866239
715,2,17549355227226590718
717,2,1185644890101602513
725,2,17549355227226590718
727,2,11810442979367395677
738,2,2798727659934005635
759,2,11017513613274741356
784,2,4896727008946928640
802,2,5860442714143533521
804,2,3253985601926101156
830,2,2410072954629804885
843,2,542231801955028486
849,2,9294287830569002504
851,2,4630482730959596652
852,2,4948730665194908713
858,2,240458411814052761
861,2,240458411814052761
866,2,14456078479769535050
871,2,14657062828829071259
872,2,14657062828829071259
873,2,7272395852263680727
880,2,10542748806119115926
890,2,8899386304685315046
902,2,16522624724696107751
910,2,17544293123589801189
914,2,8049842394511695487
918,2,1130040486045513819
934,2,4486948091309614255
954,2,11570422979356974537
996,2,6397763213716930711
1017,2,16000812412929107713
1039,2,11124885960698166126
1047,2,12309666127391970404
1060,2,927730805607787097
1071,2,13881012540323233159
1096,2,16132862896757082942
1116,2,14703469073700834533
1124,2,4802851767893170774
1129,2,15481219898215904743
1130,2,9519450039198444515
1140,2,15281509203921057176
1150,2,17396513035808317828
1156,2,115853492774215104
1169,2,4492982756285683156
1181,2,14803503738771368253
1189,2,342337775307392957
1204,2,10744561984490133838
1206,2,15818813789922840155
1211,2,14813038396306878107
1238,2,1353337054464478924
1252,2,8951787156504204337
1260,2,17189393012337464422
1285,2,15990978810444185224
1294,2,9417168586410383977
1297,2,2507036556377949558
1299,2,4640536103462099937
1301,2,13183836002800568554
1313,2,5140684189478224202
1316,2,9220298543237886923
1322,2,6341936354398902018
1350,2,6147748598275262865
1378,2,15587098375360926804
1392,2,8246004832703012567
1394,2,5140684189478224202
1397,2,8791113315455089755
1399,2,8791113315455089755
1403,2,7536502570509836469
1421,2,1779549048066566555
1445,2,17617309641117441935
1447,2,10196946818905462181
1460,2,10983883337340228499
1462,2,4949111388141059571
1464,2,15656259850545125922
1479,2,5278778074790846955
1487,2,2279762671674914802
1488,2,5418777762504348687
1496,2,386863819568750816
1505,2,5454621683360953559
1506,2,9758013388216554113
1509,2,17290670003648342137
1512,2,620887045990215877
1515,2,4864372375828779599
1519,2,5562141941433929499
1529,2,3382618764698114886
1533,2,8439573677920441680
1570,2,1880248095718638630
1585,2,14413680248072079076
1605,2,18186695186670438150
1622,2,5830720248145653713
1624,2,16275154669663920029
1637,2,5830241092351454011
1641,2,12853256863021463029
1644,2,8035122457331822643
1652,2,11254222187299954574
1657,2,3390054907461013116
1675,2,17601548013100205
1676,2,1175396766139466185
1689,2,1045099319103755335
1705,2,14215339490346535627
1706,2,14215339490346535627
1718,2,14946083960287725589
1723,2,9018353376682900147
1727,2,12129308757672455744
1742,2,15248417933617543981
1746,2,3315468662549304650
1750,2,11884943995168674271
1754,2,13243563788392188333
1757,2,14498945781973653830
1762,2,6502437364026830064
1764,2,1389055135503584547
1765,2,112451011976016002
1768,2,1389055135503584547
1783,2,2457187851978386973
1789,2,15167030425701705465
1805,2,9022679255361671872
1816,2,7791357623761822481
1824,2,560034447946084266
1832,2,2694377658921968593
1841,2,12340455832081807439
1861,2,11227644850889760273
1867,2,6537585240797657857
1877,2,16553727214018889310
1887,2,15382180517862777275
1895,2,11638449495760579271
1900,2,8928049921501796169
1923,2,1634952991568323571
1938,2,7885480291283945433
1943,2,6573168972923799736
1950,2,2562263275244750460
1951,2,3314579068709314452
1955,2,2145917639904656963
1985,2,3345677891906854121
1986,2,5296848715505185167
1989,2,18177204920754387440
1996,2,4792104107252096383
2027,2,6264597804851758968
2034,2,10612803538417934992
2038,2,14144224912560290745
2042,2,2829978759677695356
2046,2,7673463798612213657
2058,2,151693446422046210
2064,2,16280884645718287051
2065,2,12283091390244685975
2068,2,14950853968283922695
2071,2,4162897630897556906
2080,2,17926846389431316148
2087,2,1592053408725812567
2089,2,14352047262392972688
2110,2,15459712802795170676
2120,2,9055673628608857968
2130,2,1652238698617832898
2136,2,3138792482761914022
2138,2,10546428350248880607
2144,2,13547897085916522753
2147,2,6227466087375415807
2151,2,6115864807608580757
2171,2,7475529916424598193
2175,2,5422552237538482898
2182,2,15894082388536227328
2207,2,3382120969255054972
2219,2,11509626121981506488
2236,2,13316956051084312331
2245,2,16958912835564507208
2247,2,7177441831366377472
2248,2,5749918206088836016
2250,2,2034396835434636454
2257,2,3115222030382095886
2267,2,16739674783694151813
2272,2,46364352468802574
2291,2,9187281964773453888
2295,2,13818237958285302849
2297,2,5754542860189542285
2300,2,1251457723067247876
2303,2,12643972736293158755
2305,2,13364521297676241814
2320,2,11389441534406129844
2323,2,7357340912149109268
2337,2,4420200864126130184
2352,2,7633782335611402599
2357,2,7633782335611402599
2360,2,7928268707093303622
2386,2,6747896485200087975
2390,2,6760504244324717875
2394,2,17075635992923995447
2404,2,16840430553657931779
2411,2,18114325649614261072
2414,2,4420200864126130184
2420,2,2376853908084275862
2424,2,18114338226733478830
2443,2,10310713036234544456
2448,2,7413997944642622489
2462,2,205280184087701152
2466,2,17847777550286399574
2480,2,16859672102639416667
2481,2,17847777550286399574
2488,2,12858466393185241701
2494,2,16063985668185631670
2500,2,14789176788568725280
2514,2,12741385755720914948
2517,2,11569807543026650924
2519,2,7843271842870375456
2535,2,2109093266848620676
2553,2,9085109544167558998
2558,2,11084262200618349612
2561,2,15496783855200035796
2564,2,15280166612900406400
2581,2,17828279084368113101
2586,2,692220024169824176
2590,2,694819911248324889
2607,2,13796398847440047992
2620,2,15420957447851793534
2626,2,11620586834339276483
2644,2,12217255558305534700
2655,2,10674000026144083393
2656,2,16977058928636259183
2680,2,13449321142075276079
2681,2,9170183573783022899
2685,2,14621657713202544150
2689,2,2411903859887221594
2690,2,13757961264789470919
2691,2,17429316688115586564
2692,2,8996520681675890570
2695,2,5224573316746274178
2720,2,13576525233126994511
2723,2,12681947918752092740
2726,2,1717936491539282472
2728,2,16805951653715093542
2732,2,11383471556280718713
2745,2,14733779649093838348
2749,2,1444911585036172923
2752,2,6521763889935435947
2758,2,17285518379013843064
2762,2,1112059380981830779
2763,2,735205141343317471
2772,2,15521631906766158092
2773,2,13837929874169098531
2785,2,11599825284307722570
2786,2,2184579417583597994
2792,2,14728167749862069994
2830,2,3118513742745688338
2834,2,4657390115445134923
2836,2,12807467172859069755
2838,2,2467619484692922615
2842,2,15411599710075204020
2846,2,16876000256246700213
2848,2,4430209241512397255
2849,2,7119521966388113642
2850,2,805178979546992037
2856,2,15709404329582145748
2862,2,9904654840097638094
2871,2,13459133878632687318
2876,2,17195085539896572172
2885,2,1104964098116331830
2893,2,14198328517847671203
2895,2,5069871410562353621
2903,2,18029571222543181431
2910,2,3427000339397836270
2912,2,17325597190562850533
2915,2,2511612095615603377
2924,2,15429156027117646275
2932,2,17574103333082109707
2935,2,14430939208967019214
2936,2,957871869510212768
2940,2,14420573760892002833
2941,2,17742587421449311670
2997,2,17764967233071335137
2998,2,14343698217029659879
3006,2,8454636988529222655
3010,2,13196319077123682768
3014,2,7798927824793523210
3035,2,14501144811065434946
3042,2,12635862576028988062
3045,2,8951713913507560358
3051,2,11428532949280963184
3055,2,13459133878632687318
3057,2,711774491625815110
3061,2,9840998117668836467
3064,2,2929286204662111687
3076,2,8222279573441020340
3099,2,6053095958615933282
3117,2,5340014397020058336
3129,2,10779611266232380652
3133,2,17058362272868083827
3147,2,13957091867680663562
3149,2,12776711041763397456
3150,2,1545226806041171702
3155,2,6972591673781310807
3167,2,12082475682885050788
3170,2,7664631997952802283
3183,2,854521490320690400
3185,2,16240947189345634816
3198,2,10939352211547675591
3224,2,4230276932737713579
3225,2,778189263476587538
3233,2,7333148104740496227
3236,2,774137359139507014
3239,2,14352356295000182301
3243,2,13509457028486306497
3259,2,3877211153994748704
3262,2,2870948575179850489
3265,2,3762041078426149668
3278,2,12035247691381389817
3280,2,4005229694034234176
3292,2,1810751812288230498
3305,2,930224613823276059
3308,2,11572288238015802550
3311,2,12435560446118617528
3313,2,9769379047245093719
3329,2,6246775211720552591
3340,2,10446296825978650779
3355,2,7811450934566536692
3356,2,13473632635746220519
3357,2,13473632635746220519
3368,2,2329608544624290081
3369,2,13306897604055240068
3383,2,6920554325613014797
3393,2,5135726934193830370
3394,2,12959621967184538137
3400,2,10626421019090202692
3424,2,13807919169426925588
3425,2,7238199385961519152
3428,2,2666476942559999255
3445,2,9165660567520495456
3450,2,10913953579775737758
3452,2,6965391062843471268
3460,2,3562783719118077183
3475,2,1063912813971975725
3477,2,10684295965760451916
3479,2,13228983791737712570
3506,2,11118848209742293600
3519,2,5471598027691327691
3527,2,8733902141164586151
3533,2,16746742707282149103
3547,2,5042184283466255568
3548,2,13006679333351603358
3573,2,9605264963998765730
3575,2,2294450908104813799
3582,2,2324675770316937551
3591,2,2291849903493221210
3599,2,17901503457613908304
3610,2,11248673217474078109
3611,2,1794579390651376532
3623,2,10579964854444424413
3638,2,16363169293861906339
3643,2,7628420746772782142
3644,2,9314384085159560791
3647,2,8947127694030745556
3688,2,13339162026393354007
3698,2,14822175692842715138
3701,2,1834350537344266627
3704,2,4944465358864083934
3716,2,16720927091285237802
3729,2,9235858892118791537
3731,2,6949585767107620576
3736,2,18325268632474855729
3738,2,2158759021872937045
3740,2,4375474206784497546
3756,2,573949760744900474
3757,2,2839870382878470024
3775,2,9490423202796477926
3777,2,10448379842898368924
3779,2,5865237883103901547
3780,2,6526632615140776213
3782,2,571709430673326116
3788,2,12639745324626273214
3819,2,115539931053206202
3821,2,15953490607691661578
3822,2,17827763395712423599
3829,2,12100557305819385138
3844,2,7093149801868030744
3862,2,12794056574498320497
3870,2,16607604145137665933
3921,2,8944077110623726073
3931,2,13972580913594044995
3936,2,10248032512343334981
3937,2,8002379476747751184
3945,2,7696180210483217613
3950,2,7386197599233302052
3958,2,13450712727257325221
3962,2,13557210608918703982
3970,2,9521361698077467925
3973,2,1024861266209424315
3985,2,2440275600150122798
3998,2,8076252297653192621
4002,2,12704538488464805526
4006,2,15110112914932460333
4016,2,9487613623808010962
4017,2,1695408013757786812
4039,2,12681967598054326990
4043,2,7669377402340438076
4045,2,706348289453728764
4055,2,6441211672639131621
4057,2,3286574785264741823
4058,2,3102236777419346791
4060,2,16001139032677997449
4064,2,9515498461046306565
4070,2,5671459774012403964
4071,2,15980913002346396691
4098,2,1922265764687984122
4103,2,328862222747931694
4107,2,7592513166404371562
4111,2,16547978866773166088
4114,2,3990871995747339055
4115,2,13421605429579308283
4122,2,5411946940710342274
4126,2,8746477954795503557
4130,2,2334704020433883251
4134,2,11106032469601172429
4138,2,6801043135898069599
4143,2,1792286662985995963
4144,2,15248940142233828553
4155,2,8311242641709880137
4163,2,16399454392730571971
4167,2,12550776559736888895
4171,2,3051142011107670135
4177,2,14593172569355062816
4181,2,10091693082055447604
4185,2,16886008030956251966
4187,2,2160774191842482015
4192,2,12621210844590491429
4196,2,6262250536839164150
4204,2,10439247085193455395
4206,2,2672760870533287344
4207,2,10734547235844352954
4214,2,5360077906060471246
4242,2,12140701347304034259
4246,2,4358665613617809502
4251,2,10370547653307939997
4256,2,11940459690707137644
4264,2,8354120245082142389
4275,2,2109093266848620676
4289,2,1173006060642083063
4304,2,12258476691653931639
4306,2,16035437439879506914
4313,2,9709403237977895215
4322,2,2883887818394986285
4328,2,4698273023071735644
4330,2,7250810339989251354
4332,2,1740942294688089169
4334,2,16690597703752859258
4341,2,11354677160939907921
4344,2,15306790083844574743
4357,2,8913787952333984385
4358,2,4475389857900304540
4359,2,14890168512729043757
4362,2,3057594262001148146
4392,2,9377476595423491983
4397,2,3940222802660238134
4402,2,9059072380655467031
4404,2,8148935736479151748
4422,2,76627699045483619
4423,2,14864073788071809646
4434,2,9942396387302112843
4439,2,14950172756194767146
4442,2,17150338242854442742
4459,2,17537265727173652080
4481,2,7140511233410873056
4497,2,6223477942735325456
4503,2,15557240115037061701
4514,2,3326731727971579697
4532,2,1301178566471747433
4542,2,17670707235039026868
4577,2,2814144080325562990
4580,2,2814144080325562990
4592,2,10829164099845476213
4608,2,4577370163539376364
4622,2,3840890758774822273
4623,2,16980327499519798928
4624,2,3840890758774822273
4632,2,3486182026519652942
4656,2,16227532619805974823
4665,2,6407590700813036084
4719,2,12371329945849119014
4720,2,9702280148686236442
4727,2,15624853666679584749
4732,2,16050733625881772981
4741,2,4565506186814813040
4743,2,18046111300763156340
4751,2,14515319999684829110
4759,2,16869909947117216732
4767,2,12078983578347556467
4781,2,9801262570115229597
4784,2,9364622908370427164
4787,2,8541849477458431684
4793,2,12452773381803635933
4806,2,13015331537304150579
4807,2,15458608621858382979
4812,2,16170705757003702698
4814,2,17331744174209757563
4824,2,10891691117252660474
4828,2,18426462591144691772
4830,2,10549710519879969099
4868,2,14810799699337851679
4871,2,1500930857329243035
4879,2,11106633394867034045
4880,2,2477390355571267357
4889,2,4675874700124737394
4897,2,4802043110107425038
4900,2,1355454407859829281
4911,2,3210352564919927710
4919,2,1075759962302677051
4922,2,2498584018909254753
4924,2,17980846421425214577
4925,2,5771910241309369731
4928,2,11700356743448551386
4930,2,10891691117252660474
4933,2,7701359758639244553
4960,2,14183772143769456465
4963,2,9733275229964343109
4964,2,12999795996889050932
4995,2,9020579637243109376
5007,2,16950723097937203324
5011,2,11738700532833334300
5025,2,3500824949932221469
5052,2,6727831323781662874
5085,2,9124526890336609578
5087,2,15298821061751552886
5088,2,5319250168212186745
5089,2,9946073260594496480
5099,2,17969444396049971480
5107,2,1517359652307502542
5110,2,202510479451688591
5111,2,7694691664067289558
5113,2,10542172852600667656
5115,2,10542172852600667656
5119,2,14351409144828299207
5135,2,17391455455625575091
5143,2,9072507208960697354
5147,2,6098800477522303516
5150,2,11914808969930375948
5151,2,69828962597349356
5152,2,7596262971659172014
5155,2,11440841330474786007
5165,2,6159262946921382801
5179,2,913418435979478515
5185,2,12598006948917459566
5202,2,3967085491485339080
5211,2,515753542859203908
5217,2,9072507208960697354
5237,2,9847125577527528607
5238,2,4702269173492702153
5242,2,8000596000569765693
5248,2,4164161447168357082
5266,2,10127912843795791975
5271,2,8407834320238762211
5272,2,4814061592645506393
5282,2,8142033873309009800
5288,2,9631223055603758681
5289,2,8218004830908641316
5297,2,11306165184849284911
5306,2,11612528038293563915
5313,2,15318999445165994426
5315,2,16052748683580914736
5321,2,7638547783545272708
5322,2,9515875404115993094
5339,2,12087993199309414342
5365,2,17369360052100765688
5366,2,2610275501977044662
5383,2,10229500249294749312
5396,2,609016612141349961
5401,2,10146506082760258900
5411,2,16670837169355003592
5414,2,2176869192842127935
5445,2,9007311196202495834
5451,2,3832760017036785126
5460,2,13763817150513815330
5464,2,2716793460767835077
5467,2,4498519886682389797
5476,2,2500196889558286321
5484,2,1821524792110586814
5531,2,12719314832502451936
5534,2,4917008298501869795
5543,2,6710830175507682728
5559,2,2482121171069224586
5560,2,4707885459236749702
5561,2,2482121171069224586
5567,2,9225281112783543031
5591,2,10998299262089184804
5599,2,7726028351877599619
5611,2,13729782642055400356
5612,2,1260371997361350412
5614,2,9132563345853849240
5631,2,13903001377271636803
5664,2,11464429257320943610
5682,2,6025593590097240123
5691,2,2220330431759146477
5695,2,10984256586346343471
5697,2,15013145218910502689
5705,2,17356600453992101067
5715,2,2207858040859306165
5738,2,323445473798796721
5755,2,11198218674343989874
5765,2,14544930948698590525
5780,2,2826226564694308553
5781,2,7795905402964054598
5784,2,15718595956228521283
5786,2,17212423818814305794
5798,2,16057483497389062272
5799,2,7279208536682839448
5805,2,11313910481091093615
5817,2,18019318570118022075
5824,2,14528030075244186962
5834,2,8181192486477721448
5837,2,4472312755076953663
5839,2,12928369329336940620
5843,2,16817119904713442028
5847,2,16280884645718287051
5854,2,6045257387111960414
5861,2,267730353979817605
5866,2,12694523791089870780
5876,2,6977967276608568645
5887,2,14571262088644839072
5897,2,7057158110949338452
5901,2,16550070802797719056
5914,2,12262432388842576906
5921,2,6272058450235432006
5930,2,4690301885713749583
5931,2,14296508918434890890
5938,2,9530768464959169082
5942,2,848284886926278192
5960,2,3327969617779381256
5961,2,9563247420215842963
5966,2,247614218519509488
5987,2,11828815995251075966
6004,2,12480930502275027311
6046,2,13143007859662922516
6056,2,13143007859662922516
6066,2,14897160482087391572
6069,2,16450224884343719443
6077,2,5309123423358577083
6081,2,1919108605043901236
6085,2,6390595125980146160
6088,2,16132482642061844114
6091,2,15425507094242515694
6111,2,15175906407790227936
6143,2,17041999530029605071
6161,2,7109585693824102998
6162,2,11486289976082920093
6170,2,14214823494662908745
6178,2,11749651712067681824
6181,2,1078227714629953348
6192,2,9139957488777093293
6193,2,2157778199341477272
6195,2,17041999530029605071
6196,2,16591177752366567881
6197,2,14067075106693912155
6203,2,10686453012379599928
6208,2,8853309716713231974
6216,2,16850079607563211839
6217,2,322539847534959565
6218,2,405689463063796391
6220,2,12311747756913092727
6226,2,18136952822888973346
6230,2,7626436157536674088
6241,2,8284614083297780061
6251,2,2493689726445515538
6261,2,11749651712067681824
6267,2,984495403944323333
6268,2,14452063841663385788
6276,2,2524161496490062662
6301,2,8776514537809339829
6304,2,9522169658895935558
6323,2,4210788696439140323
6331,2,361496851936322206
6343,2,12198792575972553403
6366,2,16981481873445214860
6374,2,5334954831185503009
6388,2,13800095193961386036
6391,2,1522007289190280165
6416,2,3528374282686641216
6450,2,2691685407180392786
6456,2,5186486584863551479
6457,2,10319514513600077873
6462,2,10665493664077781805
6473,2,11733377440897739354
6504,2,12658847738241789010
6508,2,14112393315931069469
6515,2,11063517308151610462
6516,2,10319514513600077873
6517,2,15779658665552329609
6529,2,5952432671748381872
6547,2,4901455792451299049
6568,2,12384675370930567839
6587,2,1208869212274329919
6588,2,12966107206149200067
6593,2,8657204695830120194
6595,2,13285098095222696846
6599,2,10034987158489330475
6609,2,12046055946851520300
6615,2,18350319018834880780
6616,2,419027665674610916
6626,2,14617003740262192097
6671,2,9035300944710763547
6672,2,17896345847410602765
6687,2,1872280845044075714
6700,2,10684027554998989954
6708,2,10423535110206316507
6709,2,15711087132715480351
6714,2,13444946005278962954
6734,2,11607491644013551605
6737,2,2947393543550320962
6747,2,4424216339812551464
6750,2,18350319018834880780
6760,2,10820968152917660809
6762,2,11368647595486650566
6767,2,6938838108937847697
6773,2,14259919978332112708
6782,2,4425526711429339975
6784,2,17845133539926621718
6800,2,17246184698672281572
6817,2,1584952542215345972
6818,2,4373107974987701680
6839,2,1655639723667198979
6846,2,7327123716769971320
6853,2,10037063681754789069
6855,2,11198760227630865651
6861,2,7008514586776049122
6882,2,8780289843960818404
6885,2,7148443510992915629
6888,2,9960705769136215172
6890,2,8912611610389577687
6893,2,228676561690355043
6895,2,3161601659922739507
6896,2,8792643804522541612
6910,2,8993271283021537640
6913,2,4365703671574163385
6917,2,5374710083546604317
6923,2,5048181730699856456
6925,2,4979332172159546546
6932,2,1464092551251791932
6934,2,12435560446118617528
6937,2,14175681637250823996
6943,2,8822428653205700913
6952,2,360702988360317732
6963,2,16699805208766920019
6967,2,14723001098704069560
6976,2,13108508896539196067
6978,2,16555674573760667547
6985,2,10900514729965621935
6990,2,9416166648443819274
6995,2,3721715778137438444
7011,2,2391854892518204972
7025,2,13791099860525187116
7039,2,2565365038828726349
7042,2,13098151567210305916
7044,2,13325210615124719046
7049,2,5007369370409839889
7055,2,5577433153862300648
7069,2,6373605339382879051
7087,2,13510999957536657030
7091,2,9408006733946795510
7095,2,2277290123695310747
7099,2,1088670804405810860
7100,2,18231857700531493551
7102,2,6112586949077579046
7114,2,3659921951138480786
7131,2,12087111975246147812
7149,2,9923600168307921848
7153,2,17155306487352932188
7165,2,8747001147265686253
7167,2,9287011164719783987
7171,2,15207010833038144766
7180,2,4743452359743988924
7183,2,2790229437848153513
7186,2,10404576865810653497
7194,2,13470387919026131513
7203,2,6823301615146704119
7209,2,12242252355129000149
7210,2,5033302191944686425
7217,2,12594116916923504903
7219,2,11443226356270347523
7234,2,4800428054957287987
7236,2,14905562622361448154
7237,2,2164130650677945725
7243,2,13817893355004041140
7256,2,9428014046623707732
7261,2,10572158362087319338
7301,2,7655268361967826485
7308,2,17432674745645826380
7339,2,11808262488591014022
7350,2,15476409493478952325
7352,2,11938900827453094261
7353,2,13551924211804438984
7355,2,911910451781752304
7369,2,8516878901002842194
7373,2,9314145262663369444
7384,2,10099656184922671231
7393,2,10455143060676776126
7395,2,2025856152350002707
7399,2,4631127735814597615
7411,2,5236903139307689734
7420,2,170337000209012148
7441,2,10508981603366611220
7452,2,9237576202727083776
7453,2,1581130602381685472
7454,2,5788997678530341594
7457,2,3629756076372331173
7459,2,12647860661283170035
7482,2,14904415453889062035
7494,2,13512115569706845969
7512,2,14113253249137680224
7521,2,4544807779976400686
7522,2,16794034462050208881
7526,2,15249254757465032236
7536,2,16598013861652096861
7538,2,2585350616470169456
7542,2,4996039077413532742
7545,2,8428190193791755113
7564,2,18117564206495326158
7570,2,14411098355110964947
7574,2,9071843921665537864
7580,2,13765838998379482883
7596,2,7613577968205101696
7602,2,17032726463607737461
7603,2,17849707844450096858
7620,2,10612410447858281464
7625,2,1436204611238994932
7627,2,7726908656562053769
7643,2,14387538889844766278
7644,2,12943063609554810837
7656,2,3747432845284701519
7678,2,7798670530123990630
7683,2,9948766816127686164
7693,2,10829788938775518402
7703,2,17499831453966766764
7707,2,3896914480120920224
7717,2,2163886308289790277
7743,2,15170087251887789473
7764,2,9387510516695825524
7784,2,3359651443678749119
7793,2,4649251401856647091
7796,2,18174003679330831659
7821,2,17723908321027171128
7823,2,1684517619238596230
7828,2,13057191058859061192
7834,2,10611817849455917539
7838,2,3575041662653337031
7862,2,12443432084530373261
7876,2,12132172033617900233
7885,2,5145463681913262986
7888,2,1653932234152725502
7901,2,7151788831012845822
7904,2,10117692747793985567
7905,2,6526453481163664094
7918,2,7209525259880770005
7922,2,9614740860091267852
7950,2,18424670423505540668
7957,2,11366040796837083290
7958,2,15293068227013324071
7964,2,7363955505066406616
7966,2,16416639326539715691
7977,2,12154258777084852749
7989,2,1089584134238774247
7995,2,14265349755053392776
7999,2,10741977078605659777
8002,2,9974690491956772099
8006,2,18151208228233586625
8017,2,17666563079455608866
8020,2,3292901903948633114
8022,2,5429538670488699863
8025,2,7328291679725378244
8030,2,1382877369052182990
8032,2,4040702728107369457
8034,2,15496320064161904059
8037,2,6608384402500029500
8109,2,4600988652075498862
8110,2,1764634273888212458
8119,2,12222762086167500283
8141,2,5498856912447314285
8142,2,6811118607515683611
8148,2,17949289700331804803
8149,2,17407362746130476068
8154,2,8818047555833881041
8163,2,10441270050350467120
8167,2,4548661356509310835
8179,2,10531422544109271462
8181,2,16415463293687680648
8183,2,3802016792188177662
8197,2,9914701370322802704
8206,2,17230301496787434095
8219,2,14218777441645789299
8220,2,2068125281257364574
8231,2,1238519715840390254
8232,2,1364135929536574917
8234,2,298525076878267428
8249,2,8394390667285357106
8252,2,10162406298727037499
8266,2,15049054197248318346
8285,2,2031160503586686356
8304,2,17230301496787434095
8307,2,1761084268466464076
8310,2,6959220892606514003
8314,2,353467092930073873
8325,2,4687847453302751610
8332,2,1288273091836927426
8334,2,15988545660525652629
8388,2,7960899020197656389
8407,2,5662239710099665851
8421,2,11023720531532789042
8428,2,517708361299437613
8435,2,13593660324619173545
8438,2,12641780455671850113
8452,2,3178434739657373745
8458,2,8202742040400068510
8467,2,2946490320861465815
8471,2,11840440788333391947
8472,2,1108005975301843085
8499,2,8571661714434255169
8503,2,10855672250262548181
8505,2,8956699603951336950
8512,2,14455797379709372998
8513,2,6305481330562274802
8514,2,16838019010361878843
8516,2,12824982794398212826
8526,2,12529451295050372229
8529,2,10786207699641343726
8536,2,9706380965540874148
8544,2,7581783294990056286
8553,2,800409425611611218
8571,2,15108011694260936232
8576,2,3807136451453597935
8580,2,13774016856781546224
8593,2,14282669512558341975
8597,2,12232172965823670185
8600,2,6153761179731669657
8608,2,14529145025751526805
8614,2,14219513104622632627
8622,2,6522975796304278708
8641,2,7705651510822984035
8650,2,4462650256432731565
8659,2,18180291469737072924
8669,2,6270255154000067703
8670,2,5831284106413470058
8676,2,1169410270812261660
8677,2,17700405217281158009
8690,2,4958207326263653571
8692,2,11965604774063858785
8697,2,9196358457592400168
8700,2,16167321701558546195
8705,2,1396902584330592905
8733,2,172608187550656437
8737,2,5975465250630325030
8748,2,2141975111533781593
8749,2,11684202347525293259
8779,2,2491257360747422297
8806,2,14835549820165104722
8807,2,14597975512634522098
8810,2,8791243946146961181
8864,2,11555672037663811062
8868,2,1918957821720778686
8875,2,13271908212905562647
8885,2,261762833117691317
8899,2,13459793336825545502
8904,2,6687252811953478406
8906,2,12865731194995154934
8912,2,13572844158404281392
8924,2,7423430973253580644
8931,2,394926096213077078
8944,2,10877593596562286227
8948,2,10147734084264067620
8960,2,10618093351872214399
8971,2,17197848189882498522
8974,2,7314304273978122104
8985,2,6678435546240139093
8992,2,3384557510664779824
8994,2,5980032694027759856
9001,2,5833551644412500083
9004,2,1422107483819188788
9005,2,5757603036729548011
9015,2,1192354937830087475
9033,2,11843570141804246457
9037,2,13275822000851871029
9041,2,1192354937830087475
9047,2,14774360336239081816
9058,2,6008795321435645429
9062,2,6671261759657534848
9066,2,13991876449647075803
9067,2,13787650068736952990
9079,2,16465389646141532496
9080,2,4212511417691920795
9083,2,12166334091083062825
9085,2,11306542010230436428
9091,2,857683161446598040
9100,2,171403935476339282
9112,2,751374325693137346
9116,2,12262951591712255044
9127,2,13403960922646547815
9130,2,403314445217910391
9137,2,1605120550084667176
9139,2,9992053711144923698
9146,2,9457017712814507834
9147,2,4115794126624666694
9148,2,11998360935679257960
9157,2,15696571661514568539
9165,2,11769992127639694685
9178,2,12856327463523167590
9182,2,8200862050230356200
9201,2,6244500532363893041
9236,2,1581148243156805962
9237,2,5173567175374707398
9244,2,11867948587904182352
9245,2,866267957147783834
9254,2,1132109568554811127
9259,2,10241899250125796311
9273,2,13393199442634668585
9276,2,16325883002493352179
9279,2,652030299081565688
9284,2,15761131003734740895
9289,2,14031497495757136674
9296,2,4301610441209010683
9317,2,15057077941383219160
9323,2,10110273802396879354
9328,2,977195711647252939
9345,2,11899707532932795565
9351,2,17659509591767443773
9359,2,13176640435758966068
9361,2,8028971384355779035
9369,2,5825883189700778976
9384,2,643168266774477610
9391,2,3295668203949362345
9403,2,2053905673514053925
9411,2,13634679089935118638
9417,2,11678495782590032393
9418,2,16565591914611558611
9427,2,3043947272359306434
9433,2,13592821345527302383
9442,2,4290102187256779995
9452,2,5180411672480828499
9459,2,6595449356746402035
9468,2,12556816757544189358
9474,2,2200904236036190184
9478,2,7914361509936773617
9500,2,14879558385985147747
9525,2,4837488537776033007
9530,2,17258262316108275370
9533,2,6541734791452158040
9549,2,12697880913306136641
9557,2,5977739506137821433
9559,2,5513791243348668167
9563,2,7670676128404576041
9564,2,4951254720062291538
9571,2,5010391451363071619
9574,2,7937067690177292249
9586,2,1147470400405602207
9588,2,18024842571407815465
9597,2,17012185362688015340
9615,2,14281859233412750239
9617,2,4857956857857958635
9628,2,8629907491725865286
9635,2,11948553011002985825
9636,2,12763882440859156150
9641,2,10869640124814795438
9643,2,8631580805855055366
9666,2,17032937126013508080
9694,2,10561818246731821003
9702,2,16234492442344896832
9711,2,5042747281302822451
9723,2,10937091302898192805
9730,2,13906467659359354882
9740,2,1259162482912830356
9756,2,14687343849606060006
9775,2,3098678990689469343
9778,2,12509423746693926996
9795,2,659018869090031597
9813,2,12799802335718935591
9841,2,1222623641496203653
9843,2,2070224287480823334
9845,2,2070224287480823334
9849,2,7663304933214976736
9850,2,16798648480280218343
9853,2,5886941461949802995
9864,2,5680999303878489883
9865,2,4030308286516528918
9878,2,3481870668874402110
9880,2,1883435828173732771
9884,2,4928411850012981588
9914,2,8937188731010142440
9917,2,504456900834335771
9924,2,934681745139719450
9934,2,13860943418032415066
9936,2,5380613461109810403
9939,2,7801492101026598511
9946,2,3628704022754312248
9969,2,14790575289939414694
9970,2,1482735654671432122
9972,2,16113144780721759319
9984,2,7623353285562609279
9988,2,6327621472335829234
10001,2,6657731803982954086
10014,2,10049361380364611439
10042,2,6095847080400825497
10044,2,6694170948094325089
10050,2,11383876002946332525
10055,2,9665854941698254126
10059,2,1055538634101819908
10067,2,14236299771262041445
10072,2,11727622448369070942
10083,2,890431214954727953
10095,2,3576067008328456757
10115,2,11649236456941378603
10129,2,10617110341984302223
10139,2,3764084953269590076
10141,2,7015082522348781418
10142,2,10374980679290242126
10171,2,16463444434659913373
10187,2,1660872617814301361
10189,2,13190008504148921179
10193,2,11912066813026353636
10201,2,17528624274224251364
10206,2,11087835077388408338
10207,2,1446355130104250333
10208,2,11298170971870478773
10211,2,18035399392453405842
10214,2,343518861233710017
10229,2,9116695252209234908
10231,2,14736389766237112706
10237,2,9987737236690254861
10253,2,16806841595433332077
10254,2,9051292652746600781
10257,2,13989768122507665404
10260,2,1877170474909881639
10264,2,608961926856328736
10294,2,1697174851106513213
10298,2,11910463386586352330
10299,2,1421479002070093716
10304,2,11034045670153385674
10305,2,10466557892482077645
10322,2,8099014272356961625
10323,2,1493116944294378797
10324,2,13978814670544860358
10331,2,15923219091750679683
10341,2,2850781492614381221
10345,2,17736923952809424825
10348,2,127059448026393464
10358,2,14253821344596300264
10360,2,15481190357641699156
10365,2,10316922025083340363
10366,2,9067735894359482388
10369,2,16670894284739514821
10380,2,7269716549505481248
10387,2,2756689827286209834
10389,2,9873599929082422981
10399,2,9139076170969497336
10400,2,2580843968085291432
10403,2,7226674356150387503
10405,2,859724105989768871
10406,2,2355455738659129699
10411,2,8040512697925289705
10419,2,18336095122123186340
10444,2,9501019466956248510
10449,2,13052238492093772850
10453,2,1347440010413585341
10465,2,16429773867186081538
10468,2,14780997060468247416
10470,2,11323671784625237200
10482,2,3109333022091137466
10495,2,14196656724144136133
10503,2,1100449517110515825
10511,2,7696453265958002946
10523,2,9701780571099510662
10528,2,4243672027245077174
10529,2,7568303627172648238
10544,2,16803503303224168354
10546,2,754397824293440608
10552,2,7331178420397248588
10576,2,13255499679786053260
10581,2,5215340897812589525
10590,2,5463341509985896179
10591,2,2082670695809786006
10602,2,16476849737253467748
10649,2,15292910248436852303
10650,2,11588827849029700274
10661,2,4879426193044394467
10675,2,1406241034028681371
10677,2,2772450608068559222
10682,2,14773094487432316989
10690,2,742078918255083993
10706,2,2539684444543801802
10712,2,12229710889607471689
10718,2,12089697407604825334
10720,2,758680271824019771
10722,2,6724588358482136467
10729,2,6661758986263028352
10753,2,2519756042770062211
10756,2,372787927065413603
10757,2,12220568533460421002
10770,2,10402392910980265719
10792,2,6056382177031877654
10804,2,4494233101535107778
10808,2,8484964594802406669
10812,2,2636754347434256363
10816,2,7976924999588267916
10822,2,84536157599253420
10833,2,4147683788026548539
10867,2,18071209341934223762
10881,2,18048719858151858382
10887,2,5391337871600983243
10891,2,9937742004200785742
10905,2,11655608010265276207
10906,2,7485855049937159302
10908,2,11655608010265276207
10915,2,17392478625289475412
10927,2,16043534383052672811
10928,2,12051181141595661328
10938,2,11724162915056752004
10959,2,9876091962041169796
10963,2,1549457966896368094
10968,2,3879842918655476068
10974,2,14211667801156929253
10978,2,2777067885074403994
10981,2,14803331386740016126
10987,2,8608260229338768115
10991,2,3814550068831325266
10999,2,16379362075676874379
11001,2,15402584205748294725
11012,2,17762816016217194995
11019,2,10897307060747845854
11044,2,6666786723472606911
11047,2,14293662085679608240
11052,2,8174283351778149676
11053,2,8527679050996657210
11056,2,4796020538722122890
11060,2,2189739835403763848
11062,2,13838934140036287284
11071,2,7899039386450834908
11078,2,5930735470461757717
11087,2,13612129029383507298
11093,2,12632833617802951387
11103,2,633217038095128523
11104,2,5132641214323916227
11119,2,13118176899369618407
11135,2,2113893707047598230
11166,2,14256054111791957811
11169,2,7418738986226667575
11175,2,213622508902172511
11179,2,9505565222049682371
11181,2,3366064360240717756
11187,2,6604750183140370531
11190,2,10597801448276246951
11196,2,1722776017681913198
11201,2,14136505134553634132
11205,2,17079186340761659818
11210,2,17077799654480324725
11216,2,2490881956943155575
11225,2,769085855896387481
11239,2,4370391073841935341
11268,2,13173317950980041460
11272,2,5273158020998347047
11274,2,16362493682957413583
11275,2,17981640224757289472
11278,2,16799623802135230985
11281,2,9041171429002237064
11299,2,15671918894134888272
11302,2,16601621170316362536
11318,2,10840315822783676733
11334,2,3462561644753368703
11341,2,13460481405033761944
11345,2,13160310408021783548
11356,2,8944400807135615802
11359,2,14171303086439820208
11360,2,5259667775829189784
11368,2,7327323642968232453
11374,2,2122104215857404148
11377,2,15379970077213312264
11385,2,13117854486211114088
11391,2,12737486762802162605
11392,2,11409958712653451472
11393,2,1580557247320277683
11408,2,14902464554505715774
11417,2,11264679886070813286
11418,2,12184984029183720321
11433,2,13846267919781512940
11453,2,2199346145470051325
11456,2,2199346145470051325
11458,2,8155721179488342719
11469,2,18209688880003585539
11478,2,88250287171903806
11494,2,18356675722902756550
11511,2,17727772792278540159
11512,2,16570660755345399806
11519,2,14872804377724548049
11520,2,13456990408835705615
11523,2,15428479354187280492
11527,2,12195661430449942950
11529,2,18290625582006900017
11550,2,3470128700787347484
11562,2,9900611831705438944
11590,2,8874633983665619666
11593,2,8660057908243451755
11598,2,13764212192854332928
11601,2,10104159420146084872
11602,2,14760124384166784414
11610,2,2278342479467820473
11618,2,13263653252630083146
11630,2,6798849841043159169
11631,2,3762372262149717732
11639,2,4550145039965159721
11652,2,2565908260624193508
11656,2,17336177177903008728
11665,2,9526046290864839321
11674,2,15018980706709505994
11690,2,2963631554482836090
11692,2,5618929402177143529
11697,2,6219970836881718410
11700,2,2371735190454325938
11702,2,2524397725360907571
11704,2,11850215710929284614
11705,2,12480403007474580106
11716,2,13905055926009987960
11721,2,2523355994170810401
11739,2,10203516146526710562
11770,2,3029722010266574196
11771,2,6321138224750063559
11773,2,4636111487206288872
11786,2,15716153559597281319
11789,2,3458375112466426556
11790,2,12078335754621069304
11794,2,1379882369698072538
11797,2,9243030458182416790
11803,2,1364029179270073167
11812,2,17514156820742625028
11815,2,16671147819613038339
11822,2,17412072398003317909
11825,2,13783672623898854622
11830,2,5633318701036972457
11835,2,14134696521324310796
11837,2,2213293015647508556
11843,2,3739363085832103133
11854,2,16842258503347657234
11856,2,9314666626901222396
11867,2,16497193270016926236
11875,2,16963109284523733523
11885,2,10245198588056057024
11914,2,18128142155976063996
11923,2,10438418619834503474
11935,2,2422596995334141353
11944,2,6125078695618208291
11947,2,7660485659850747620
11949,2,4562718233033304592
11956,2,8585972954512245154
11958,2,6975776385906866632
11963,2,1939575434604673707
11972,2,8435197921823339724
11976,2,9991684086455879074
11983,2,12995698316499762797
11990,2,11351237464995255742
12005,2,16773166932831259214
12010,2,12739566270613780555
12013,2,6636369340329474968
12017,2,11857682679032309564
12030,2,2927849575259583671
12037,2,12991943246145468353
12041,2,8839551364301552887
12048,2,617066677572834536
12055,2,8218567725431790278
12069,2,10510619654052903771
12081,2,11227174975708872982
12087,2,12463073608171159108
12100,2,2010500826426148235
12121,2,4531361881047862780
12134,2,1942435214946726378
12141,2,8430221746528231923
12148,2,10877031974501712956
12153,2,9603240608938151091
12154,2,10992141301088761762
12164,2,15163956340565939057
12165,2,4850070794497007989
12166,2,192527539785890719
12172,2,10227542002713664566
12203,2,11213002091654013983
12205,2,885097966797297213
12216,2,1875336314200597599
12221,2,14297895066060438444
12226,2,11106808276466291409
12237,2,3191274122961054161
12241,2,12007302814287639002
12245,2,7967212826835250749
12262,2,5841594554049654982
12268,2,14137260213410331406
12276,2,16819698895076402233
12278,2,10386053008310801618
12282,2,3570029907691110362
12303,2,15024862574391840592
12310,2,3351103493864140043
12312,2,1001651862221075597
12322,2,8044638854996407483
12325,2,15938009272304016890
12353,2,5591103064136539345
12354,2,17012662394534441054
12365,2,17207584292398085984
12368,2,8349383401537804621
12406,2,17520488176470369361
12408,2,13412338707819364286
12420,2,10859338321185423820
12424,2,18317331982458058940
12434,2,15398524238650437478
12439,2,4501452601595021511
12450,2,17474152134563817415
12471,2,376451274985842332
12479,2,8242336024915872259
12485,2,2806525718823644322
12499,2,12880553247739358015
12513,2,12324629783653582621
12514,2,11669683776702828570
12515,2,1284909211533565685
12518,2,5655474736766342084
12525,2,4254830770754813383
12527,2,10381246221117462469
12544,2,18256033188501052137
12545,2,14787302553825430949
12560,2,2380447582239103498
12567,2,7193643938567476152
12572,2,13350640208513143036
12577,2,2088601908069096180
12581,2,14698883320905637172
12591,2,11888312118159751900
12592,2,11557667485088691901
12593,2,960008594372348525
12596,2,4992263738552494729
12600,2,6514706248919515644
12602,2,6514706248919515644
12619,2,12943788567196298982
12629,2,5594601234865506589
12645,2,3660463744193083836
12651,2,15403762502260883270
12652,2,3721417500156966014
12653,2,13018298606279439224
12659,2,11290450228526837310
12662,2,2387359208079108813
12663,2,2530193388899471504
12673,2,10053768552551288194
12679,2,10061572395377172294
12691,2,10430289077463132067
12708,2,8470349255782690275
12719,2,9613014296139929409
12721,2,9613014296139929409
12722,2,9613014296139929409
12723,2,15902340458161496119
12735,2,9491137119892484105
12737,2,17010547849738011025
12749,2,14315601055672182998
12751,2,14315601055672182998
12756,2,266319231281474390
12757,2,16197153325132358531
12762,2,7120040872338403016
12766,2,14498513670621452543
12771,2,2117569604575213465
12773,2,18402831601220952961
12788,2,9782689313347995300
12796,2,11400817021867216902
12843,2,16352889761037151489
12855,2,6958187266022221019
12856,2,9491137119892484105
12862,2,16821106560178441235
12870,2,12158038003490628700
12872,2,7292449631221558442
12873,2,10122681797248221207
12878,2,12064201240921004330
12880,2,5426703604911721729
12889,2,1101889277525885653
12896,2,7441504927271635374
12898,2,16721961949084182578
12917,2,14651540679845658794
12919,2,6915638454915693553
12920,2,12490280136324555009
12933,2,17434931844434661511
12938,2,1797715357558020361
12955,2,15572440309598374048
12957,2,7494702772453006648
12969,2,12686894577380861767
12991,2,7882096320652492285
13008,2,5370882258817725275
13019,2,10670138222837708967
13030,2,14805958843935834678
13036,2,3428442867887672743
13057,2,18070700896047755471
13065,2,15194554112982312688
13103,2,6864868593482852539
13115,2,9888628042504668612
13116,2,9888628042504668612
13119,2,15632131742823785525
13133,2,18399673464574118930
13134,2,3382806948758675426
13156,2,16058474625170339968
13159,2,8437825822211104522
13160,2,1671208918669039609
13163,2,17614560206803712074
13171,2,13685916040243211524
13173,2,5127017252310335928
13176,2,16058474625170339968
13202,2,1980373021707292635
13204,2,1980373021707292635
13213,2,6031792832222902310
13217,2,6542933242500677316
13232,2,14050795729508887940
13242,2,15533514642100440130
13255,2,15536612432589472536
13258,2,12075765804650412217
13267,2,11717640089173813381
13277,2,16985787886114880979
13314,2,18262145704632837769
13322,2,4269154029344582296
13323,2,14656808718250521202
13327,2,17381439866251106320
13329,2,4269154029344582296
13331,2,17036031785599887898
13337,2,5975939811727830560
13354,2,3839960693813747506
13361,2,14673617743267560478
13366,2,18259390250576018854
13367,2,8165248688605002665
13376,2,2314128643418673453
13384,2,15701547696875947546
13394,2,10745678398919730105
13402,2,8084834534720552490
13421,2,4269154029344582296
13426,2,3600719199655829651
13430,2,7964505808314092892
13432,2,3205027220716856125
13434,2,670468955770806514
13436,2,6056340985406722835
13456,2,16981330781378759803
13459,2,16981330781378759803
13490,2,4907535199293839195
13496,2,5820617564259043715
13510,2,926176147628174925
13517,2,13533360874304075084
13522,2,8038910846475262759
13525,2,8038910846475262759
13527,2,8038910846475262759
13528,2,8038910846475262759
13529,2,8038910846475262759
13539,2,17901286497414304562
13543,2,18355129369225405920
13561,2,8241090330559172439
13563,2,12002368788102212856
13573,2,632130357469362488
13576,2,15802694915270727467
13585,2,8917765417510767479
13598,2,10688214988965322363
13611,2,16940791267514105123
13621,2,2502571649401606248
13627,2,8881866045614942501
13633,2,15283518525139084466
13641,2,241530509627461645
13676,2,17681807746417301465
13685,2,14708642864124300274
13689,2,7678919374819519484
13691,2,16471882145429884602
13702,2,10445563357121934673
13706,2,7872569157958339042
13709,2,6383631290155448505
13710,2,7872569157958339042
13711,2,7872569157958339042
13745,2,12730120885965369468
13746,2,7385794766419150365
13751,2,440648208984551934
13767,2,758201741643348629
13779,2,14082202587394767428
13781,2,16268965573799453616
13783,2,9211921204333302087
13791,2,13612222795548420592
13820,2,15381756485549757141
13828,2,6178897697530596752
13830,2,5245398535003466595
13836,2,6178897697530596752
13842,2,2338346401598245952
13845,2,18162801284958435794
13875,2,14958935084956382937
13881,2,1775868105696568104
13883,2,2866393584682409954
13899,2,7228875327863512455
13905,2,7228875327863512455
13909,2,9552299288949719742
13914,2,9552299288949719742
13915,2,4642701342780100936
13928,2,11997780285055159491
13941,2,252695821467830251
13946,2,4016209679962910471
13947,2,522646421636898085
13949,2,13321134148065194165
13954,2,17322462983179220203
13983,2,7228875327863512455
13991,2,10937106487572322877
13992,2,16550147035387688373
13993,2,13321134148065194165
14001,2,5729618498441987693
14004,2,4647457223251955292
14006,2,17813129009314673169
14016,2,8632101467834715975
14018,2,11138585240584909677
14020,2,765159787007234813
14021,2,8403353353931345046
14022,2,6627961170887437048
14025,2,11138585240584909677
14029,2,11138585240584909677
14032,2,6627961170887437048
14034,2,17221142048770302868
14035,2,14685514497824814192
14039,2,283030385711905322
14045,2,16142529030501538777
14058,2,11138585240584909677
14065,2,13136924060207784669
14067,2,13321134148065194165
14074,2,283030385711905322
14079,2,14196182632143148561
14084,2,1794303147236166230
14094,2,7555929474820896848
14096,2,15380205625079354642
14103,2,487752863217399679
14118,2,6184296246836208229
14147,2,2960541183785462437
14158,2,161626514219254134
14166,2,2724385131120542750
14174,2,2884641505539613225
14176,2,11112134543221647194
14180,2,6490269127111752592
14185,2,7095881951199658750
14191,2,12317918563534690334
14213,2,14900691738707051151
14215,2,2992634855725182926
14217,2,10166273727764016904
14228,2,11679263174749179286
14248,2,4863377797804096335
14249,2,84768366942274140
14253,2,7832361691108649383
14269,2,9646745082871103191
14271,2,10020626038085055782
14274,2,17381034096298768038
14275,2,13422640613217265840
14283,2,72639539715488449
14298,2,2005271067301826376
14307,2,12329641257498684797
14325,2,14594578782050331383
14336,2,423753853341221150
14337,2,5186592903742617505
14347,2,18328679398580273808
14348,2,8426481861774967858
14356,2,7832361691108649383
14359,2,13490645197663853455
14362,2,11889389436329951754
14365,2,7390571266883466610
14372,2,3758975189981240862
14376,2,16497713737974739607
14382,2,13339752668005528466
14391,2,9370054371061100438
14399,2,11909430936276410355
14401,2,11679263174749179286
14403,2,5382421214004692816
14416,2,17631337192499099701
14429,2,5479963793238349981
14449,2,18163750896831522175
14451,2,9283139514332424387
14459,2,5719050061204980236
14466,2,3517233366317772992
14468,2,1234021107465591781
14469,2,3644711109954879409
14475,2,10446863354378662600
14490,2,12989509498238250786
14506,2,6903896042707384626
14513,2,16068473724091525969
14521,2,9466157646793745660
14523,2,4869939638133913208
14534,2,8049457180222704520
14549,2,2296990727069965633
14550,2,16054166845049652368
14559,2,6592646941675213109
14564,2,15344400646556239336
14586,2,16054166845049652368
14589,2,13237082469684199158
14599,2,10272157391093898339
14605,2,10823121854017465537
14620,2,6265206170648915892
14622,2,12989509498238250786
14625,2,1425376198090859297
14636,2,12548983802026505120
14654,2,6643938300987589821
14655,2,13796868434685160328
14665,2,17693802737421278578
14668,2,16165782326943215362
14672,2,2868814518920071210
14673,2,10475800655351019562
14688,2,6095012939470951351
14689,2,12018640575950839459
14710,2,9722423717066847216
14721,2,12929462196936130282
14743,2,11681098886106573330
14745,2,4319984483587221166
14770,2,6849615807235593438
14817,2,232495373783532694
14838,2,1283676280141268273
14849,2,8191684436401209810
14858,2,9097341945576495981
14873,2,9475958636833337124
14890,2,606150976035346939
14891,2,7337523510603736788
14901,2,10559704814865929650
14904,2,5194753986736569848
14909,2,12862814756985621783
14912,2,4319984483587221166
14918,2,8817730295400964153
14930,2,12813713536978817857
14933,2,16149756221005933273
14935,2,11900182723818406989
14936,2,8082617899452825031
14941,2,2928085846643654838
14945,2,11783943441787034697
14947,2,15851638611703948074
14949,2,16150558894185364200
14950,2,18256609409020417797
14977,2,6437995352142833294
14990,2,13919429188544851783
14991,2,13919429188544851783
14992,2,4099560232929737902
15000,2,6444956071813619735
15002,2,17684854016292557678
15013,2,6920965778698427038
15014,2,5395624977122740286
15044,2,3043909842525645750
15069,2,16580077086297448893
15104,2,15165081725609073453
15105,2,5882196254039485156
15108,2,17984980986559320877
15119,2,5759818218652288945
15122,2,15559484896012788372
15129,2,15559484896012788372
15168,2,6448895041956864140
15172,2,8068497299045324508
15173,2,6499363414879376032
15175,2,6357666636652380687
15176,2,7410271458029347060
15177,2,15231182048868276447
15186,2,4536083007337721749
15190,2,15885116754144482806
15197,2,2639021506286150821
15215,2,1080497757097507768
15232,2,14970450474077144603
15242,2,14970450474077144603
15243,2,14970450474077144603
15246,2,8859441382309824805
15247,2,3473709000914806800
15254,2,9756067870571096717
15257,2,9997404540256554347
15260,2,11530267447225905763
15265,2,14125213435674308580
15268,2,2514907076835289561
15269,2,6209632099342575404
15272,2,6931432560549047715
15283,2,3971070670470489389
15286,2,17284410588738057224
15287,2,5286673557946482740
15292,2,6579999375501231416
15295,2,14341619788142117937
15297,2,16547399496402792963
15301,2,17983159088407435740
15306,2,9155082744974486176
15345,2,11974460337993487803
15346,2,14420048040137186641
15348,2,5754976050042253835
15350,2,9434530932382179950
15373,2,11044321185172650880
15385,2,17781637000824323709
15407,2,10479692969615124765
15408,2,17569581722689863441
15410,2,17569581722689863441
15412,2,15028011906018178774
15419,2,14306180898483165468
15420,2,3104829001201874720
15422,2,9109453465984671596
15428,2,808325014897503159
15432,2,9891443149227600351
15446,2,3503373722585139453
15448,2,9158646471068342569
15449,2,7069273708551529450
15450,2,2475930257424287957
15454,2,4909724723905472502
15459,2,4392827974786830013
15465,2,7279375518345780898
15466,2,9687787146024955270
15495,2,12827305484232541644
15498,2,5022983145476074194
15504,2,15258457480025917191
15506,2,16427728931471999399
15528,2,13190139411433871477
15530,2,6869349470463083554
15534,2,11671935682094641506
15539,2,2476167538124816211
15545,2,4749153712654620238
15561,2,14640982614241240482
15566,2,9992280985385096778
15571,2,2179925829830064645
15576,2,5683004430870849828
15583,2,14548609826381652803
15586,2,10050964621831070702
15587,2,8933009633447182916
15588,2,8933009633447182916
15590,2,14941771368328926205
15601,2,13032957056991292902
15606,2,4841265535605818490
15612,2,13350640208513143036
15615,2,9672501932815679724
15616,2,14191142325262287000
15617,2,14542074466081331203
15618,2,2221092576970393504
15623,2,11242400693600194584
15636,2,16494107498898229262
15647,2,16033154425060523697
15648,2,14741387108979921249
15651,2,16033154425060523697
15659,2,2496622215477938014
15670,2,5040800502056939278
15673,2,15878986250575312920
15680,2,1245847076743971641
15694,2,7733839104806435862
15701,2,6756391896202917056
15710,2,11655611878862267412
15717,2,7733839104806435862
15746,2,10326475341192729689
15749,2,9360739569141541749
15752,2,14298119335669778095
15753,2,282130706977239324
15764,2,18097128242167568405
15769,2,10941027776946742396
15781,2,9862936274904655800
15783,2,4539565824217606887
15789,2,4755685606858389199
15792,2,13695686325048909465
15803,2,13147928678901899492
15804,2,16847079701684479230
15813,2,11242400693600194584
15824,2,681630245729476582
15829,2,5588339178915656533
15833,2,8104148094767435827
15842,2,13274651110380815091
15844,2,11673600108520009240
15874,2,15968774826618047146
15876,2,8059954430686235490
15890,2,11434609022231975269
15896,2,14298119335669778095
15898,2,16141284921897686121
15907,2,10871600944480614877
15921,2,11242400693600194584
15923,2,11341888887305650400
15926,2,16403810465564996066
15929,2,14457825428721680494
15931,2,10077348685529598866
15934,2,639549075931113703
15937,2,14039243889871013502
15938,2,14403665320209249566
15967,2,6106656260555124945
15979,2,5366700110764251885
15982,2,14039243889871013502
15985,2,5754240642532886271
15986,2,13879873163641630984
15995,2,17207875103234462659
16006,2,4051524717501627679
16009,2,7747191870667820268
16039,2,651069457153371329
16040,2,651069457153371329
16042,2,651069457153371329
16062,2,3589707435154100560
16066,2,16723914810890769759
16090,2,6551684134962068602
16092,2,14907718780035248541
16094,2,14042012335276739114
16100,2,13299469891407652560
16104,2,2277031389969138716
16113,2,17645526851479276879
16117,2,15930330697984441441
16129,2,7625462539357702145
16143,2,3365945114139747279
16144,2,4568979804414266587
16158,2,3365945114139747279
16170,2,2149155430990590052
16177,2,15378580725504346942
16192,2,9916928735976532625
16202,2,9751893102690945860
16203,2,15886023191401793589
16210,2,11727817669862883283
16217,2,9469086204148175375
16235,2,16475233232331027701
16239,2,13463767437070039120
16240,2,12118251008565618950
16249,2,14490688968018973880
16253,2,9606912226165556302
16260,2,8635431993592153923
16261,2,13520543081513253920
16277,2,13366768861249363808
16279,2,365669543365858048
16289,2,7346452263896444643
16320,2,13680920321366822661
16327,2,10314383771833299520
16349,2,16794075773670457910
16353,2,15623278834719381059
16365,2,4856887767217497284
16385,2,16571266978327180285
16390,2,3425197389878097282
16408,2,1742231760123156347
16417,2,11898843440347900741
16418,2,4044121135780586479
16430,2,86520607499822106
16445,2,13194839687295714471
16446,2,9269942371663033427
16448,2,2888696395090660524
16449,2,12730101857950721528
16468,2,14359407546400613496
16485,2,13428534869924613140
16501,2,13360369637133421849
16505,2,11502929103919874837
16529,2,17087867744406606142
16531,2,11438982539213840515
16533,2,2013370800696108874
16554,2,16778006250708198001
16555,2,9159880461910837300
16564,2,1520154992065605069
16568,2,15888652370148743815
16571,2,7642219738096756893
16572,2,15066324332389704683
16580,2,1949734560411570034
16586,2,5796754843613166231
16590,2,18364149147593899806
16592,2,3950962118209754343
16593,2,2658555506433163654
16598,2,11308437560151464719
16603,2,10865172021167778356
16626,2,18429674088372652815
16630,2,4330789993668214004
16650,2,1840557004204837667
16652,2,5020279554555276392
16663,2,5152989226665256730
16667,2,7491117532919213378
16672,2,6372031594802147153
16695,2,12548187399779954442
16700,2,11925495578949590585
16708,2,10223087166137080844
16710,2,14767676692010457635
16735,2,14002478339209132463
16752,2,18070578521991985662
16753,2,7446342416511715943
16754,2,8524416105593680911
16771,2,14251568571610640072
16775,2,252599121031901241
16787,2,1024470462786580173
16793,2,16667444493069542754
16794,2,2980090662046749939
16798,2,1990606671387197625
16809,2,5981488774650647627
16823,2,11017810625478167868
16827,2,13198579449486804579
16852,2,11098532097627532597
16853,2,6623239407629702500
16859,2,12724932814844114038
16862,2,14816680386028953093
16874,2,17814140499302652514
16883,2,17276462685014316299
16886,2,287018821352813184
16887,2,3932893589118627841
16888,2,13629601245947173483
16890,2,15772551003040498768
16892,2,14784628994416621641
16901,2,6921158212219447398
16903,2,9079168991568160078
16930,2,13343159879411058980
16946,2,1967563292924470069
16952,2,772470555009441028
16955,2,17877346540399810313
16965,2,13043908701381728615
16977,2,2378890325623236950
16979,2,17877346540399810313
16983,2,2980090662046749939
16994,2,10073280420464205572
16996,2,15102401800866977020
17007,2,9966419676464872982
17014,2,10536379242534421794
17022,2,14396730990147972341
17027,2,4398371584875476056
17028,2,10272960626461022078
17032,2,2295377629246797017
17042,2,8347594311438506789
17046,2,3909559834183064560
17050,2,6382927533957511201
17062,2,13136455828470988128
17080,2,75720552603544979
17085,2,7202583986388995028
17094,2,13469990051427477170
17096,2,13469990051427477170
17100,2,13469990051427477170
17118,2,9435914146751022039
17122,2,795832209569361775
17126,2,12898427181725104712
17127,2,12898427181725104712
17128,2,18219242152180309032
17130,2,15630506743319392679
17131,2,1204693820949867321
17139,2,4210309221687061173
17141,2,4613694927695920382
17154,2,15883960375102259168
17155,2,15883960375102259168
17177,2,11898495066793846616
17188,2,2369069462582719587
17203,2,10644652579072316737
17204,2,2266639053109229798
17217,2,7575465876379791926
17236,2,10897904580092530943
17242,2,11446214606060677065
17243,2,2096800413534154121
17244,2,12681852031645373198
17254,2,554620263774674494
17255,2,1351174693668748129
17264,2,10623547561952660455
17265,2,15356655049254781830
17267,2,11876151577395134818
17273,2,11515376656033881082
17288,2,4687004674854792958
17323,2,13066946922165411561
17325,2,6057217546111160572
17344,2,7185182368418259111
17352,2,11168724506343141936
17358,2,11367034586418187128
17368,2,17483708140951583439
17369,2,4794862063098068291
17374,2,16161118574014486031
17375,2,6051172172520653234
17399,2,1715678500950370624
17407,2,18227478801238612469
17414,2,17706154199693001216
17416,2,1738772048120845683
17417,2,13013701812738184394
17445,2,2160910694167477805
17448,2,7416770662424727221
17450,2,1432315724133168617
17459,2,16633987924812201832
17463,2,4662490603002489482
17474,2,17464131562757301492
17475,2,13604268325862110938
17477,2,13105498038719142436
17484,2,4794862063098068291
17486,2,12111965123652552555
17504,2,15235135232306419620
17514,2,15525728041219754358
17520,2,600311233328929152
17526,2,15525728041219754358
17527,2,18036847140140218351
17528,2,8154865563738673255
17531,2,17706154199693001216
17540,2,8658803094623918676
17548,2,926529932742246505
17557,2,9023682857707432875
17578,2,3649102189101382394
17592,2,14341078914065484521
17604,2,60908254579717207
17608,2,2444876937704411572
17616,2,1652781431292507750
17630,2,14532066677372342900
17633,2,4949368341356696490
17647,2,4085649911570048217
17650,2,10635662191743378344
17697,2,5350408731487557264
17699,2,1766212491068701032
17704,2,1320497439046188368
17718,2,13455729727324860994
17719,2,1549267714919890390
17726,2,11154436770511922090
17729,2,16695486774982261565
17739,2,4111646332948490482
17744,2,15575459222550554064
17758,2,14473199944318747643
17775,2,3683215769293097037
17786,2,8063487094107246674
17794,2,15757112350314202970
17802,2,15376072372380128838
17806,2,5113035355667778541
17808,2,9725888993880024412
17812,2,3501183196495933927
17816,2,3994085988551121469
17821,2,5446352469638689082
17823,2,18390658148082737992
17827,2,7320492670542086166
17830,2,8199748553546785580
17832,2,8331213018197213798
17842,2,12404890350216016603
17847,2,14370493029244988795
17851,2,2124265283730621402
17855,2,3253202715397331685
17860,2,8194121807794103738
17863,2,16773382152892997231
17865,2,8167993225997717067
17866,2,14891550116594583294
17882,2,11098669144863189638
17883,2,1070192464839275596
17884,2,13175173350877628149
17901,2,13110709510055353080
17904,2,14642565845696931863
17909,2,1142126360132011055
17929,2,10657667257812632757
17936,2,7966949824290940861
17938,2,13187275352828151600
17940,2,1202176032177480459
17948,2,15677843002590119004
17950,2,17175148162281190408
17952,2,13351670618051568171
17961,2,11986395684799165468
17963,2,10861146080103677522
18004,2,18228153564773321450
18008,2,11343874972263574283
18021,2,12521854328608249001
18048,2,16585437589167452792
18066,2,1106763292063740730
18071,2,12354666398906987812
18080,2,2888696395090660524
18085,2,16734668458407605916
18087,2,6052297845414964620
18097,2,16059051617798848682
18144,2,10545622216227668367
18146,2,12292640342245768461
18155,2,2938734659001774921
18166,2,12931284206777569610
18169,2,7665526601031305376
18170,2,17118897209642861108
18175,2,12841496366111373066
18178,2,4633597171023632116
18181,2,4424535712739803667
18184,2,18015940898332025772
18189,2,12993905944901724238
18213,2,14819790194535047431
18224,2,16361285719097861127
18227,2,15533316384751470718
18252,2,903495899670744486
18261,2,16777030633833274020
18262,2,119414776246498097
18268,2,17653002096704215677
18272,2,15671938540169323695
18274,2,3297491107764076132
18279,2,14751495939186878964
18285,2,9772467954225200001
18291,2,7655559191046625600
18299,2,70101217196464730
18304,2,3291713293755265622
18306,2,9763692579549684717
18334,2,5256073130784193439
18343,2,2691874771136175568
18344,2,9927267718451796814
18352,2,11551949791204301252
18386,2,18326924772535315401
18390,2,7627531766571519448
18392,2,14044578214980473558
18393,2,8857554171445945509
18406,2,12435865302582430187
18407,2,13566912445174934119
18409,2,13566912445174934119
18419,2,8910306497721393486
18425,2,232410313098956653
18433,2,14180600568053275072
18455,2,12217980570273563143
18469,2,10477654184342769597
18470,2,8050572274777462473
18487,2,12673176054826881966
18488,2,7457444163548906053
18490,2,5876263292664535998
18492,2,18129509451311353582
18506,2,18129509451311353582
18510,2,18129509451311353582
18522,2,13883209326994766702
18524,2,2549993523847985201
18540,2,7053000092166906620
18548,2,15456012726109377483
18551,2,15780771787652046451
18562,2,13696590758505659765
18563,2,6867373414055200340
18572,2,15780771787652046451
18574,2,8718080233957680193
18579,2,3406697136440335086
18582,2,4699403407148763035
18583,2,3195300298534141052
18585,2,2697006749561807917
18592,2,2224781186505405426
18594,2,4850198635219553576
18596,2,8719019893856232559
18614,2,7393416929896655004
18627,2,12514879373131019319
18635,2,17571771925656236294
18670,2,9810709959239096421
18674,2,16567733447874220793
18689,2,11131776286884871093
18691,2,10113605736117068425
18702,2,504914224752587156
18721,2,287851004570563469
18722,2,1662090093146179129
18730,2,15143755065652538199
18734,2,7691238486098420293
18744,2,9473959264173412563
18750,2,17484079240949269747
18756,2,2939349797233714678
18757,2,3066499687044322640
18758,2,4119372073559382328
18759,2,5952551674346290826
18760,2,7435578211483379469
18767,2,15328519016041314253
18768,2,18014934546874245392
18774,2,3579135452069093376
18781,2,9677264242290190334
18817,2,12825198868772054738
18839,2,7457476120691263619
18844,2,14439799156647102215
18846,2,5250918916238347574
18857,2,14669986612471155631
18859,2,3212879037691105561
18862,2,1970651574013844196
18864,2,1970651574013844196
18872,2,8556225783463392660
18881,2,17861041930183418497
18883,2,7388185548238356206
18908,2,4643963051198763181
18915,2,7677891850514977216
18924,2,16973397747446689036
18929,2,7312223966053413522
18930,2,7312223966053413522
18933,2,282988469686231187
18942,2,1792022416229875592
18953,2,4387667832108263955
18955,2,4387667832108263955
18994,2,9802871746751473084
19002,2,2682308698841627478
19007,2,14024536917823776750
19009,2,7554774755289117267
19020,2,3366877832465148942
19021,2,4918014360890006647
19022,2,3366877832465148942
19027,2,16533217603394401668
19034,2,343303083364504746
19045,2,3732137649301508790
19049,2,5020944978772683579
19054,2,9887063027789808619
19066,2,15681062224117337759
19076,2,17096983119413600874
19079,2,8795746716864717552
19080,2,8795746716864717552
19082,2,16882842779532841447
19083,2,6455734182450928010
19109,2,7092165810057800556
19124,2,17489606110615743788
19131,2,16221988834603608965
19134,2,12086400765757744371
19156,2,10502951674914273607
19161,2,8948261969216294576
19163,2,14789564301330243970
19202,2,16250136142878563814
19224,2,316840741907598422
19233,2,11075763304671027061
19242,2,2234945296604932457
19252,2,13808932971226090949
19253,2,18106579544722282068
19305,2,4808496337938664362
19307,2,9656394648125653967
19312,2,9656394648125653967
19320,2,16245788796589706624
19324,2,1935308282111861504
19325,2,1935308282111861504
19326,2,1935308282111861504
19327,2,1935308282111861504
19328,2,1935308282111861504
19329,2,10907922342798942803
19333,2,9786691260052472833
19348,2,3790047494215805838
19359,2,16663375524766104627
19365,2,15423384986124970520
19366,2,11070658614146141751
19376,2,5453766271241262748
19384,2,16918879272677750978
19392,2,9500364202893967051
19395,2,1065122389212357645
19400,2,12537861953605033174
19401,2,4095876951185783985
19408,2,3831871169557942443
19413,2,15295197310324964095
19423,2,5990843155936998922
19436,2,2500706608516783153
19438,2,8438262853116097250
19458,2,10239833959480141286
19460,2,10239833959480141286
19462,2,10239833959480141286
19464,2,10239833959480141286
19487,2,13336674238557017339
19496,2,9755621998908739312
19510,2,15197840159803455747
19515,2,5119585778581668402
19518,2,9000551974035461316
19522,2,15565455511356164711
19524,2,15565455511356164711
19526,2,1319054104875789404
19537,2,8617918769503801858
19546,2,325604499766935399
19559,2,4180949517109854654
19560,2,8289111536691411535
19573,2,8967966277435190721
19577,2,559165879220769207
19583,2,3684694266523172202
19584,2,917114887092276741
19600,2,8042367371088178331
19605,2,4210054678511291694
19626,2,8976884968580465960
19636,2,336346640102638020
19655,2,181415096845670292
19660,2,12432971789373083804
19663,2,12358053132172721844
19672,2,11888054014864874526
19685,2,11579380735897399389
19698,2,14143183035925563305
19701,2,7596489083089437333
19702,2,5237461867845240125
19703,2,9511853814114068215
19704,2,10455271777559008443
19711,2,208451959273469165
19725,2,9511853814114068215
19731,2,13089213194473632291
19757,2,16678592258121369784
19759,2,16678592258121369784
19761,2,16678592258121369784
19772,2,421818340475900515
19784,2,8670936123246589566
19788,2,15650498928702383708
19789,2,1339994839865372434
19802,2,1347824260590236732
19808,2,1205030306911419681
19810,2,10939669703834355159
19814,2,5170186713723788653
19815,2,5170186713723788653
19819,2,8436643764385099819
19823,2,14672373603617269397
19843,2,5894083101425130043
19848,2,1034085145847714984
19860,2,16379997224513953745
19861,2,16379997224513953745
19874,2,1323865287581117832
19876,2,11432150114686396057
19890,2,9735494909578673670
19895,2,16353458718472195532
19904,2,6111252401344799222
19908,2,17319097434338682276
19918,2,17759351564050942547
19920,2,6983805789664228459
19925,2,2465238848303743076
19935,2,14548849940949288595
19939,2,922036335277135064
19943,2,14733067279550592930
19947,2,8448869817279974467
19958,2,14051317286329537940
19968,2,7358331020824164123
19972,2,18291120587784808209
19976,2,13723421948614104236
19980,2,12861899092182667300
19995,2,12967205742777376942
20001,2,10739199120473974947
20019,2,2500355889799245980
20023,2,15485173330884675243
20024,2,11007680364960070442
20026,2,922036335277135064
20032,2,10966352878166376037
20054,2,14733518182273298722
20056,2,3940128567142700521
20062,2,17781978461620422032
20063,2,2354981778367005133
20069,2,514621163564479398
20082,2,15324755414784517577
20093,2,16604263127773348863
20100,2,1661506492291568879
20104,2,13268170850917405842
20113,2,2707422505635394014
20127,2,1077756153709436469
20152,2,16038492585703463337
20174,2,7316777475940503202
20175,2,17232634196088089946
20195,2,9118394712394899031
20203,2,13129001892442549252
20218,2,1511945559823007754
20226,2,16661595774874270575
20229,2,9118394712394899031
20238,2,10315376143346596925
20245,2,5271569198867843497
20259,2,16537575648935277036
20265,2,14925082976554756769
20271,2,10712454979115640615
20295,2,8990406831766159209
20296,2,9250900545219785057
20297,2,4512271910478096513
20302,2,1899324879965437474
20332,2,789610039180318778
20333,2,13242631437777737670
20334,2,8605785758200773609
20336,2,1876740954767120018
20364,2,9183175002110354453
20368,2,9183175002110354453
20380,2,17612996403238893718
20383,2,7405899930344866767
20388,2,15694639592374168344
20395,2,7137677068999501412
20396,2,16711480443410726201
20397,2,9123971926143038844
20412,2,5589300200532770238
20416,2,9761152700386780269
20423,2,10969870136394881175
20424,2,8525747270981381569
20425,2,233861705981036165
20429,2,7405899930344866767
20440,2,12654365380244469839
20451,2,12484738578571124711
20467,2,16848059394093444524
20486,2,16697103659712591599
20498,2,16055266488757156812
20503,2,7137677068999501412
20506,2,16234320133029367389
20509,2,16234320133029367389
20522,2,7984187570454177876
20526,2,858880937909652812
20532,2,6184481164528968885
20545,2,478574421843201503
20553,2,11618131075074285792
20564,2,7378449007676868575
20566,2,17332406398802947678
20576,2,14922701448345869262
20583,2,15590393776392054494
20588,2,18385012649528452998
20601,2,1750144252024543849
20617,2,12888659016552386024
20643,2,8980544538314526126
20646,2,5407547054588071005
20652,2,152970584054263420
20668,2,12915368898044844149
20672,2,12537678123038925405
20682,2,13796946596609149266
20706,2,10112750015173223805
20713,2,10873661865974588170
20714,2,16036745267274271685
20717,2,17508188786875788754
20718,2,3000631199902378339
20734,2,9928049256900490180
20737,2,6713219195773772623
20741,2,6245423041951903905
20742,2,2876963529710696307
20743,2,3397605968468497194
20749,2,10595091111292067366
20764,2,9351343033075404917
20767,2,6892354847141414108
20775,2,7641719671155504282
20778,2,4489371094651870804
20780,2,921867472400908380
20785,2,14914060865098244244
20797,2,11724922751410285770
20800,2,13657036447883654124
20804,2,13009865047564719202
20812,2,8434651414272838674
20823,2,16545210980190533639
20831,2,4854685782815347367
20836,2,31140493058493305
20841,2,15154419778650717959
20842,2,6386048430512302903
20872,2,16921839704340302088
20884,2,9111113852560483858
20888,2,4157784366078982410
20892,2,4061461526091847535
20902,2,13725154449863082023
20903,2,3784147463475700137
20905,2,2609818982936420997
20944,2,2303933889437051592
20951,2,3591342429971016210
20956,2,4510341249700498757
20958,2,18400392354281595268
20968,2,3878973569782273704
20990,2,16973493999760367745
20993,2,13261964587055090569
20995,2,13099130728941970151
21007,2,9883391670437788195
21010,2,4799815653836164814
21011,2,11332839006357539644
21012,2,16973493999760367745
21017,2,11978893117214135593
21019,2,9628456364566273145
21035,2,12027578723008019039
21043,2,9472997938075765140
21047,2,12971342162618469283
21054,2,16152856409270508818
21058,2,14284316367414586604
21062,2,3765770922837996266
21068,2,500454606796764215
21069,2,16942411775409409833
21072,2,7305508764807902653
21087,2,6264005140807002445
21090,2,5319283713123218350
21093,2,17595947910607050334
21099,2,848113318378259843
21107,2,13748170505413255050
21126,2,9547518929368886171
21128,2,5476744918827292538
21134,2,5190573315630167325
21172,2,8016841154516828502
21182,2,491518696442468593
21187,2,9902458451577442885
21201,2,5324284533310195176
21206,2,3418213511241047045
21211,2,3418213511241047045
21222,2,6023892184751466712
21250,2,8083789855483469034
21251,2,18304607172746049186
21256,2,7253154808366809638
21260,2,12062280506346975116
21267,2,6023892184751466712
21285,2,1964549939716932666
21297,2,7185784614167276153
21306,2,12138171554253756688
21307,2,2022304139440773934
21323,2,10811419000609178626
21329,2,3485054890505791829
21344,2,4235516508405529313
21352,2,14287113367415320514
21376,2,10205259700240671185
21377,2,11314245104226059625
21386,2,5972443410425829077
21387,2,6493213135834456120
21399,2,12794936349632167317
21419,2,5495902228868104073
21421,2,5495902228868104073
21422,2,5495902228868104073
21423,2,5495902228868104073
21430,2,8969540362956993490
21445,2,11071117879382761174
21450,2,2178098046890854144
21451,2,6591811634041361587
21482,2,8814268286318880310
21491,2,9404329714983457304
21493,2,1510463180111464958
21498,2,11333767755066559893
21501,2,11454531658437699034
21503,2,5431023183971342173
21506,2,14438218935887144987
21519,2,13472698320651304810
21540,2,5693193131883672410
21564,2,4873195206491304339
21576,2,18301019761234655431
21577,2,15962380898471148210
21588,2,7946178043074058302
21597,2,1469634537551289529
21616,2,13472698320651304810
21635,2,7614361644372586551
21651,2,1614066923523654696
21659,2,700122030983546476
21669,2,16765923870919824369
21677,2,3738631844367272767
21678,2,294571415842124649
21695,2,18213392243861046762
21699,2,10324088980464467530
21707,2,15895738929818322775
21711,2,12695723972572655448
21718,2,2273221160593269246
21745,2,12590243977625933941
21751,2,12785915568835257510
21752,2,9442214186069281991
21758,2,6038785176723445533
21763,2,5541859398880669029
21770,2,17442804575665346132
21776,2,2033596875494283362
21789,2,2165519534460656794
21796,2,2534469396720459511
21801,2,6575607780614676121
21816,2,7639967094330486511
21855,2,11074413162282221588
21858,2,11625711222743247940
21860,2,11858549534073317075
21864,2,1348791363413059140
21873,2,7709910398974597210
21875,2,16224062171285037934
21877,2,17781066505108532676
21891,2,10635663364881765313
21900,2,11074413162282221588
21903,2,1641767395312714224
21913,2,13905563228714445926
21916,2,9382435127952157407
21923,2,6575607780614676121
21928,2,8951160053953637107
21934,2,17781066505108532676
21940,2,8791291899584419112
21955,2,12508308878728564046
21959,2,5190759733089958316
21965,2,282006688449365883
22002,2,13488123191514325256
22006,2,13488123191514325256
22009,2,13388128361694928265
22014,2,15700935960851648715
22015,2,9489753886083218313
22019,2,11812377712300940843
22025,2,4856197527771255876
22036,2,13473403631766734679
22038,2,8358512428409264269
22057,2,2165519534460656794
22092,2,10615157766257563474
22117,2,5160169937159672871
22121,2,4443038344745338564
22123,2,10704378052451203220
22143,2,14360930121123359148
22148,2,9786992573075981151
22152,2,12853225058639153619
22161,2,9786992573075981151
22163,2,11660486209530539276
22164,2,86302966387204304
22173,2,9731448850377196986
22178,2,491582733815189061
22180,2,13625961229847529513
22189,2,10972978095967663178
22193,2,5701691967606922538
22201,2,5701691967606922538
22202,2,1858024478813745077
22208,2,12853225058639153619
22212,2,13359038322756348291
22233,2,15899903971801398642
22235,2,1825239972359359805
22254,2,12452242736388874511
22265,2,17888798548802640491
22268,2,8559346443165355810
22275,2,10909080251788427384
22276,2,4454297835034116546
22286,2,17429363941236424391
22292,2,12535800783832848462
22295,2,12853225058639153619
22296,2,5456231798042666715
22297,2,5470349338867748257
22299,2,18437240882547196097
22304,2,2611932771066680034
22306,2,11194526789673789659
22340,2,4252672384699195942
22341,2,7591903254882901479
22343,2,8244231581378907488
22355,2,2611932771066680034
22357,2,5812725584074103439
22366,2,4191248096925495138
22368,2,4191248096925495138
22369,2,4191248096925495138
22374,2,4858944301666907545
22397,2,1610278902625576393
22411,2,14044774536446820625
22415,2,1939511989810696114
22443,2,8898173695010545029
22447,2,9370490203667047683
22448,2,18068945904206228523
22457,2,11894473118239221983
22463,2,2419686834651938342
22473,2,16457614353370548307
22479,2,4592317288442778934
22480,2,1610278902625576393
22487,2,2919569471196681636
22488,2,418370212667076415
22500,2,9128078805589664332
22506,2,12978135307983964909
22514,2,17876208545120947563
22520,2,2277063473142127582
22534,2,5170700858820725978
22541,2,13250078653005873054
22570,2,18049498320353271372
22572,2,4497299377523561331
22580,2,8256890740098503796
22589,2,8791372771346496028
22598,2,13306378125983806540
22599,2,13306378125983806540
22606,2,350119598597422325
22617,2,6348458414312295567
22644,2,1939511989810696114
22650,2,7267154977996949267
22664,2,10029468972014343314
22665,2,18008013436894525334
22668,2,5601246317124787554
22669,2,16223686316375084129
22689,2,8307733355156063050
22694,2,14972234423053545694
22699,2,154932108872966635
22706,2,10350839580652619086
22712,2,6327923601781961102
22725,2,12603918240710779146
22727,2,7655293215401786858
22734,2,16463210825626845358
22744,2,11298616139130787119
22758,2,5685531350770816388
22769,2,11764857529413170568
22779,2,11185654132683798110
22802,2,11298616139130787119
22809,2,16539562047864171209
22851,2,11298616139130787119
22852,2,15417377172385775757
22876,2,15016367411299934173
22877,2,17515366940212993516
22892,2,14757003334043783741
22899,2,8828924915986997255
22907,2,9803774630195639285
22912,2,2793776404421762226
22915,2,13610791111764710354
22920,2,4147551912624868065
22931,2,5412228379629367569
22934,2,6178568201248805724
22939,2,3755296705648034727
22953,2,17072941533030895906
22955,2,12567544584029538555
22964,2,8858603201411443048
22990,2,8909042352471573255
23011,2,3729836111351798288
23019,2,17145726197074688925
23025,2,10739772317723845757
23030,2,3083362998010015903
23031,2,13041662609627633776
23038,2,15182065811459471986
23044,2,2840954791811183295
23060,2,14982471580702247954
23080,2,5227024343675871056
23111,2,17143974084696223353
23115,2,9383937530052302370
23121,2,84581911691968354
23129,2,18406762146297515876
23135,2,8682782712118653944
23156,2,10138839117362833519
23165,2,15553256569897471250
23170,2,10795697379650716274
23177,2,15737329699876870673
23183,2,5896394544919572172
23186,2,15111459921545201575
23198,2,14248908745838647187
23225,2,15111459921545201575
23226,2,17151234788984664738
23243,2,15055274311266575356
23252,2,2549005048594950326
23257,2,15050550060706414058
23270,2,16646463072325712511
23295,2,15085793159681283613
23308,2,2239480882232228689
23309,2,2606385817761284100
23326,2,16224062171285037934
23333,2,2328156173695755887
23348,2,573229551024038327
23351,2,13970038796257462145
23366,2,2342953025716460260
23367,2,735691316233720010
23377,2,971396524409297423
23382,2,5190759733089958316
23393,2,3094779426712336679
23395,2,9624814064000021623
23400,2,15894566939147504924
23401,2,4729445844366766466
23410,2,15309832759684497215
23421,2,3886657752183115967
23431,2,3128590194489824732
23448,2,4889944492545333723
23459,2,6314596513937225540
23463,2,17574298522615816547
23476,2,13424265582009718478
23479,2,2138183366178243775
23508,2,2293592394244065675
23519,2,8084071163283198108
23528,2,6361205226752211703
23533,2,9481514254441854426
23538,2,5922633194316960019
23541,2,14976476196467455330
23550,2,609882734239871700
23556,2,13649187005267532356
23568,2,9331777046064669434
23578,2,7313366202176869492
23596,2,2805903259246849201
23600,2,8801230380324042937
23629,2,6863799361009599404
23644,2,1226815348563426923
23657,2,12502937770852294878
23658,2,5749275035171575538
23700,2,15455731964701036681
23702,2,12408938996338437068
23705,2,6115703975467454821
23708,2,18074618165981462406
23709,2,4338964156195798906
23710,2,18320409043415940191
23718,2,10396581250575037570
23726,2,13724383361646794028
23730,2,3975187265767138578
23741,2,14187450198866707820
23757,2,1359325352454975059
23759,2,3265406590393390889
23761,2,14755723719065108067
23770,2,13914138757100475254
23785,2,9308551825994143746
23797,2,7902706701711482963
23813,2,10496965519970436922
23815,2,412885429155452389
23819,2,15391796619949464844
23823,2,5382320164485309204
23841,2,226845769030026972
23849,2,8837027872888131805
23860,2,4560249893255024645
23861,2,7922727396290169148
23864,2,5499299713596762697
23870,2,14556937061281201726
23877,2,2944690821507980465
23879,2,13587602488459692799
23885,2,5423923685117327908
23887,2,17135732926399690208
23913,2,7922727396290169148
23923,2,11959690298476828143
23924,2,5489005003920818066
23934,2,13889907118951207735
23937,2,14867288316187336380
23961,2,4268312079761536106
23962,2,17734916053403218133
23968,2,9541365916505456878
23977,2,7922727396290169148
23981,2,7836495214291807804
23984,2,8397429932151634112
23997,2,17437538764263250169
23999,2,9580851433547083541
24003,2,10733971968055115747
24007,2,12824371072077092909
24019,2,15644062618651148569
24028,2,15339127508707961468
24030,2,10270425616903129882
24036,2,8719675005749705018
24037,2,2219306432155886915
24050,2,10999027284160659457
24052,2,8312747738164488631
24055,2,15525354837754007391
24057,2,4843482829399114020
24064,2,16459471670606996463
24069,2,18084757563655480145
24070,2,3624474906430889147
24073,2,14100048096929036016
24078,2,1247283705216682071
24086,2,7017040015349989208
24088,2,11123534045337223292
24106,2,13650379981443221646
24107,2,15524859351420102990
24108,2,2494139745126543021
24128,2,9334441496397858291
24131,2,12258652675590620782
24149,2,11693714989301978854
24150,2,17643575126762613320
24151,2,11693714989301978854
24154,2,10543344510946174846
24158,2,11373302979257834768
24176,2,3557992164363227976
24178,2,11299663030338965333
24185,2,3630396762164236792
24191,2,5922142409413257681
24208,2,6908117639211896012
24237,2,14980532341115151602
24261,2,15762565938220430446
24283,2,9935500296824152165
24289,2,1485881396343008940
24291,2,14916734603181942745
24293,2,7426816153681626171
24294,2,748561714359460960
24298,2,13014565528468816454
24313,2,6481235812853104297
24317,2,17643575126762613320
24319,2,9925122227094991244
24338,2,12896020409893782157
24341,2,10090243817127516913
24350,2,15938825257283146453
24353,2,15779058063388926993
24362,2,12517059824812501585
24373,2,150931002282903658
24375,2,4046858464123877501
24382,2,1942776358459574631
24391,2,1213670659622400174
24402,2,16123891662506009868
24409,2,9860259180242624622
24415,2,469420260380772456
24426,2,7550272955354348509
24495,2,3621210394191893145
24501,2,12370207680526487322
24502,2,10338934432081500786
24510,2,9216004551387904740
24511,2,2722578145461935537
24522,2,4110477580667418154
24524,2,18431223334704987450
24526,2,11094691061855068656
24528,2,15223452904009732381
24529,2,16388005400960211861
24532,2,17783633467291328558
24538,2,8184422106737041850
24544,2,8939770288112813054
24554,2,10985788849683596350
24563,2,5120404522564940998
24566,2,11496924267192332496
24576,2,6446353627389815596
24579,2,4858861938505522526
24593,2,15789038458848033221
24598,2,3952938658813347754
24601,2,16044719614902016975
24605,2,518429304901913711
24606,2,5396770779315879039
24628,2,11316069642021269530
24633,2,16991893477545684146
24643,2,12252240885925764551
24653,2,1861217865719416315
24663,2,12370207680526487322
24664,2,4688219778750773834
24674,2,17780831309509559358
24687,2,3010769451540787872
24691,2,7546718747033897590
24692,2,7546718747033897590
24694,2,15484222186773676567
24703,2,4452362064611229943
24718,2,13982498081523432544
24742,2,10460530733024860921
24748,2,18246396644097139133
24782,2,17019470104739981037
24793,2,10697115686166693125
24794,2,11108231354898464234
24797,2,1695842103249422922
24815,2,11122867486646772252
24817,2,15339732998256224604
24818,2,17171988291870752142
24824,2,7598738709183385595
24832,2,6701399175392416296
24833,2,7598738709183385595
24838,2,17482570923042667929
24840,2,4444959888188745408
24844,2,2662955932024151778
24846,2,10851037061257421626
24870,2,5225001637134360022
24871,2,10702924854901121150
24878,2,10357515132527400181
24879,2,554412073019448322
24880,2,7393297642400241877
24893,2,5041321600910906401
24895,2,13185226974168217355
24902,2,14380879678720818140
24903,2,7144205771741018774
24911,2,8034244620920614519
24921,2,5598204561670270160
24932,2,13913159505858689037
24936,2,11108231354898464234
24939,2,3731858385690977037
24943,2,10023735510513891858
24957,2,8946935185029452019
24960,2,16662583715634440930
24964,2,10697115686166693125
25001,2,274169396695680068
25004,2,7489471396342497090
25007,2,18434766726161894875
25009,2,6652398070041200550
25021,2,10090096264712955497
25041,2,5924768597918570973
25043,2,2015370398976211095
25048,2,13825259657386755644
25058,2,15138862418943492168
25059,2,2082403723362196433
25062,2,7432720857971072971
25067,2,10697115686166693125
25077,2,10591215595302552403
25094,2,885535354117973309
25117,2,4846564808213565509
25122,2,15672280302540711380
25150,2,7313933445598696889
25151,2,7313933445598696889
25159,2,2312007565163678386
25161,2,5843600568526897873
25168,2,6322503804653484872
25169,2,6080766968263963480
25175,2,2348723805531030096
25177,2,8769510800239726874
25186,2,5432742981560562080
25202,2,9150856512590485108
25203,2,12299542215421012484
25204,2,6724363307172240346
25205,2,16241224117413715883
25215,2,148851726147922904
25240,2,2347992825669432222
25241,2,5336217966096443050
25257,2,10622132098981712923
25280,2,7537446949672202808
25281,2,11121371522487333599
25292,2,18351464928069491118
25301,2,17796905735672304589
25310,2,8094563428922671546
25315,2,3616122141499329941
25320,2,16399114869134137865
25328,2,7734507142094984741
25337,2,1929671298441890423
25351,2,16466219560587588500
25356,2,7665603460337800234
25357,2,17748087615288312790
25359,2,14213538143566765341
25370,2,3969913564666670308
25378,2,17019268541208412982
25380,2,15495572263132105426
25382,2,3660910212145193431
25384,2,3660910212145193431
25386,2,14582767339892810103
25388,2,885741848523207690
25407,2,15633118956046457624
25423,2,1454463677273419232
25428,2,4028286952496148027
25430,2,3893396360930077170
25432,2,8520456092404271936
25433,2,8520456092404271936
25434,2,2030750826018474079
25435,2,13176689303494979599
25443,2,4325266080300468900
25457,2,14037204729003427669
25488,2,16528541777597136450
25494,2,1753447501821303867
25498,2,5669337136842624961
25505,2,10606872924250615333
25512,2,5631741639404628823
25524,2,13536846932989599398
25529,2,5631741639404628823
25546,2,5211272612619234709
25572,2,5996719539517876230
25596,2,8469882393609685470
25598,2,9130585445557890081
25612,2,3967892299493723748
25617,2,1415125173720282815
25622,2,6690156327224402062
25624,2,6690156327224402062
25632,2,1902016568889888345
25642,2,11874827693142407122
25659,2,11580785690710901584
25677,2,14923153903307955160
25683,2,11874827693142407122
25689,2,10274334319837801965
25699,2,5367582128979617479
25700,2,10148966562656993708
25702,2,10148966562656993708
25710,2,5676129132169620549
25715,2,17842421088652410881
25721,2,10148966562656993708
25724,2,10148966562656993708
25725,2,3132657016581075163
25731,2,8520456092404271936
25733,2,11888981016137786106
25734,2,786954741330820821
25735,2,9939197968602266841
25739,2,15074144220705622028
25740,2,1263423459383602189
25745,2,3886300829417523650
25751,2,3005881646777932857
25754,2,14672729785025852589
25760,2,11385741446396741906
25764,2,7427386105631585418
25784,2,10606872924250615333
25796,2,15624823652625665763
25800,2,17724620223469586689
25811,2,10914329799967317554
25833,2,3603256490511975723
25849,2,9541430658000564910
25850,2,9111994568980142870
25855,2,14748480389576641214
25856,2,4465944086915677785
25863,2,1454463677273419232
25864,2,775769397973534572
25875,2,10784062419485316578
25877,2,12873093569423703307
25881,2,14748480389576641214
25882,2,2057467347298609251
25883,2,2218643751301241654
25884,2,7354473386782933204
25890,2,5179230152397399872
25902,2,15445118252378408663
25906,2,16851119810277599677
25916,2,11482790956998151603
25918,2,1708447354001160897
25933,2,10881316683926474210
25934,2,2179099999803375089
25937,2,5023357436094342636
25968,2,7719363884673458972
25974,2,3734401402920019629
26002,2,2031093666037401635
26006,2,17434965042470815254
26007,2,15929757789191256874
26017,2,14150243828677477519
26031,2,17091527375200016552
26034,2,12787041943027553503
26045,2,3069911695143345063
26049,2,15371559304892078537
26055,2,15828181504347430189
26058,2,6866573318967730446
26061,2,11445922484563807906
26064,2,6949738104843184488
26068,2,14128143625742422347
26069,2,13710387769578221607
26095,2,12227666542497815914
26096,2,704252027125405804
26102,2,10761533970161857488
26121,2,10784062419485316578
26122,2,15626030932413490446
26169,2,7982046213002207252
26170,2,4728186095312747398
26171,2,7963573449845480871
26177,2,11191801332101722181
26179,2,7674062403919351897
26223,2,10049199581369024224
26229,2,5985484592818610555
26235,2,9384061347610731769
26236,2,1719911865179297490
26254,2,13285087320877139357
26260,2,10696788146482500720
26262,2,12887784131509730247
26272,2,17917092445741060791
26284,2,8167508465294209645
26287,2,10442467690908542632
26296,2,17157942403229550837
26300,2,12934297587240815261
26306,2,11385641759727969520
26310,2,15259545210365171815
26316,2,11838850959297676548
26324,2,14700791177182758669
26337,2,7815754476887720079
26340,2,6775764106054801733
26365,2,3875645880280456961
26388,2,11006910849352318189
26393,2,12007315052787899550
26394,2,2784261681154081028
26395,2,11337112874665639073
26437,2,9285511021427732625
26446,2,16580553852921402284
26447,2,17474740931756874608
26450,2,6581790566376453425
26461,2,13714643362261627713
26465,2,12970700458060148357
26466,2,11868179062332634438
26472,2,7828604085387558212
26480,2,4294370151198794161
26491,2,9734068587552155124
26519,2,17380059887478014498
26523,2,3355300306401196793
26529,2,8425304774711561522
26545,2,7271201860786298821
26548,2,6005003084693587781
26552,2,14858714770509562481
26553,2,2340653908811905752
26568,2,9654647754745468499
26575,2,8288345611826571824
26595,2,11785458884418649181
26606,2,2560360757737639813
26610,2,722034126328635213
26625,2,3409795050652642190
26642,2,8808463250235004052
26647,2,8077504686080492118
26649,2,11428445875239538830
26655,2,1228832558222219699
26659,2,6315432502740793191
26665,2,4964044996516344698
26681,2,13176672138209070583
26686,2,3281375327008107646
26688,2,9562210992889543558
26690,2,4726011977011697557
26696,2,9550791280733170619
26716,2,15193403548199309460
26738,2,76248018694448752
26740,2,15289513046463467887
26741,2,7231620810389895091
26742,2,8033912323175342331
26748,2,1200776791463255122
26755,2,13176672138209070583
26778,2,14845086285902648483
26782,2,3451989219305230515
26786,2,7782270150394360290
26788,2,14303030868965292442
26798,2,16864710076396935772
26801,2,1500646220044461226
26802,2,16246355323122399586
26814,2,11251623890348830135
26817,2,14798333995321829985
26837,2,9104572378470648385
26842,2,12674588074527686936
26873,2,3607760446417231453
26874,2,4667881389786111134
26884,2,9888522743382718507
26892,2,7446732186641427254
26912,2,9871122830321642636
26920,2,14834341976820318136
26934,2,11088129422222124664
26966,2,14373067359138421939
26973,2,14929190259933962621
26976,2,1479303185918993704
26996,2,573931347560156926
26999,2,6849896039810545306
27029,2,17108276819848861105
27034,2,15046766022362941470
27054,2,11677512403875299099
27056,2,341710215270118048
27059,2,16102577444461480659
27061,2,1106469628658071552
27062,2,10040807272507406036
27071,2,11332528810162822958
27073,2,11613806672814406528
27074,2,17568064525966869230
27077,2,9577680688820987288
27082,2,3141299743022790594
27091,2,6589007812842256662
27093,2,3970520230376503641
27095,2,11159026651937064409
27102,2,16591177824074574377
27114,2,16714218641010850627
27122,2,1405585629440992334
27124,2,14126703349868971472
27131,2,17449144730946260062
27132,2,16714218641010850627
27161,2,8616486731874365448
27165,2,2494770471490624671
27171,2,15588183591732826707
27179,2,16787060603715791539
27181,2,10275146003939774143
27188,2,10275146003939774143
27209,2,16102577444461480659
27213,2,10454201588548594431
27220,2,2495215091785605844
27222,2,6428023225392983762
27223,2,580087794408658103
27224,2,2279745485918920969
27237,2,16102577444461480659
27238,2,7560634462659130464
27242,2,6141359409205396367
27243,2,14345928982035467004
27249,2,12199737446707345856
27265,2,2501122172323779922
27266,2,9721728800962495239
27290,2,9389917817948715012
27300,2,7780732766465289629
27308,2,17618092358918258943
27310,2,16736819783153449692
27313,2,15093531127473691262
27316,2,9137655463234639357
27319,2,6984160830868862068
27329,2,12895827804010182473
27336,2,16470514806712868884
27339,2,314295851250791586
27366,2,16530901446853010273
27398,2,2495215091785605844
27405,2,11626385248154694280
27417,2,2494770471490624671
27422,2,11089559105394504002
27423,2,5044199695570486343
27440,2,13231544771378512975
27444,2,10699685113824774581
27457,2,7370654511947671562
27462,2,12519299503171079818
27471,2,16935086287277945298
27498,2,9113388049369133018
27505,2,17298793090210519405
27511,2,7264316249749329524
27522,2,10970853790687380766
27535,2,14903928537370077946
27537,2,17575389842530919470
27538,2,2355554653519758405
27539,2,17232184716326105053
27541,2,16601068257300451575
27544,2,14663410596279660961
27551,2,1314144649913665990
27552,2,13571218105566988936
27563,2,5152387126249649511
27566,2,17948608662739632030
27571,2,3762748315763107708
27573,2,2581058222690135248
27574,2,16743361542620491923
27576,2,9497509340749056780
27588,2,5143242768814466869
27592,2,12177937210508078452
27604,2,12925727549523461920
27609,2,8741734347626921528
27611,2,8435973699607815313
27614,2,8459151199776611418
27616,2,10295714675088088338
27617,2,15812905206426702022
27622,2,512590964005053114
27623,2,15812905206426702022
27625,2,9492137061396728511
27627,2,8814548960778224436
27641,2,17454899812092894352
27645,2,2674217549657114933
27647,2,105162379701944884
27650,2,1746970090641370264
27662,2,13694300413237489462
27668,2,4863507503547572813
27675,2,18346557709740857206
27679,2,5856104371644011571
27685,2,3093037867327055228
27696,2,12856864246282482687
27701,2,13826915547573599907
27703,2,16647397248212069629
27710,2,13826915547573599907
27712,2,759658670168383803
27718,2,12839053021204835495
27725,2,5880460795321374042
27728,2,7277866632910567828
27737,2,14076556535801171360
27743,2,5530741030582485788
27755,2,2458824703212392869
27762,2,10115655745765354472
27763,2,4532240976421893764
27768,2,4858810508711874531
27777,2,15039813755195074048
27796,2,14971541200927254683
27802,2,3581337159174575295
27811,2,6470773968017718550
27817,2,3581337159174575295
27838,2,6675724594033662224
27849,2,8436609311553828498
27850,2,2186285712439945663
27855,2,4508082876421233075
27859,2,4440347156692683347
27861,2,17780429239283615743
27865,2,15526475715937638867
27866,2,3043313268880262066
27867,2,16724661195979287741
27873,2,4727526225838317322
27879,2,2067902809834115199
27881,2,138326895431018639
27911,2,2174200425217631342
27913,2,4553769822938790363
27933,2,8015210178288443566
27967,2,12402624081257648467
27978,2,12522358567485239955
27995,2,3283079508588525321
27999,2,2440088866648282781
28003,2,1755884440119097826
28020,2,12898134375607485555
28022,2,11462115736975309324
28029,2,17775164929208204054
28034,2,11125405301147989158
28051,2,15657860648762148355
28053,2,18147781194328290948
28064,2,3000143687080173642
28066,2,34977424604242929
28068,2,12445392476291832506
28118,2,6341762858321639492
28136,2,63872328718993669
28145,2,6623678592546408776
28161,2,18206279630038832664
28170,2,7918757138810796482
28198,2,1541193980856972541
28216,2,3125692985174282469
28232,2,1804829593397429730
28253,2,3180803146467275779
28272,2,5328958725428328649
28278,2,13584148225700994021
28286,2,7194566696831112803
28293,2,13323039171550880249
28296,2,18423703382183309575
28309,2,4845449546037966927
28311,2,8801100432877432753
28329,2,3048001955720696205
28330,2,4951859732014061210
28339,2,15196206232418339069
28342,2,360043687289568696
28351,2,16335333474027533007
28358,2,13999093774419645191
28376,2,16584511592023722145
28381,2,13636751113401827952
28389,2,13636751113401827952
28400,2,7115221308191103812
28410,2,17898933743031143004
28412,2,4553262024924097417
28438,2,10561984486688666916
28444,2,13045127169849245313
28454,2,10511934546859020094
28455,2,722273584181459942
28456,2,3389135974954811973
28459,2,2361390237344356074
28466,2,13190860771530195553
28476,2,511907368066540554
28477,2,511907368066540554
28492,2,17283331498138819556
28535,2,7639461029104304761
28551,2,15024495447836527747
28565,2,14600846948999137620
28570,2,1509518358698589420
28573,2,15379842899241113466
28574,2,8742537508161865298
28578,2,11148510830174835909
28580,2,6728041703760852605
28583,2,5308617727456916155
28592,2,6341291970876680855
28593,2,1235861682315578456
28598,2,6728041703760852605
28601,2,5804820962694777708
28617,2,28518781114727309
28633,2,14801743841512169221
28636,2,16756903609304319553
28643,2,12704459356016110941
28644,2,2070054081788431979
28645,2,11656136293717344414
28646,2,2883440865336597604
28655,2,12852001062163502229
28656,2,12049572822887344511
28662,2,1503684103076019198
28667,2,11906510313558716265
28679,2,1350171654083780838
28681,2,15939369293159308734
28683,2,16995995895348851750
28689,2,5319893520966786954
28690,2,5488431701693248405
28701,2,15004278414009386918
28703,2,3043172259863723016
28728,2,14357100708900410708
28731,2,13389228367501628606
28732,2,10297503485631181181
28738,2,15004278414009386918
28746,2,12388013652500321959
28753,2,14007520614688496883
28763,2,14014270839070116248
28779,2,10180378800282814448
28781,2,4271066775860061672
28804,2,1177432580366307774
28816,2,11670585973222283343
28835,2,5256885384819513104
28848,2,5954377387164685339
28862,2,3430900359514515606
28865,2,4744511407527797616
28868,2,3046170476799350905
28882,2,8119278432198396632
28885,2,6948732441522474600
28900,2,8156560750869800075
28904,2,5567213090897223446
28919,2,14948851475110167839
28928,2,1877928491973701910
28935,2,4095306826315504709
28940,2,17667750698824205353
28942,2,5603821663891241773
28960,2,17372200861679979691
28980,2,17667276486723525164
29005,2,6077623692169992690
29014,2,15507275994415331409
29020,2,17305014151657931294
29046,2,7617323266639264
29056,2,11295815844687090037
29061,2,11251839015169974331
29062,2,14321759028209351950
29069,2,13678185110273560226
29086,2,3393043285372989723
29088,2,3393043285372989723
29111,2,12316925558264686269
29115,2,2842963535238313385
29121,2,2842963535238313385
29138,2,16259209533086905131
29139,2,6077623692169992690
29148,2,7869622076292897852
29151,2,2357546857531740987
29157,2,10423635400639902857
29172,2,9697767626443178789
29174,2,10480265259004650215
29176,2,11494285509798562787
29179,2,2875599197709192928
29181,2,18310486881585667743
29193,2,4260387254705891663
29206,2,7936817313932361648
29238,2,205612050761368898
29240,2,18060532473789537702
29245,2,5028430684205341307
29247,2,385158563572958361
29267,2,18061702625420410383
29268,2,7775928329541922532
29289,2,7767600190050892718
29290,2,348350766925879422
29293,2,6948732441522474600
29297,2,8338560608870345561
29299,2,9598551435426558709
29300,2,9905062766638316884
29305,2,10415097951750553743
29307,2,6501058817097533879
29309,2,17776438997982961536
29317,2,2247414491555091555
29319,2,3696936566848353813
29322,2,12808653493062609914
29323,2,18316898829258091634
29343,2,11163105082375086260
29345,2,4836308833853613872
29358,2,17353138309130827455
29363,2,2817139795155957678
29377,2,7996940493338680745
29381,2,12364376307675921016
29395,2,9353201410635494616
29403,2,4945275806805802225
29409,2,16858941844032391766
29426,2,9348997925980450300
29435,2,6339118565768172648
29451,2,4271130067343732310
29454,2,1801338192264117103
29455,2,1644396810365193043
29459,2,7915316563245138477
29477,2,1689928052506129244
29490,2,10784044552066274691
29504,2,16208444400946446237
29508,2,15003428579086811770
29513,2,15003428579086811770
29517,2,18266921031452958581
29524,2,10656773838368206590
29545,2,8722667193316831813
29553,2,9274020045545689289
29554,2,12268952219919584973
29568,2,2085980968704488409
29573,2,6971424997229250329
29574,2,17132579695378563499
29577,2,18070382565767087483
29592,2,2752982142194211117
29596,2,1892227920054546625
29599,2,8983392336558633792
29602,2,15019254098621221560
29603,2,2629600492974726730
29604,2,14285490804964665909
29648,2,11576003855446403148
29655,2,8703826324936342809
29659,2,5682938394595233532
29672,2,14336398301776494432
29679,2,16208444400946446237
29685,2,4016305312211945603
29686,2,309820627063827931
29687,2,9134641906086220812
29693,2,14861023560693727118
29696,2,13872264177273545155
29722,2,4347369843916517550
29723,2,4347369843916517550
29732,2,6971424997229250329
29742,2,1674246017422048034
29750,2,15003428579086811770
29754,2,16033302474582254291
29764,2,13631357222699593510
29766,2,13631357222699593510
29780,2,4558705838138089966
29793,2,15019254098621221560
29797,2,18397803402761205467
29805,2,11689432609994818929
29806,2,7017831575251924960
29817,2,2229719119488834298
29823,2,6624692409350193140
29843,2,9923798244451986560
29855,2,11877866838903175350
29856,2,10357233012366716569
29866,2,11930209123182496094
29884,2,14042368667417250353
29895,2,14639046724853232641
29897,2,18139705000214536975
29913,2,10641533152375027283
29914,2,14266667448850518662
29920,2,10988347325096819835
29937,2,7899517218203332588
29939,2,15843268151291053144
29945,2,15426689198158520874
29952,2,15833445362809454382
29967,2,460004092397938944
29993,2,12732946278222636164
30015,2,7557395125074358915
30037,2,5229562556382281260
30041,2,18321633088760305853
30046,2,1785761961279402463
30049,2,4290575310626968282
30075,2,27331748610220718
30079,2,12767923551113421628
30119,2,15265019129241274398
30128,2,18143210036673714417
30144,2,6438425814065542685
30145,2,10769752146929491244
30147,2,9831806470943620249
30151,2,6116446934589874429
30158,2,3863426850571480207
30159,2,8003228278179315222
30163,2,8694860489311565857
30174,2,10051889663804790502
30184,2,12784790307239481290
30188,2,12431012282653438118
30199,2,13737109772605532857
30201,2,12227368197932103461
30214,2,17346104552606147950
30242,2,3591820879105108151
30249,2,9017554819177250756
30284,2,3515387275139372587
30298,2,17127304300616641694
30299,2,17127304300616641694
30301,2,7243808910238074406
30310,2,7184676144825346224
30312,2,3635495586994902542
30318,2,6282717905352655441
30330,2,9985901102680672900
30333,2,10220037830393891271
30335,2,14703451632767602504
30339,2,6736577765175641188
30340,2,293605679775138067
30348,2,10316138341296327682
30356,2,14667419591640228272
30374,2,11193793299062778544
30377,2,14102005160033167773
30406,2,4690691456890028282
30434,2,17809941438316844722
30435,2,17134739640148123134
30439,2,12386910962693388767
30442,2,2821504757052868648
30455,2,14411005547896082000
30485,2,16241516274142440246
30488,2,14824127144071046250
30490,2,9306963320186673488
30498,2,8189529411701702593
30505,2,8415062031046871233
30507,2,8223050205388597678
30512,2,8368549270718817200
30524,2,8018766730567289520
30529,2,6706147383729242903
30531,2,11754399802501103602
30554,2,15444740911633903841
30557,2,2886447522346595920
30558,2,6465404057634473758
30575,2,4587552313727585005
30577,2,2071893086206144735
30582,2,3392472460807139797
30596,2,642255578649921279
30598,2,10448240426579335752
30613,2,9925081145705824832
30615,2,7811216223423077574
30620,2,510915193411736254
30624,2,317258946121698798
30635,2,1018326351335113324
30644,2,4319392889306976770
30662,2,13738249368223793519
30663,2,6501074660972011026
30672,2,10278098582604536944
30679,2,6227049157058040491
30687,2,8108865130941345855
30688,2,745028238228056767
30701,2,125256386347463668
30711,2,17967534544895259665
30714,2,14828137783084631036
30729,2,1504015536861160272
30731,2,11333485437115668004
30739,2,10703216501153025845
30744,2,228775156720157697
30745,2,6455423130108886235
30748,2,16937563048307202470
30750,2,16937563048307202470
30754,2,17465211567170276567
30762,2,16342642818360462873
30765,2,12827785953163113933
30777,2,10485090774504678399
30794,2,4493369508555156829
30795,2,13110048575619206129
30804,2,9081421748475313564
30808,2,9081421748475313564
30832,2,4265152807327166865
30852,2,9668582803804561051
30857,2,9474020932461263813
30858,2,14995226904135227953
30862,2,6028475364156873000
30865,2,8032683559008898616
30868,2,8032683559008898616
30894,2,3994539068729980988
30897,2,7892397566337656548
30899,2,17239763855645503426
30904,2,7494731310976679759
30914,2,4417804107511040807
30928,2,10657892521175187086
30938,2,11083304134176934876
30947,2,10565251316405998758
30963,2,4086962108050336114
30968,2,4086962108050336114
30986,2,10565251316405998758
30987,2,10766033135169292275
30996,2,6831477670093747688
30998,2,17662280896534630220
31002,2,11234779659747925368
31007,2,4103122876594150164
31029,2,8888978318139857111
31030,2,2636276621878734158
31034,2,7208743337935015939
31040,2,11274670745783529786
31044,2,4543632282778620495
31048,2,2402542584085284175
31049,2,14367690351692295295
31051,2,6379895159668406179
31059,2,11025510713056516175
31062,2,14674983166975060437
31075,2,8229438668019730087
31083,2,6150734896633442404
31091,2,16294896031774604440
31100,2,12359837041814662620
31103,2,7847433259479634567
31107,2,48351846117879310
31114,2,13028249183760100535
31122,2,2335331494720973795
31129,2,14225091788123396584
31134,2,15133606519992052549
31135,2,4475725993875975189
31137,2,12039082928703981956
31139,2,8969535781292606236
31147,2,4475725993875975189
31152,2,12325361729825490197
31164,2,1788464969239080001
31171,2,7644121498732126249
31179,2,12991012532519604440
31181,2,16846291861002203793
31193,2,7488962366578274375
31206,2,3948211537808440091
31221,2,16386684992892854237
31222,2,7655446669047004186
31224,2,1015883280854095058
31226,2,16319507098496932289
31238,2,7554676916764233187
31240,2,5864614770468209555
31243,2,17944527431225510843
31250,2,4108811872448912126
31260,2,15306315899544807615
31261,2,532060657851607385
31283,2,17955877190340865394
31294,2,18152611549073426228
31295,2,18152611549073426228
31298,2,142223795070353861
31299,2,14674983166975060437
31311,2,686562684133285946
31316,2,2431385651072187464
31320,2,16501876586931958364
31324,2,9256283847762777216
31348,2,14275259566362445457
31355,2,3470328345883481601
31360,2,5380913024101614633
31362,2,12157854233732205835
31372,2,3122028707912615022
31389,2,17118109151534323612
31393,2,5461183107077269635
31399,2,9337248889925041607
31404,2,17657276959354674522
31416,2,11685695447810787284
31417,2,11144977034006587394
31419,2,1609294831951391261
31426,2,9569094413730354622
31430,2,4737773402876260443
31436,2,16375119408283587881
31437,2,6423079677222272300
31442,2,18272750903677585872
31479,2,5863811906687044963
31488,2,2402542584085284175
31492,2,4344540696068573111
31494,2,17230288507787647134
31499,2,16828560123061030157
31505,2,16437068711635413581
31514,2,8046060640755371735
31529,2,70150599556019497
31530,2,8733024217024696428
31541,2,17047450939256809651
31544,2,14047176396104034364
31545,2,11398304757989395594
31559,2,17419822512030565021
31576,2,12817909442293452411
31600,2,8865322026177926598
31606,2,6047048905078042398
31607,2,3930582117430348564
31617,2,9400467922895565527
31619,2,8926419885936682442
31640,2,13897204423476471032
31641,2,13897204423476471032
31650,2,15049465141500723741
31661,2,2217470221435463097
31676,2,17219155430382108022
31677,2,15833253800938752652
31684,2,565616112224453447
31709,2,5614268759690739991
31720,2,16896353438913781985
31729,2,15870381915003842229
31744,2,2721507325765560223
31754,2,5197448830604352494
31768,2,3571603692022252134
31769,2,134969747213661102
31781,2,10160110378397459630
31784,2,312377809630638417
31822,2,589163312046255233
31848,2,18261719270247735497
31855,2,16565895681183505428
31867,2,8836472321512443597
31868,2,5531153157706495442
31869,2,2123098529026217659
31876,2,8457865764779730946
31888,2,10380987088589914908
31891,2,6564823535297831514
31899,2,10064970259469116416
31901,2,6253035556885063379
31906,2,4625935683901077251
31932,2,6492898092965980487
31952,2,2754502707421949411
31979,2,2967994105582284249
31980,2,14660793759639420835
31998,2,3550159378990638662
31999,2,4759249998199541864
32012,2,10544854076190414382
32016,2,18182768782984078074
32017,2,5871527870433165674
32020,2,13065838697409455972
32021,2,8065433111510723037
32023,2,4045392489367653145
32034,2,11354544317346436694
32040,2,13177379061850780834
32042,2,10160110378397459630
32057,2,15826837001164816129
32058,2,6103443738765414655
32067,2,10277094814486893642
32071,2,1292864335770729877
32074,2,1941021915349630936
32085,2,15653365415465667680
32090,2,2088943876380622481
32099,2,17141234300545686478
32118,2,6307565574580850336
32122,2,17919320278171107333
32132,2,13088433714788034841
32155,2,10264894203063248778
32163,2,15743469133523090898
32169,2,7267712869571911732
32189,2,17207903718372099009
32191,2,2981569927597549840
32200,2,11428572575568737630
32215,2,1726530625205157297
32216,2,1691720009899557990
32219,2,10250279134052399787
32230,2,6114315259049175180
32235,2,14808156174002777319
32239,2,9951259337138477994
32243,2,11834184319017725608
32246,2,5126742414404330941
32252,2,6259128928107377406
32265,2,8763079164261829707
32270,2,195046987330782421
32294,2,2809666695994271501
32302,2,14120356097555610380
32304,2,9617875858658891421
32332,2,4419550419058033145
32345,2,8483464495465767872
32347,2,6636753602297679916
32348,2,3786524061486553576
32351,2,3786524061486553576
32374,2,15653365415465667680
32396,2,12152135889742451649
32411,2,2255318680141523268
32424,2,13208254144200526544
32440,2,10451663706438098426
32448,2,14276658372242587588
32453,2,14585839511872854628
32486,2,10347013909816514311
32501,2,5005665506399811988
32508,2,681228903552839232
32523,2,4963861021222695378
32545,2,3699880147489481453
32547,2,8775248478026026584
32562,2,2301577592947146385
32587,2,4224052860591315999
32589,2,4472633117603247625
32590,2,14655861099850218980
32606,2,17460321383115689247
32620,2,11178823448962194117
32628,2,15893281454094891903
32641,2,8315404480002052790
32654,2,96628915107473236
32678,2,17975282007104199234
32681,2,7098663457004751378
32682,2,7136271465264388382
32684,2,11400860443325642569
32695,2,13778421990693487403
32697,2,15498476204667343934
32724,2,6698255022377270012
32739,2,3295696162021447170
32752,2,8718092368083885241
32755,2,13136839724124661350
32761,2,14710675497342665709
32764,2,2003368810214853594
32769,2,5510312407184579815
32770,2,16327375881511381019
32774,2,15397667012723667579
32783,2,16607618502302151446
32789,2,13826760372903436773
32790,2,625194482997360671
32793,2,12590819440004099054
32798,2,9819113723264822712
32799,2,5562848195368527431
32809,2,10789370629042715116
32812,2,7438808182329180865
32815,2,746033138814639792
32826,2,7136271465264388382
32834,2,8508646394091429674
32843,2,2565397046966134727
32850,2,11006136175537963384
32851,2,8718092368083885241
32854,2,15921182508131593574
32855,2,17899973109323955996
32859,2,8718092368083885241
32866,2,13778421990693487403
32876,2,15035670083462552217
32886,2,4511517081273165504
32892,2,12850487278690330010
32900,2,8331645349736276516
32907,2,11021438845453857607
32913,2,8115594206293702665
32915,2,10740570064281195605
32918,2,10620557757757029612
32919,2,13873674370515392865
32924,2,17869817573084539461
32928,2,3017725133934433025
32931,2,16603533992325955063
32940,2,8173633674129410586
32943,2,6918385282715324629
32955,2,5156186718877843561
32959,2,18415350702633880323
32967,2,8711095954776926096
32975,2,13868958822758647776
32985,2,13233715072632837221
32986,2,7126474555924678241
32993,2,1485630858643650691
33025,2,5631133633170734870
33034,2,3317974757295522541
33054,2,15627804441153090433
33055,2,7318403447469395971
33060,2,9882465037014740206
33070,2,1121544596237516264
33074,2,11483493468716398556
33089,2,14261556704474002169
33092,2,9652948789020524252
33101,2,14498883718230060128
33110,2,11535847029741905386
33112,2,3744598397998334720
33117,2,8904134082926588164
33119,2,7727473984749668318
33121,2,283137841390937347
33132,2,3350057591570322881
33137,2,2277286269774834967
33157,2,1094069321633695848
33168,2,10687813744042743323
33172,2,8676782558009346624
33178,2,12791925761184776994
33183,2,10157632547862415057
33202,2,4523306488467514362
33222,2,48199749611066360
33232,2,208782022839480191
33235,2,15325944982987806668
33245,2,9832503889413203407
33286,2,14198962937519333004
33289,2,598754193378650726
33292,2,15451520786199769763
33304,2,5694995952111316769
33350,2,4918858716427804871
33355,2,8571249724794744789
33367,2,3536723640182152997
33368,2,15534222193624142288
33372,2,7736904600480194459
33384,2,1101063489813056480
33387,2,8784692629466664813
33414,2,15081723038383827108
33415,2,12135638323092180789
33421,2,3089752112657505852
33424,2,3317543994342575669
33434,2,13902910800710183971
33435,2,4603305528225238400
33436,2,18004581129811145065
33442,2,13101280357408573120
33447,2,12400099948492619329
33449,2,15924178842603113700
33459,2,11385715341118270190
33460,2,5883242069816293622
33465,2,16132033146364638616
33469,2,16945356305148529774
33472,2,10592584524209654981
33497,2,7842757126279060220
33508,2,6881534938996917968
33509,2,13166240575207763770
33526,2,1630115639131747806
33537,2,5570862357758483636
33539,2,5320917663938166520
33548,2,10335092238763437599
33558,2,10377013832855891740
33562,2,8662052038387406990
33565,2,17209186776774325299
33566,2,7926080105356325178
33570,2,8252357257541327097
33574,2,8564160147965674600
33577,2,18170694261270371210
33583,2,16705985501629733200
33594,2,15480909470129846651
33603,2,18417758631830487747
33607,2,8254585799095946900
33608,2,11088852545151472388
33628,2,18438859589355148491
33637,2,15063108067865034409
33642,2,11671405520198238456
33648,2,15648302451846371610
33652,2,4272603311313972269
33653,2,12981753169975711179
33655,2,12981753169975711179
33657,2,4029797982205909412
33683,2,7703760113647695113
33687,2,7703760113647695113
33689,2,10460816165669327622
33690,2,5246905166715112602
33716,2,1338252987662333084
33718,2,5471878796851642250
33721,2,15982443989561530635
33723,2,2547439985118041468
33736,2,1186613798223352484
33745,2,4467380795989720286
33761,2,5573468924754901635
33779,2,1659061787811913614
33780,2,14217630518845574988
33820,2,17381229630854689300
33833,2,11836175980392673947
33839,2,1818403751239027584
33841,2,2424786041414539146
33845,2,13474696342983774016
33852,2,18444902403268424188
33853,2,10808544604878648736
33864,2,7657160940793284370
33882,2,511320382756810197
33886,2,11250264152807552194
33890,2,10011552705381197766
33894,2,9815397676887215052
33927,2,17197847663616019365
33930,2,1884894662876532466
33932,2,13517587175881638172
33942,2,2842157429668208797
33943,2,12213058153574270042
33947,2,12798663733713249896
33950,2,6775336010218724119
33972,2,688180109698455141
33982,2,6982111327189916697
33985,2,7391979292666488452
33998,2,11485405297761389465
34022,2,4925691010316965616
34026,2,2055767563793726708
34033,2,11940872628811621343
34040,2,1288985232272617374
34041,2,12548987009419639213
34045,2,10357795938347792395
34047,2,1288985232272617374
34055,2,15251565484623775271
34067,2,18304274853530527034
34072,2,7613052046848810423
34074,2,15679179627662466184
34078,2,16648535229340868488
34085,2,7613052046848810423
34089,2,14452554604414868649
34091,2,6560588469490990000
34092,2,12564975534341851307
34096,2,14491258028770001696
34109,2,16432663989439535246
34123,2,16136141182659352400
34130,2,2640764979672994426
34154,2,15827393135759714116
34164,2,12747547346808607437
34168,2,6234224852339128059
34172,2,12564975534341851307
34175,2,7935940903276088535
34178,2,1888842670002815190
34186,2,14392514629670300706
34198,2,2118315774448347127
34229,2,624122423766372610
34238,2,6393919462308666255
34246,2,13875759131255152661
34255,2,836453484031382273
34265,2,6185471282035936957
34273,2,13186707215565700994
34275,2,9381259874793582413
34287,2,13458522620479676779
34300,2,6654258853091730200
34308,2,17940447838327438714
34333,2,9648907060285944198
34334,2,9914990029878387596
34337,2,9087590040208514077
34351,2,3707193495728520127
34369,2,1592420513900333473
34376,2,7071003572698802020
34378,2,16184514051246330747
34380,2,4764496503573219816
34387,2,15183633669976243402
34394,2,2666397131866513071
34406,2,10335752234187292185
34409,2,16865472270280925698
34410,2,6459045199543960255
34418,2,390829714286678783
34425,2,12728021364098505274
34432,2,12526045123499834269
34450,2,9414359247103121667
34454,2,16407590874483433680
34462,2,11068638783797245328
34472,2,14875301817699844666
34473,2,7510401471892921818
34474,2,11605774147074030765
34481,2,10309514531221850710
34486,2,5772446441219164503
34498,2,5934883431276175958
34507,2,2252712515212272982
34518,2,16523718722885773277
34521,2,11638537056938299152
34527,2,7052072614502191548
34551,2,1710642396936943070
34553,2,5430122755191526753
34571,2,11172263315494478961
34574,2,3157593899460363225
34580,2,6552662344846090683
34587,2,7401107177194982979
34588,2,17823681812578308550
34591,2,9704348114971915932
34593,2,2252712515212272982
34606,2,18230131976230507178
34607,2,8364554644552039126
34633,2,15046963823975111247
34648,2,7487854277580736476
34659,2,2855974767012290573
34668,2,7751273131949561144
34675,2,8637232283686227520
34680,2,399568578360963050
34690,2,8884687319635926039
34695,2,12758278168896531691
34698,2,1728878926434984664
34711,2,10764039187928268802
34725,2,688928868246884799
34743,2,5716757585067277669
34751,2,5637817158482293532
34756,2,3498171147947854075
34760,2,6184183275545542699
34769,2,1306702473385797731
34778,2,14346641845644334265
34782,2,15711398219013546490
34800,2,16180772119084648549
34804,2,15356258284181746665
34805,2,16278087829298460580
34814,2,18178640040784748301
34816,2,2334520653413928215
34819,2,8264235709435814018
34844,2,13434448488794183513
34847,2,10393448363238430405
34848,2,5935641776985992975
34854,2,11510121909269242191
34856,2,11151341695377398260
34872,2,17509154347395965449
34891,2,16564645666539941332
34909,2,15019514051242692721
34912,2,16642545221653152782
34915,2,917750110077002315
34922,2,1787778811476762627
34932,2,17642320534181281025
34949,2,10483572251244871071
34951,2,17436673754764039966
34955,2,14605178711102482270
34974,2,10938307411750364045
34977,2,17825100581077049330
34984,2,4661833031782611768
34985,2,13381044353918095000
34994,2,415308519017382083
35007,2,8256241719106019837
35025,2,11291603639571554313
35033,2,11791298935137972599
35054,2,18185711962861162353
35057,2,16160420851530918440
35058,2,16160420851530918440
35065,2,17901229240122769950
35068,2,4668317313186075732
35076,2,17929127751701618228
35080,2,4762390920735859159
35083,2,14981415706133109254
35085,2,18441191370467160421
35087,2,9484403957141622028
35091,2,1417819569291750142
35093,2,13434448488794183513
35121,2,12577581473459013855
35138,2,13380104166198355265
35140,2,7081703739688592049
35143,2,12530448271507816576
35179,2,6120372006975918664
35190,2,5199901138861589283
35192,2,8395577428754310021
35205,2,11510121909269242191
35206,2,7248477096105564286
35227,2,6047269573573110140
35228,2,13236508486172598090
35238,2,14425167965020992969
35244,2,3092029531776332551
35256,2,7314184214504699868
35263,2,15107850487136855610
35276,2,17451658626277853363
35296,2,6149850083978665267
35299,2,2326326572576505303
35308,2,17211240922765056428
35318,2,4800530373580334223
35330,2,1267917010153416662
35340,2,10574299167925860422
35341,2,12558133458233693891
35347,2,1557250156373485647
35349,2,2067929123068373092
35351,2,18212814922933375820
35377,2,5606844447930091345
35378,2,15567644292059581612
35384,2,17147801472034314734
35392,2,6954194979153550899
35404,2,11233087785819699194
35405,2,17804928654561497972
35410,2,16006461910099956402
35418,2,4595991727033020714
35425,2,6822568872621183683
35427,2,6956139406802137942
35433,2,10475680934656116501
35434,2,13992893937793081335
35442,2,7544510208795583829
35445,2,6892371953525982805
35446,2,524022256229334441
35472,2,2684039852862594988
35477,2,12845302660288756296
35480,2,12173442118199804041
35493,2,13366451350671182098
35509,2,15456269836927587607
35520,2,1002434143995960638
35523,2,4159962810595199783
35527,2,11343801945270213886
35528,2,7400064570156245555
35530,2,7688528679742908820
35540,2,904711864283561751
35553,2,2805539514513222186
35568,2,15151913275967322018
35576,2,442697645231128613
35591,2,13156580892907431900
35599,2,16577443417035690659
35611,2,6160953446475965678
35640,2,14993853701854683817
35643,2,11451730079928689222
35645,2,5942277894754193919
35657,2,12519144993452902513
35673,2,2623415357057363241
35684,2,10389617432559063817
35691,2,15135408283214237871
35696,2,17508401280395344625
35698,2,1256072482229352283
35707,2,12173442118199804041
35712,2,1618150146175287863
35721,2,17199317576800957547
35729,2,9565751184790104715
35734,2,12567139436223124431
35755,2,6446219527636660064
35770,2,6651627532754896064
35774,2,1939837931251862671
35778,2,3010972356481197889
35784,2,4595991727033020714
35807,2,8243129597931877680
35812,2,4151769291092401168
35816,2,11774876745550153988
35817,2,4079650715194258326
35823,2,10606743057129466780
35835,2,4458337110935846123
35853,2,17553285720377628553
35867,2,7992109173837587544
35869,2,2334231506655595113
35887,2,1566849876700099501
35888,2,11413102187331603556
35891,2,16490260560115578963
35892,2,11223720529575790107
35896,2,7697747358164939549
35902,2,18155531228337518518
35907,2,3423322947783727528
35908,2,4142019876480047184
35912,2,15572998012251741128
35914,2,12929085413462549217
35943,2,12612897355511829930
35947,2,5549352994231665676
35954,2,3758318191568114857
35959,2,3717170286893834824
35974,2,16623035307156774906
35997,2,260456169940418380
35998,2,12254368901751157745
36013,2,909353777678423327
36018,2,9619371022643187668
36044,2,8821060964988283047
36054,2,1276009282778916768
36061,2,15793937035724516960
36066,2,14559616812052500425
36071,2,718117302896563799
36073,2,10738433084230285743
36075,2,10738433084230285743
36076,2,10738433084230285743
36085,2,15793937035724516960
36104,2,17768566065274551241
36106,2,17389959717971683152
36115,2,4679022327636309430
36116,2,686795278103277326
36119,2,10398921479644598226
36132,2,519740660671926447
36134,2,2935531968188338965
36135,2,10570692832868303501
36159,2,6623697375764343977
36174,2,13235622083823160208
36175,2,13426934767166663063
36176,2,4679022327636309430
36187,2,14724792860474778385
36192,2,16331656280264938933
36198,2,726316722568403288
36202,2,13162767983051640081
36205,2,10085243567317324933
36208,2,18341005341968125686
36211,2,3656810034305713506
36213,2,15531736454227301316
36220,2,9315641764021867831
36280,2,13761514309920327479
36282,2,15923724204878053244
36287,2,9162280657917267733
36290,2,12311621702093152487
36311,2,2162154901417614453
36318,2,12311621702093152487
36337,2,13584278470734045892
36362,2,5278025810608456443
36369,2,8922083478258979290
36389,2,6280057340767700250
36391,2,3586004203576857408
36409,2,3431689110683592169
36439,2,17697183412717882325
36450,2,1904216755727926356
36457,2,6628198171814698835
36463,2,4679755038643873658
36492,2,6127034576582325077
36493,2,13389165882471272553
36507,2,7136009375782705171
36508,2,7136009375782705171
36515,2,13112278344903519466
36523,2,10688025007140743934
36543,2,4183695643676562671
36563,2,6973315689202608946
36574,2,13623224120950868458
36576,2,2975624615269349726
36588,2,6674571024922167951
36596,2,11372787071901099729
36606,2,9563060676201106516
36617,2,1728650491773260693
36619,2,7619239763329267999
36637,2,1810357604419034701
36639,2,1860212304747694064
36647,2,2866743203767376999
36653,2,7736198702521612096
36662,2,8821036479849975947
36684,2,3749427017003918742
36689,2,17948831668245978164
36697,2,15953196674928466114
36703,2,5359276887532172070
36705,2,10406631145139834778
36710,2,14321601568638621329
36720,2,12798990133693872129
36721,2,12466508974670871439
36722,2,17266464484119536134
36724,2,12914758745831279041
36730,2,5782361817635970056
36732,2,8440323014372462362
36737,2,1959593351521427670
36739,2,2335332650930646064
36740,2,5653443746104607675
36762,2,11021417455656444480
36772,2,8869967986282329799
36780,2,1547035516677075189
36782,2,5515917420848349067
36784,2,2663836966340913666
36796,2,10984132327797475900
36803,2,7984013260982558894
36812,2,5593915833499451113
36830,2,13776941908981275891
36867,2,13898981426939724750
36868,2,12586309500220323792
36874,2,16271723461030297012
36882,2,5065225671234507321
36895,2,10574916593653791049
36907,2,12381967525777551335
36913,2,13181921580687474154
36915,2,3607875485704195065
36918,2,12254528205831170800
36927,2,1130322866882959330
36940,2,11271603806536180519
36941,2,8227867651833619907
36947,2,9017228835606735320
36948,2,6560906916151194581
36980,2,7798330987963360022
36990,2,16934428924761392191
37005,2,5166069880650993524
37006,2,17406822044355005887
37012,2,16685406483574317251
37013,2,16628707524960001760
37030,2,17822296957698081986
37038,2,10502082033705524455
37040,2,14180774448587290429
37049,2,12764715469872364281
37054,2,15822802702521168319
37058,2,15151041465338144732
37064,2,6592459414909613716
37067,2,15408353082785529728
37068,2,12126553296946790480
37099,2,8335686995463025922
37102,2,3187984599689331685
37110,2,16437658386672572279
37116,2,16150495747069953094
37121,2,16514165713162306467
37163,2,11104656150132764569
37199,2,12983234965502275849
37201,2,16122353051057536054
37203,2,8653023555602602795
37213,2,9339497442689392874
37220,2,1701749359778568816
37221,2,5244812645130321950
37230,2,7693949609082689998
37245,2,18029920459508683044
37252,2,3115396203036674004
37269,2,8515785133205120331
37276,2,15869353801163354996
37279,2,16645805502035978138
37288,2,12075864315286317864
37291,2,12446128122951662786
37292,2,13281028066021817572
37296,2,18318686014841902223
37315,2,5141177416103849793
37328,2,8988209112274800291
37332,2,8226798811670418544
37339,2,10299353111409969075
37365,2,8793245992428144091
37370,2,8344280351973954577
37380,2,862428899753827673
37418,2,5824705848417245196
37428,2,13589196916106575840
37435,2,7950247774083462249
37436,2,13607184684730825126
37445,2,5244729924279587870
37471,2,7385009893765090087
37474,2,14364649735691247658
37489,2,9555004518572009441
37503,2,16937143532270904313
37514,2,7712130451451696663
37515,2,7712130451451696663
37516,2,9276524892852682106
37517,2,17633322881207634664
37524,2,14901034581275137962
37533,2,15217978008906760151
37548,2,5861398709334384669
37550,2,9502232893338529354
37567,2,11388103511337225235
37574,2,14700271458780858006
37576,2,5312604090413406647
37584,2,2579933589862328136
37587,2,4485030690328706249
37591,2,5427754568554010984
37592,2,9973281334794006438
37594,2,14221582578187972690
37607,2,7586752918408292345
37608,2,7586752918408292345
37613,2,9399375531315730186
37614,2,9399375531315730186
37622,2,15635767958507593861
37624,2,18051410480580838796
37633,2,18083297004781433753
37636,2,11623936601081088360
37639,2,13694156101928629125
37640,2,4873682321455599775
37641,2,1886474901378540278
37672,2,11883726023924713382
37677,2,2959874111295287208
37684,2,114389211123878648
37694,2,17903508696775987044
37697,2,6319177790773214094
37703,2,17223018176739656926
37705,2,2387614094112986599
37712,2,10363792850836120025
37717,2,16301138102945103596
37722,2,827365266237232215
37729,2,14106476607503690199
37734,2,3107019704232872486
37738,2,11261364450481832529
37742,2,6910002280845877011
37743,2,12878770875527892959
37748,2,13856866993064403261
37757,2,3299758047921993095
37758,2,2574764392878685840
37765,2,15305995877523164452
37780,2,18438408312274230963
37783,2,10322279716188274589
37794,2,15422773495677983606
37796,2,15237519181415197863
37799,2,8469705767637777965
37815,2,2113444403028471473
37819,2,7195190848592130385
37827,2,16291310659325188599
37830,2,10708332570853958194
37834,2,15338103917963952448
37869,2,860029432020504417
37870,2,7529029228624253684
37876,2,2984562300874360933
37904,2,2136324651090623326
37905,2,13134082584317220574
37907,2,5640261946682867033
37925,2,14581794243855859989
37934,2,7504782221479370841
37941,2,8085556174875559950
37946,2,4118753711038483039
37971,2,8015220865630124971
37972,2,8329655337060727763
37974,2,315430269830247199
37991,2,5196773558473275328
37998,2,15600119050074021835
38001,2,14117890990163040169
38006,2,6127012779807195082
38011,2,17626106239103573729
38013,2,9345921096107060030
38024,2,940778878782963287
38039,2,15537800092517818239
38059,2,9665400423471461046
38078,2,10119472670495513849
38079,2,11740827142773631921
38082,2,11728513382647877321
38097,2,8302834101837496547
38142,2,16643971632139098284
38143,2,6085016777454232733
38144,2,13729836976214962627
38145,2,9063698731832854030
38194,2,6020481428594441907
38213,2,5913478383748639340
38230,2,13684268398348281935
38242,2,7374944566038443622
38243,2,2374005968717576957
38252,2,4289988481894306439
38254,2,14114052704919862683
38283,2,638334564431517149
38296,2,15471073995285493414
38303,2,9041234977739143956
38327,2,8961579529513562677
38329,2,2425379436993934100
38338,2,14569551692980872557
38345,2,7460617399734138675
38373,2,10627114444086577861
38376,2,17234670292802201708
38383,2,14318989901950202783
38387,2,11070595920817906803
38392,2,14076279626577876291
38401,2,5094854404526274860
38405,2,11169462836226255590
38419,2,13763199052608425661
38420,2,7508542156138272400
38426,2,16844991602286089534
38431,2,15136661497551965263
38449,2,2734080268709791300
38464,2,5318349924991324955
38466,2,2513083883059138057
38471,2,14146160781342280813
38472,2,4593762589288087083
38474,2,11666903728249717194
38475,2,1445773441082414657
38476,2,1445773441082414657
38509,2,13618855917696707225
38510,2,17508701604822492393
38523,2,554771379500986997
38532,2,3282573065372397339
38539,2,15347613593127904722
38549,2,15829369534208339845
38552,2,1729318705333855447
38566,2,14456360005464057341
38571,2,3911017607102406245
38575,2,17179369084510933270
38591,2,13554307928634822658
38599,2,7208707681039595552
38610,2,15905899080455750889
38615,2,10455299067134473602
38620,2,9096403969267610577
38637,2,15023236732310042644
38641,2,18377595725870311468
38648,2,7600061880674180186
38661,2,15120834549146998771
38666,2,12944105518732511891
38671,2,3827883493195870297
38673,2,17834812625455013017
38676,2,17818814464158863992
38695,2,1078453518555145642
38708,2,13290758384665981006
38710,2,12159982376757675558
38711,2,923505681800079125
38716,2,15022640146831809689
38723,2,8867137976210480760
38732,2,2750615756335988596
38742,2,1980849160076212300
38746,2,4246555322734789959
38747,2,12242050027898237429
38751,2,12072487981754838006
38753,2,11808804170398625736
38758,2,12478606803704395513
38778,2,15140578096284958163
38780,2,14349166724318248192
38783,2,16979323318389244880
38786,2,1388296791147825072
38793,2,11266865843233624284
38812,2,9515896047820205747
38844,2,12561535924096215932
38863,2,7014372190752592898
38867,2,5189682698412535518
38869,2,9150200894508718765
38876,2,8292122006404089204
38884,2,15331181384666056485
38886,2,9036531111581384407
38899,2,14914984110623398569
38902,2,16511287895202793747
38905,2,13256122824540456103
38913,2,12572457757023379435
38923,2,4829814290063379263
38926,2,7871572957750015509
38932,2,16771853877003862507
38937,2,2227130784389389274
38939,2,2572186438938920256
38950,2,11049223865394178725
38955,2,17219919133833165962
38961,2,5391959451277094908
38977,2,3483170352149809277
38978,2,740571977992527462
38989,2,1105982501240806341
39002,2,2193141253024903275
39005,2,8961022420891877338
39011,2,17786462188352635153
39013,2,6342596655276653334
39017,2,11267371246504046357
39022,2,4038699239808919305
39029,2,1231429393486569525
39036,2,2984607045698053833
39037,2,9863964083288168837
39048,2,3068090507014562075
39065,2,6636503690556334629
39070,2,11005847345054643546
39074,2,13692502850753232669
39105,2,13758255775097712290
39106,2,11054648453347419175
39133,2,17703486587311295519
39135,2,2249614115001698353
39137,2,4972964245336223870
39162,2,9798909745499198080
39163,2,10812021915668496762
39165,2,207582441542554350
39182,2,5378520627771058772
39189,2,13196590097618779695
39192,2,1377013333072833919
39219,2,644855711077638728
39221,2,5862068049605430254
39225,2,3395054007642764745
39230,2,9156679045890037971
39247,2,841566621061806646
39253,2,12582711918265929708
39264,2,15143606908596678153
39271,2,18156644368526587437
39279,2,13952944358312184723
39283,2,7253427593862591001
39294,2,15088669898690999280
39303,2,13447942744751107300
39320,2,2468084375741069907
39326,2,3285814231488694597
39334,2,6231391699686041549
39336,2,6178770386591891585
39337,2,1583134684809892203
39352,2,8545654923867473513
39362,2,1266395407353999846
39377,2,13639988857160993678
39383,2,6340392227428763786
39390,2,18036994852037351247
39391,2,18036994852037351247
39394,2,1567566593423074465
39407,2,7961455970553735625
39417,2,11373671220867749443
39423,2,1899195435708906852
39426,2,6788398825677668975
39437,2,10421370561096051371
39439,2,12362320847183508006
39443,2,11278459267332796736
39453,2,8701143246055692527
39457,2,11371732293173998015
39469,2,17200488342868396267
39476,2,1173289040459058459
39478,2,12068844952775482253
39495,2,11503067670844515288
39507,2,11756844160902211721
39524,2,4192859742605889047
39528,2,6788676729338764623
39532,2,977993543804381223
39547,2,16786867405154857542
39548,2,737764022099049259
39549,2,1898891104780862479
39571,2,6212651784935691920
39593,2,5674637883037719623
39597,2,2076387339922127565
39607,2,10530593115138272013
39611,2,2411557939647540392
39612,2,7399229623901113887
39620,2,14149876770264627763
39627,2,13219946760577696025
39632,2,12861557226939275861
39637,2,4597333565002650905
39645,2,8967822659381630797
39670,2,2579423434678039279
39680,2,14837083459120782994
39681,2,10211744135074117264
39686,2,6342609573715619127
39702,2,13357628302750803926
39711,2,5487394945901636162
39720,2,15661303491589756236
39723,2,3035441549154083751
39726,2,1174856601788961470
39729,2,17113790429297633373
39732,2,17703365775672922256
39749,2,8931931766096281512
39757,2,14841768197997975191
39774,2,6274306728274998988
39787,2,3733177480395011028
39802,2,428931989422050613
39828,2,15461854027899433262
39841,2,5315672597973955093
39851,2,17880924826542020415
39855,2,631866422388357088
39859,2,3992402119549317901
39864,2,4978161255838196023
39868,2,11316129807178974264
39870,2,3749143064453314762
39873,2,14828297128362551198
39885,2,5973162841043409493
39888,2,12713289697702556703
39901,2,140195776474912636
39910,2,8597918398630855024
39916,2,13419704167281585044
39925,2,9030410989396214194
39929,2,6926208009996279596
39931,2,15166118416193646631
39937,2,6572245587438622556
39940,2,17941870474559619442
39946,2,5345133353160751553
39947,2,11859491419294582310
39954,2,730334669231248506
39969,2,4142458655785527116
39999,2,3714469205924032453
40015,2,8991513795063941402
40022,2,1839498724534151541
40025,2,6830152501316163047
40030,2,4381147294168594888
40032,2,10849462110623032690
40053,2,12687143687291006328
40057,2,3284996000994857702
40058,2,17084807413353809109
40069,2,7943044637022455198
40078,2,385880139680501755
40094,2,4114951548303201918
40095,2,15243706184350307142
40096,2,18107216997274676645
40098,2,8896916128112618031
40113,2,16079688025559634868
40116,2,8061975262903730061
40137,2,8635062347800603031
40140,2,10006164893111167095
40152,2,2708660554941213707
40157,2,4839433573862588735
40171,2,1335099826081875569
40181,2,152637469632890081
40188,2,6810365922263513736
40196,2,11419822122267889232
40198,2,7494189883886233485
40201,2,16771239274273458614
40218,2,5819510486308160968
40219,2,6086911954150415758
40227,2,1944926298655013830
40229,2,814588769336805325
40239,2,18206921493280716421
40243,2,6841087552635938242
40252,2,11545434023305665294
40266,2,15500176431602055155
40274,2,10145134370397250813
40286,2,8549368356854271036
40300,2,5919825110315713389
40304,2,13340769819879003255
40311,2,3806513772306913269
40314,2,7452985889776401433
40320,2,4958956375117818789
40332,2,7874518111581383838
40352,2,2625235757054933191
40358,2,18435740740921248545
40365,2,15837687226613978476
40369,2,11944158487595486870
40375,2,18148065604476290000
40381,2,11198147356464514571
40383,2,17178784696461380796
40390,2,7946757791762304861
40391,2,4919940912487245837
40405,2,3929543618839054939
40434,2,9169439003180704921
40444,2,8016293146651715540
40445,2,10955097478959629447
40449,2,10531605556980776320
40474,2,12655031004056163712
40479,2,3531459001683142479
40485,2,4926730514382572282
40496,2,2830612695505473285
40499,2,9792998337838746875
40515,2,12549167914603398916
40531,2,15439745807777446933
40534,2,4896659081107912726
40540,2,8392003457173415421
40555,2,18324568920107316168
40560,2,16397910091754510633
40598,2,3605563125430561840
40604,2,16250480304952434690
40630,2,3687356926521376625
40633,2,16527936456995717497
40635,2,17830373779797993342
40638,2,10656368484741484581
40659,2,6303427344888045104
40685,2,2363118693222775769
40705,2,1406951981803699501
40708,2,2611616119130661054
40717,2,9864431251534261171
40720,2,16460445304074376945
40727,2,15498073105458908088
40734,2,1314075940739110603
40738,2,18132377673355324236
40743,2,12137140747130291793
40745,2,9489761808402004852
40746,2,10981730256392361052
40763,2,5604301266127573790
40764,2,16429977330819205348
40774,2,18108773252269226363
40782,2,15665327741991922329
40795,2,2124836276506998448
40799,2,309371621215782751
40808,2,10643136815684943646
40812,2,7455872890747930516
40823,2,4823904404455071187
40827,2,10077780319882658088
40833,2,15193780769785461670
40840,2,15193780769785461670
40850,2,10482976806962620543
40854,2,14940934224859815327
40858,2,14656566453750272295
40862,2,8914443600405663149
40885,2,17787075066033857667
40899,2,15638959422775807424
40905,2,12687785822445187954
40916,2,7396220683679406561
40924,2,11592555108030574277
40930,2,7154957414058417755
40948,2,12166864893175104276
40950,2,16199121784583148659
40951,2,11496723562589933192
40963,2,9134820864585919785
40992,2,17457706890687862953
40993,2,10828126224726932049
41003,2,9296732555672780063
41017,2,2717882631320528152
41018,2,10840522023733688687
41028,2,17987396704738177187
41038,2,17731256634237657834
41046,2,1482541146287628723
41064,2,9844337677310867784
41082,2,54762067125535201
41097,2,10924018664239276969
41108,2,539574682497969449
41109,2,831976252688201275
41121,2,9310697608461046797
41132,2,11705709004106970645
41160,2,6192122549203279962
41161,2,16556265715715879739
41166,2,17300717589046635914
41181,2,18223871342566597783
2,3,3366770383593144908
7,3,5678241621350962766
10,3,5678241621350962766
22,3,7370486880350670272
24,3,4803557094713887357
28,3,10507043810493629721
34,3,10426408860787610238
44,3,16146664269095446006
46,3,14422030985068274578
47,3,2297125148632915868
50,3,2279319055455818269
53,3,5486239779661719775
54,3,11685049757386610504
60,3,3532932662175403729
72,3,1716792248140047829
75,3,3530581283124036021
78,3,17890535903255473575
80,3,17991015578218981378
85,3,12858367302667753866
92,3,15490825732036376932
93,3,16752642558416222095
99,3,5023474845818666120
128,3,18364585939173953338
129,3,900276368260215361
141,3,5558625907118806790
148,3,5642087827021173208
154,3,3213829846129957708
181,3,5441558394485891714
192,3,6085708256654780947
205,3,10912586613989805340
210,3,3259200940758128043
224,3,366935488212760256
231,3,13010185860251372810
236,3,18445849440335515672
238,3,10165293699075838972
242,3,17408489906783309399
244,3,12045978991734919876
246,3,17565128145283942141
247,3,438927480626330407
256,3,13638563683399646114
269,3,13479657515263726766
277,3,11685049757386610504
282,3,2349014638649128481
290,3,17276642845374341118
298,3,4265658674431835483
323,3,17412875287642816589
332,3,18404939515615670312
344,3,2428386060713650791
353,3,11961029726766478933
354,3,5689741366801757022
355,3,4345377595382517246
380,3,11614590899390894855
384,3,7475528718598688752
390,3,16062359106211758028
396,3,9917786479840508762
398,3,14974989136140487361
410,3,17236602143713299779
412,3,17303848354790441580
425,3,9647313686850834584
432,3,3811997308991289697
439,3,1623919338610990974
446,3,1146178262942546851
481,3,13680524200891133817
485,3,9902998937998240675
491,3,9604320345824016453
494,3,170000753596769961
495,3,8511363246396601848
500,3,14163707195817395578
501,3,14201515024578791714
507,3,2593734101215477772
523,3,5730690610164539675
527,3,12580292642266548627
535,3,13851272139708232863
549,3,4955446829630958565
552,3,15370613940732695904
564,3,1165555339674644944
567,3,4605552371738338701
574,3,12335550939331504096
578,3,15933137698696296178
580,3,14361091327970287746
593,3,12651376554899819916
594,3,15933137698696296178
595,3,13746658663560506511
596,3,1387375322665875492
599,3,3258965987398975923
611,3,17236602143713299779
622,3,12681575369621370052
637,3,14732135241976631038
663,3,5117633378222328841
674,3,9000815122364358829
683,3,7917632277891592946
695,3,6540214561498620425
712,3,2599033373614038628
737,3,7207963509299923876
743,3,1019463521260793861
749,3,9057161567325628149
751,3,9977716300103180350
763,3,14748708278439642111
775,3,11504280409705694352
777,3,1197856489832654313
779,3,3528368095528515493
813,3,6785258784526415959
814,3,11922255785965406229
821,3,16987804667538138940
828,3,10799214866313843592
829,3,6701428236096390284
832,3,2944605952619589664
840,3,14426344348155246687
862,3,15998094765566373900
865,3,17493863178614596273
868,3,17199657583796780024
881,3,10324281638201136856
884,3,992942368137782479
889,3,4354928867164595947
894,3,10717965735230868646
895,3,14012813043803893086
896,3,11560439682598577922
897,3,6805458633014533598
900,3,8033448692029906853
922,3,11330866369441032609
940,3,8543893793627219967
943,3,8222191689664195992
946,3,8856336149827764108
948,3,8370459693695579716
952,3,10175704572666371091
972,3,13666953975537413636
985,3,5403216460364664240
993,3,8715721549221440296
1002,3,17297391334711366974
1009,3,17504063082029991732
1010,3,14665883811256061298
1026,3,784174768949197706
1027,3,8128779060598461866
1048,3,3252216679108114723
1058,3,6761436260525583936
1059,3,59007486014089244
1065,3,15424823450016080071
1066,3,9065544461501504266
1075,3,3960098483064926983
1080,3,15848372784854553395
1089,3,3326931626423901212
1098,3,11459593872332919755
1099,3,5868684434753833948
1100,3,16327512600915500659
1103,3,1661752333663207506
1108,3,15064748032531513760
1118,3,4048561527322405774
1123,3,14358679560717874730
1145,3,16885594191156133386
1148,3,8628190745899685915
1162,3,5711995896998030221
1168,3,14802999107378753919
1172,3,10750031460803231190
1175,3,15623020437886195261
1193,3,15984611838707507143
1197,3,8740766609789657715
1200,3,12040904671348817054
1218,3,12208332480703595453
1219,3,4412654823146120008
1224,3,14540453592625499807
1225,3,10230411237989543837
1254,3,16385804902525680803
1275,3,15380498567585470368
1280,3,357495218099535635
1283,3,15090000234485233961
1284,3,18091065721344055349
1289,3,17203299455212387936
1308,3,16666902240221279219
1309,3,18391319906269060172
1321,3,17627979538308512507
1329,3,10698444874014745914
1332,3,2125554965715235837
1343,3,9266680529399791983
1355,3,10231205806320162204
1364,3,5255036429630177834
1388,3,13621957240178136776
1389,3,10230411237989543837
1395,3,1453595320826506361
1400,3,9781972024674413407
1401,3,16288037420352947977
1410,3,1581687304626459509
1415,3,3724547702224984197
1422,3,18298815744566842133
1424,3,4473791039876315266
1433,3,5779534882886078392
1436,3,1443081167942433791
1441,3,12677863761160849430
1463,3,16120138970655346783
1474,3,14345394582347707992
1476,3,16459727785131250168
1477,3,11306337250998386347
1486,3,8037301650736183419
1491,3,12792379347384016755
1498,3,5827421856276900649
1516,3,12709206044106861473
1521,3,2177253896774105877
1527,3,4596982020547633407
1534,3,11798041669274107231
1539,3,13849783478577832044
1540,3,3152082323701340467
1541,3,1443081167942433791
1542,3,4244410586732966265
1544,3,14746324153962947947
1547,3,6377508166541561438
1550,3,14540453592625499807
1558,3,2127019770719090968
1561,3,13645784158553498493
1562,3,11988427524477534429
1571,3,11679911871926940867
1572,3,7049039201252558765
1573,3,9281119596735465956
1575,3,2016097158773708446
1587,3,10241722007845539829
1606,3,13406662268583562307
1610,3,16858229643889593855
1612,3,14258632415336001994
1620,3,11873680904818508134
1621,3,9658606572541674686
1623,3,5118200428070314981
1629,3,2563920261848976877
1638,3,2431152333909248446
1647,3,4970329519148894846
1650,3,4306927178187714253
1656,3,5691856767148431121
1660,3,8271941201774399831
1664,3,10756066059643585282
1674,3,2020431789050452749
1677,3,2020431789050452749
1688,3,10558166289030858504
1692,3,5711144548481026834
1704,3,17547273379623246390
1709,3,14309330250955369865
1714,3,17198674812295208909
1717,3,11196069615730671565
1720,3,15692393878211163388
1722,3,14079638352931469471
1736,3,1855008743030420113
1749,3,1792947008395662726
1753,3,12649925041870526764
1760,3,741778207489410966
1767,3,2323459046834649999
1769,3,14493290389267370775
1785,3,2631369693662802993
1794,3,15873011652840270413
1813,3,10537240315722846603
1817,3,1370634052450567486
1833,3,8513903368405925268
1848,3,13625252887715829870
1855,3,1504520436412607509
1859,3,7488347932241805307
1860,3,378973774720144329
1881,3,2096637499465921602
1886,3,2457363677765641154
1899,3,8365728272570107980
1903,3,16720139353339208768
1908,3,15665958930345643662
1910,3,7246938895725795956
1913,3,17004865447395214213
1916,3,5949347304859230223
1921,3,13166067582301095182
1925,3,14277285842827093496
1927,3,5248732608127224745
1939,3,9016957550892416598
1945,3,6032187260617240718
1956,3,88733807002704081
1958,3,1504520436412607509
1962,3,8036493329143572621
1970,3,5096376420635471527
1971,3,12525602329365203914
1975,3,10037029040080629819
1997,3,16960310578553320102
2022,3,12217926148801440887
2024,3,451672465782289894
2028,3,1978551296417711550
2037,3,2825685811007983461
2047,3,6957314310405095950
2054,3,10988753009259808024
2060,3,10009884833100875824
2061,3,7464713928096930868
2076,3,2400096423030480117
2078,3,15143761179466264228
2092,3,8968204801610506527
2098,3,4404379532562807297
2103,3,1709333366680366666
2108,3,4647872406134107684
2122,3,4441857816176230935
2125,3,15435867684273645193
2126,3,6572776057809284007
2127,3,11461943597104550258
2139,3,16484783277718141050
2142,3,3313611645609399345
2174,3,8847514075556021065
2180,3,16938318852148897291
2188,3,9277813326491635085
2194,3,5699964294272580876
2209,3,8685501444370844355
2225,3,2475683367540488569
2228,3,2117604680618912664
2231,3,12875801606554136240
2235,3,13582443810092088869
2249,3,9925981542484552391
2255,3,6487317059897824131
2269,3,15766645732171396812
2271,3,9311141045703867874
2280,3,7792374650331285497
2293,3,6288745000350225021
2298,3,7750608751898873430
2301,3,7750608751898873430
2316,3,13806294847935854548
2329,3,16797192304098098627
2335,3,3474853826792257281
2350,3,11478888819227796611
2359,3,18162014697139792470
2369,3,17313287830024628963
2393,3,14602942644867518011
2395,3,15727444358219973392
2406,3,12971768045199899426
2426,3,2883031254683182577
2432,3,12035392427659631929
2440,3,17313287830024628963
2454,3,2311815077303393403
2458,3,507782821848705481
2460,3,786851035656227125
2461,3,15290978147128502371
2467,3,5203289599327568377
2475,3,13029698188729671575
2482,3,5834594921575587045
2506,3,15186904062129879694
2510,3,11272433222933534650
2524,3,11774984512176233773
2525,3,15442150394182307182
2527,3,17359389978951298003
2533,3,16931696921167812807
2570,3,562713991266463095
2572,3,5035872180110346192
2575,3,16712514210575509036
2583,3,7792374650331285497
2594,3,18432612382613287449
2597,3,5505119978428632678
2600,3,7844481807807219762
2601,3,10046028532326843822
2604,3,17277767527863113022
2625,3,9220099266592774503
2631,3,14128825754476923084
2633,3,6616606683806605375
2643,3,14664280904322111280
2646,3,1714955862209640034
2650,3,5609177583828801252
2667,3,3440873469739970017
2673,3,17220144873628091049
2675,3,4118173012078850100
2682,3,1077183006363015381
2686,3,17749185223088592097
2715,3,950916470161670536
2718,3,18441645221167960007
2719,3,1555267342873003626
2722,3,5914908581772375412
2739,3,1820377982330924881
2744,3,16629456289244963540
2748,3,9704510728940592311
2750,3,12859718998814488800
2753,3,5151133352858421005
2755,3,4472524172929752612
2801,3,8254510601838461541
2811,3,13217464895997523398
2812,3,16947896535433894444
2820,3,17695109331521688241
2821,3,9733281724618127268
2829,3,12261107886907841205
2831,3,9777598249776961342
2851,3,6854693317946220805
2853,3,6782051877650530125
2888,3,7102417622610911457
2892,3,5502474118532567753
2900,3,4885324634753619974
2905,3,3051750280070225345
2909,3,5449128071185349895
2913,3,14932051970868317280
2928,3,14663687409298875136
2930,3,14663687409298875136
2934,3,15847737759269007195
2949,3,433093794503752232
2956,3,8880202118716861329
2969,3,8069585813880225184
2976,3,14362488437261681519
2977,3,8290941147670319111
2978,3,18441645221167960007
2984,3,13426121977436600596
2985,3,134842723514945560
2987,3,2846888027560469592
2988,3,17086325537948516345
2991,3,2983851437902984426
3027,3,3572132560048030067
3038,3,8498920388978334507
3043,3,4138874767033997725
3049,3,11980921107441215590
3056,3,17705504268347427163
3063,3,2309908463110012950
3078,3,6925912819550471817
3085,3,13723417795251157893
3093,3,697797443560507910
3103,3,7654377361421426527
3113,3,13719918170650790932
3115,3,12438392670374897933
3143,3,12182514221509129219
3153,3,4633456170066997890
3169,3,10866662325668556036
3180,3,15547543231711198766
3202,3,10873627083833276578
3210,3,1628538721886623050
3211,3,5201091337495196625
3216,3,5201091337495196625
3229,3,10720584291881501506
3234,3,1903946110757604159
3235,3,16999582712330556219
3247,3,12739940169282398445
3258,3,8217642227438732472
3277,3,13075976081158665734
3285,3,2939003820819290312
3295,3,4582656031362816823
3299,3,14936273071507814430
3312,3,5493861364800451963
3315,3,13523889409381094109
3319,3,7854824307456430942
3341,3,531217528199934232
3344,3,10621657206605092608
3361,3,697108849055443209
3381,3,17909012925388641727
3382,3,12216799331693578021
3384,3,52902605033930174
3386,3,11608033533466608148
3399,3,14351969188988609560
3403,3,10322771620426005772
3414,3,4664984446389589395
3438,3,12705525569337643994
3440,3,6984170100505644605
3455,3,6163862305088177115
3476,3,5149684163318032340
3483,3,11382371723942142167
3484,3,6628984166456891945
3494,3,5397919605112467810
3503,3,16965139650081128227
3510,3,17017293526021861917
3517,3,6858103945942960805
3520,3,17040503853549004218
3531,3,11950813513866690716
3542,3,6507286312136226520
3555,3,8321973884655917511
3561,3,8369481336112044739
3563,3,4121042784360484644
3569,3,11397454883766981626
3577,3,6606525637718149397
3580,3,17811717662724288977
3590,3,5320302236113145087
3596,3,8260895618755176873
3606,3,8219658964564536510
3612,3,17467730511718491677
3627,3,12102625403244820804
3649,3,10546056277987377822
3658,3,2291130828150204064
3661,3,14545248787357581016
3670,3,17974103456555484127
3679,3,4627305125699529906
3681,3,8684916624556172195
3685,3,1654420885049986866
3686,3,1578737382907578920
3690,3,17103064661139668150
3706,3,1027094539780208642
3723,3,5534423998138637271
3730,3,14177003307140070954
3742,3,14372762221148949680
3743,3,8162990938155283131
3745,3,11150568746653227529
3753,3,5847031136961325959
3760,3,6999572013551527259
3786,3,8071682183729919783
3796,3,3800591974944509288
3797,3,2495950806424922288
3801,3,2321646737964864701
3802,3,6550047601051271105
3830,3,6539120244279520237
3837,3,12473371886940797960
3866,3,8176317861787382055
3879,3,16988232036399395638
3880,3,5468751854043139630
3886,3,13023687966546183694
3889,3,13634662356866676838
3893,3,17633018610506932783
3899,3,2164056893845616474
3905,3,10272884100479690272
3918,3,333493410859402712
3932,3,12003776440955337032
3933,3,5632391020678970822
3946,3,15447121212449353367
3961,3,3665680749947478747
3967,3,10272884100479690272
3974,3,10964181313062461731
3977,3,1913533822698071440
3989,3,11090324160659980803
3994,3,5959469687956612731
3996,3,17662127023259827750
4011,3,15790300534715482346
4030,3,5192904719915067633
4031,3,10479900206204131974
4033,3,15591935755530485128
4035,3,4242343410725979053
4038,3,3864856671753063919
4042,3,13049512795160030699
4046,3,12174859080530273258
4053,3,5192904719915067633
4065,3,5660226606530873083
4077,3,3379481743102242578
4084,3,7225656300988045795
4101,3,3541626677784157191
4139,3,3853388713801311766
4152,3,6554488801477364983
4159,3,7728142302515617220
4161,3,17851075620923865634
4168,3,5739078284636277368
4173,3,10923255964018411822
4175,3,14059809053079040557
4197,3,15166104286651370881
4208,3,14850551281976190019
4222,3,7293766876563293632
4225,3,9040452150856732513
4226,3,9634419438232670294
4230,3,8373514034290683244
4236,3,12621990321685652653
4237,3,8235354815634931823
4266,3,13811724511753157753
4285,3,3297362219149192445
4295,3,16001292648388829658
4298,3,14002674973811056617
4301,3,8354189420464907439
4312,3,15714990842554165578
4317,3,3949538615951461664
4333,3,713213841607976456
4336,3,14135162369143602827
4343,3,12413169580166614123
4349,3,2952666096525154687
4391,3,4308655332569978712
4394,3,10394300590605410296
4395,3,11040557532723643818
4406,3,13093575303999488883
4418,3,365076761846332741
4457,3,15751418839324852555
4463,3,9569332527685380513
4472,3,14650216147906121768
4486,3,15334256199858408951
4496,3,7774499259747522776
4501,3,12080933219836873412
4511,3,16230976352880310614
4515,3,17033313266916124816
4523,3,17497642119369622050
4541,3,3796935027531108960
4543,3,7844481807807219762
4544,3,3019681419757018244
4552,3,9357543583890460310
4556,3,4952714865597230881
4559,3,11124348003963714115
4563,3,2673743076196350123
4576,3,1257785308015830290
4588,3,11758475381065631241
4589,3,17919269024182839043
4595,3,8913158434362887243
4597,3,7059810155275070272
4599,3,7043858857374737003
4605,3,11792985195787657862
4611,3,11792985195787657862
4612,3,171336867910427245
4626,3,1540854766919471040
4631,3,10250056104142585387
4646,3,11114487787587108737
4648,3,5196703965110743242
4651,3,13549587241231007749
4669,3,13682412348279475674
4686,3,16830528148351493183
4700,3,7471799588647173919
4703,3,3120506844389140919
4723,3,10830671390286667233
4728,3,1885451390063127779
4734,3,13690829416672133349
4737,3,15138027926963251900
4739,3,11522370460924210289
4740,3,13690829416672133349
4747,3,10860017435910913970
4760,3,16480567221421359343
4785,3,9642752071640759563
4791,3,2527848028461748343
4792,3,15996688030573199820
4802,3,16836025361527348077
4803,3,9642752071640759563
4804,3,8902541988093168000
4810,3,13897391878398063706
4836,3,11058656794389641757
4846,3,17370927065840213860
4852,3,16961168170967841958
4853,3,17660701881514325913
4855,3,3994055023587247162
4867,3,3240733085328520793
4872,3,12241493228173215090
4875,3,4227781285792674994
4884,3,14712373937216997135
4892,3,8541057229131835006
4898,3,3175525817582430307
4902,3,8436683110620946933
4904,3,11929104012173236439
4907,3,5253772555869435498
4913,3,17857706589098901849
4936,3,14425972655359723595
4942,3,7095499598265216662
4946,3,5430456268859535692
4948,3,3940189095143274444
4962,3,8511967889314453796
4971,3,15914321247885259294
4974,3,13636040131302306396
4975,3,5224573961309930894
4989,3,4615176437684363140
4990,3,12404280371548111806
4994,3,18401140348776241992
5006,3,14228937760794979233
5009,3,17095398257714542197
5016,3,11363064084323235121
5023,3,5325994109794562119
5032,3,4686684804682695801
5034,3,2524649947473002042
5051,3,14359048886919784072
5053,3,4390369683862518976
5057,3,3382327440066245767
5074,3,5188502033998683629
5082,3,463502749829321219
5095,3,9160604711563418664
5098,3,17186356446493082080
5117,3,3966398474314523012
5136,3,5177486682950044433
5140,3,8499147230600541867
5149,3,11184173112056107314
5166,3,11265603687305806484
5175,3,1277367313834704060
5177,3,7424200092422464508
5182,3,7644753689079636714
5186,3,208690229114583728
5192,3,87170529525828842
5195,3,7458778837900291955
5196,3,10205658500205943548
5205,3,17171514889559470874
5206,3,6658487389328613233
5219,3,13141437178155317075
5234,3,15598620084459659775
5245,3,17292526894338584334
5254,3,14977677450719918623
5259,3,15442925847990598695
5260,3,4059763166656037001
5267,3,6469391025411312977
5284,3,977236753694861222
5296,3,15595009569331464523
5317,3,13744114379686337200
5326,3,6497947311573518591
5350,3,10726981024998538071
5358,3,17975849035295336254
5380,3,17266620270385779977
5385,3,18076623358829933928
5405,3,16548218256668852873
5407,3,397366711363693609
5424,3,2211144391393095499
5429,3,324940128524499002
5430,3,7471056094333835723
5447,3,18239556594243538510
5452,3,7449437973320495726
5466,3,7301023488062559800
5477,3,9500342225988145596
5483,3,17710614249601639154
5493,3,11097387837722966497
5498,3,8819515443464302989
5500,3,1936295364682522402
5502,3,3530581283124036021
5511,3,10256510298456876049
5512,3,16436317221327984545
5516,3,825154950747180913
5538,3,14902783794185814791
5545,3,7464713928096930868
5547,3,15697677769426700483
5549,3,16986282161424592852
5551,3,6986044523025384502
5581,3,4441857816176230935
5582,3,18003071941574771372
5592,3,3366770383593144908
5593,3,1717950555824112454
5596,3,1816578457365940786
5604,3,4642955848039613189
5608,3,13684576128534995538
5610,3,18093953057868118321
5618,3,5642087827021173208
5620,3,17991015578218981378
5626,3,8409135885126150556
5630,3,8829328716795400975
5633,3,8022809445727500018
5640,3,13598847687247541032
5642,3,3594921920350827443
5658,3,3258281335559184794
5659,3,479265447961037916
5662,3,2531025867524312715
5679,3,17027436901218863561
5708,3,2803071333504444975
5716,3,8829328716795400975
5718,3,5235443466213754036
5727,3,13175382909493402067
5736,3,7815012303576513368
5739,3,11078606072078427315
5743,3,13598847687247541032
5750,3,3094807838753403360
5751,3,15922813945704556020
5762,3,1737776687582999794
5771,3,10720854181690612825
5777,3,7182713183663950603
5801,3,12848052196187556128
5821,3,14337324421880118554
5822,3,16380405796714289277
5829,3,16532332460049072332
5842,3,2579003850870818750
5850,3,17306441028840146514
5860,3,9242914806048641318
5863,3,1921617959147859351
5874,3,8876120068334731108
5884,3,9687929361148474383
5902,3,10969637720696848384
5906,3,5303177010930257346
5928,3,15646698732580609878
5932,3,12896343856284596728
5933,3,8267575419807349697
5944,3,9087547052094340631
5948,3,4820796934781064322
5951,3,10870923590046590782
5953,3,18111235469400720794
5959,3,10450624698423826625
5963,3,1558730254049071269
5967,3,13080806350143862484
5969,3,8409006112744119961
5974,3,16995219260563819343
5998,3,11286094569052086499
6003,3,3695056909125369394
6006,3,11636561261836696689
6013,3,14406151508773887674
6016,3,549821340706125269
6030,3,3258965987398975923
6034,3,5118919984669950547
6076,3,17662103730660174740
6078,3,257741466761283241
6095,3,3258965987398975923
6110,3,9590944328031215360
6112,3,9099228265971538393
6119,3,13515463527909295710
6120,3,4965613930605219665
6122,3,12805822221437470110
6149,3,17679923285898799541
6153,3,15311965443342203546
6164,3,6580767583203752621
6166,3,13555723312621980694
6171,3,6692889803251761270
6202,3,2938906859490918552
6215,3,14668099512217637360
6221,3,18097465303417004821
6233,3,12414345359635366314
6238,3,10659399382549370383
6242,3,7990111256374543718
6245,3,9851623124092978625
6259,3,7872814712185743197
6266,3,9474568470899987351
6284,3,9191145316578359573
6292,3,4261837247410313876
6298,3,9675719196033404952
6302,3,17694645865011755452
6305,3,5425298769035006440
6307,3,16867456951537940958
6313,3,11589296354428467008
6322,3,7573258007813733285
6324,3,10742406809725565664
6326,3,17123489299930699536
6338,3,12456249085941657336
6340,3,12166558224309555605
6353,3,8838105276564453906
6364,3,5373789483870314118
6367,3,2075460531688153565
6370,3,14059917681321042497
6371,3,1482807591984491685
6378,3,15005689391275110864
6386,3,3484263740206358473
6392,3,8452285748917935085
6400,3,490485840644034935
6409,3,7109918687220078515
6425,3,5898066307619344591
6429,3,6727007307203572757
6432,3,3868437275562546150
6440,3,4997238715296447382
6441,3,15312690029145329603
6442,3,6222757258138672894
6443,3,44667429422553281
6445,3,16892341838334121548
6455,3,12766777601722626873
6463,3,8974958936231542384
6474,3,7552087880406762469
6483,3,8627842768350675588
6486,3,2604120558612701760
6490,3,5891178820814325635
6492,3,10757021744265507941
6523,3,12997290632190992025
6538,3,11212976622876788046
6540,3,17357740680200726336
6541,3,8784283574028336436
6543,3,9344115680690874626
6548,3,11797883706803979396
6559,3,838779954698778484
6564,3,3069227526292230928
6566,3,661784855637212703
6573,3,308409564192125400
6604,3,7954806977718488651
6607,3,18071284752404282884
6613,3,11118650291079406716
6614,3,10892270786502073785
6634,3,5480642327016508902
6650,3,6727007307203572757
6654,3,15617306184123940370
6659,3,12027192626599846282
6669,3,11629992544291012180
6675,3,3160732353725126383
6682,3,4839050533808754313
6689,3,8171722360239918633
6706,3,16704266557190674570
6716,3,14333100833575531716
6720,3,17611777751271307316
6723,3,6831087735967654575
6735,3,923004835891525847
6741,3,16848224150086874971
6753,3,9919844411522361
6758,3,3785784409122237732
6765,3,16084373445572171034
6777,3,5942338959734438811
6778,3,7350050880285555188
6792,3,15575500722831094569
6825,3,13573019081539973001
6834,3,14439950078871408661
6843,3,2157053708227849482
6854,3,11213766470713522758
6859,3,1384207181281504484
6862,3,4036937916522050258
6864,3,16896010334021807753
6870,3,12451506053943298937
6873,3,4080639015593070531
6875,3,12534147445495748542
6878,3,4268881213493547018
6880,3,3031258646881427552
6899,3,13279088701925953872
6927,3,10634942224924471151
6946,3,4664984446389589395
6947,3,11924178947451585936
6959,3,14068589195705328500
6961,3,4781282693022609295
6962,3,7740275135735959126
6964,3,14951252792874383361
6965,3,11420021912262766522
6972,3,15713251264124143486
6993,3,5709423947302570832
7008,3,9434190067606120695
7014,3,17333921129436164217
7019,3,12371716400848805863
7026,3,7250737984135579037
7029,3,6390534988599525640
7034,3,7754261817685627659
7050,3,11633676725870550482
7058,3,10868470161187617422
7064,3,8803668049068556157
7073,3,11276568613479834883
7081,3,11261567675247651755
7084,3,11247630803722654899
7093,3,8496599588280566502
7096,3,14003098372151221314
7097,3,8779115772623692520
7103,3,7428230529563716196
7127,3,17394306897535017674
7132,3,11064292746151611053
7137,3,162019194167399560
7147,3,16525847665981788730
7148,3,12038170254150956407
7152,3,12261468588287402259
7170,3,13533650065212016592
7173,3,14651286447108956669
7174,3,24032068322602860
7179,3,7491750634467181205
7181,3,2936388570146487921
7188,3,8602819689323291942
7191,3,1066495221296676444
7196,3,13168205746921258533
7201,3,9231819856773685422
7221,3,6281809803215151964
7223,3,4778065537477448857
7225,3,3023046913141300356
7227,3,4381025422944502197
7229,3,15231349779762459114
7242,3,578585250012566630
7250,3,18424744565865353281
7254,3,13964044071509139391
7264,3,16295694404681338844
7270,3,4990169992879944433
7279,3,17024171717603376179
7280,3,12979819944468579685
7287,3,7402072898424844122
7290,3,11354486123777510271
7296,3,7709127763587153146
7305,3,4615899728001633626
7311,3,643226294697618997
7312,3,17443319015239139999
7315,3,5434906257880421354
7319,3,2857126655490693520
7323,3,11611011788509195235
7331,3,15580674052395323244
7338,3,3602036083634635502
7342,3,15822763375035281003
7359,3,14842704751348225804
7370,3,17930835722669477284
7419,3,11179463257081802417
7436,3,1983386597706756713
7451,3,8946758171921702350
7471,3,3839668059152375774
7486,3,101889007604095517
7488,3,17503326759085223263
7489,3,7185405754490695094
7492,3,376225294975626550
7500,3,16887951567594020837
7507,3,4810922725475748839
7523,3,1800953410049179254
7533,3,13053950409520156966
7550,3,18052238797499520132
7552,3,1235327940732844759
7558,3,5666357020634954739
7569,3,16988223222766372315
7586,3,11766744838524946534
7591,3,11533311952612813354
7599,3,7937839193118996483
7601,3,7312106798361698952
7610,3,3823147941709494289
7611,3,15074653112840880283
7621,3,2989723174549942997
7623,3,17408893723999254172
7628,3,2230392349832594196
7630,3,13327931571028576618
7635,3,4869286342161486609
7640,3,10433063496603663300
7662,3,11739046306743104876
7666,3,4811427874742526830
7679,3,10850802598805387833
7680,3,6403909337528562839
7686,3,6627117945302976847
7688,3,7837180744552307140
7689,3,10361063865725979459
7704,3,12860674332874606645
7714,3,11799675369806289401
7735,3,7082784556354439389
7737,3,8607086390921582984
7749,3,10294773499280447848
7779,3,3424358232203234859
7780,3,2167251143613555359
7794,3,4415472479660326277
7801,3,17325239144081516999
7819,3,13526458606045598083
7826,3,3169247732903334301
7832,3,10276075008593676261
7853,3,17005719917861772725
7870,3,3962246353609877311
7873,3,8455646957656586837
7878,3,13392316536199012428
7889,3,2800875585683972208
7890,3,17421031638809647496
7893,3,7371479374637796554
7923,3,17875887238990001163
7934,3,1274885110002523547
7937,3,10066015422323759730
7946,3,3127902749480854878
7948,3,10906562626523882489
7953,3,1056855413344087955
7968,3,1667906928939187914
7973,3,1064787535916906809
7981,3,13197838406398122142
7988,3,10378248009673879394
7992,3,1674376708642595227
8003,3,10209575815945514001
8013,3,9454285075791494494
8023,3,3920547080333575989
8028,3,16239860222712451366
8039,3,7764084478706697491
8041,3,13245709315079099150
8045,3,4649256223541100959
8048,3,17802899683680157948
8051,3,13919843843741995774
8071,3,7020319557598910680
8073,3,14542283298448250462
8076,3,7414762311392286643
8081,3,13656544399248307301
8084,3,14685818751971532385
8091,3,2750248181184747748
8092,3,10710801249554659525
8103,3,6569258408260467524
8124,3,1642972333605440769
8128,3,17107197971348990771
8133,3,14435724507494425643
8136,3,16382588773165971803
8144,3,14251465797818325137
8153,3,409961254366288481
8161,3,685134047767953357
8175,3,1708346266170179950
8180,3,8933272131797968010
8201,3,9198817358673526056
8204,3,4297958361076449272
8205,3,4599914034430942440
8210,3,6472409868650949435
8214,3,15689012830118390881
8228,3,14584170925632138735
8236,3,15781457443917260353
8238,3,4456516189433551396
8241,3,9403354903169492447
8244,3,13458201139025369332
8245,3,8953160166168576176
8250,3,10574666989015105871
8253,3,4836823149707292735
8256,3,11717692974134781195
8261,3,13542238136284413276
8268,3,17374180355795636253
8270,3,12574532077068428832
8281,3,15308669196877196882
8286,3,8250410892494940246
8289,3,7634512741544947699
8300,3,12360015932691086535
8305,3,9704782437007411376
8317,3,2226778828800094102
8319,3,7011762205861735885
8321,3,10468743228927433783
8322,3,4911668656818021813
8324,3,4331530741635588385
8329,3,17108350397478654615
8339,3,9752689762416618373
8343,3,878773945810250037
8347,3,14921457802606175553
8349,3,16666211490292512158
8352,3,7672964649381516222
8380,3,12991499186570409168
8382,3,13848021621733852557
8389,3,5114209708300244288
8396,3,9945499337973307688
8399,3,18316137991586826905
8402,3,8389920050535822615
8417,3,10722900753375353637
8418,3,13317150587715757067
8426,3,3789101888807858792
8437,3,12138819111256744552
8448,3,1170171784238312752
8450,3,12771809639294581100
8453,3,9051047180821459502
8477,3,14311193428747869243
8481,3,10481828114967635059
8487,3,11125779633418280682
8489,3,4392577086907527280
8537,3,17705684611136870982
8539,3,2574743435425115656
8546,3,1253459948018291677
8548,3,16498205200598613872
8557,3,13380648105740129485
8581,3,13091639610660085330
8585,3,9182624095765629299
8589,3,4045424779974316
8599,3,18170531665713218467
8604,3,7439304485490933585
8621,3,16609532030705649792
8628,3,3855518327912835654
8630,3,10799469855396197351
8638,3,11639099893874553726
8664,3,13117890260092917279
8668,3,4410543819399668105
8688,3,2778792626097774553
8709,3,6491914787991540842
8719,3,13824040415258274951
8726,3,11639099893874553726
8736,3,18099597898546649707
8744,3,13394763468049561872
8758,3,6794366149905996995
8759,3,4148270632067589910
8760,3,9761194643913209337
8781,3,12592150089122783687
8783,3,5848130698246673895
8787,3,14001205852060925512
8792,3,765786813190219138
8797,3,506079841242593525
8828,3,18234920761617298843
8838,3,9756250203518620944
8851,3,7203563683849943230
8860,3,17752634793565797455
8862,3,14823254346478257792
8865,3,3908658512084249330
8870,3,5589449095856670038
8871,3,6011715850394714740
8872,3,16096761753364820918
8873,3,4949692379638125719
8888,3,12652484197709532705
8901,3,13822605155091560062
8905,3,7876358545243588326
8908,3,11369374083880313470
8929,3,17292113457268824051
8941,3,8846854603852322580
8958,3,10457996816944473456
8989,3,16570129446944685206
9008,3,2493304199855448307
9014,3,5743599684398904604
9048,3,14653037729469591804
9052,3,2832883661280972322
9056,3,10627610955056778269
9075,3,18426947999439192811
9081,3,12381972397560650331
9090,3,5948160048170172527
9094,3,1525939266681385861
9096,3,7581794343390097771
9109,3,11079511463589089942
9110,3,17881906272025438480
9117,3,17799604544196750659
9120,3,8030113611896202190
9131,3,18446229596008239328
9138,3,1754714298069523754
9140,3,1652866143695212685
9159,3,9853473350772089122
9205,3,4669793934986834329
9209,3,14068100642620120764
9219,3,8157422837135517966
9225,3,15859815180100071450
9230,3,5501148399660180820
9231,3,9942751102653582147
9239,3,15902543549661244601
9248,3,11931889979159181205
9260,3,8501080721181557555
9261,3,7503607088698699021
9269,3,13940208815247206083
9272,3,721060502696727789
9280,3,3175987999686843751
9293,3,7745309257620300241
9305,3,11690643589773196628
9307,3,2138456232952957812
9312,3,7079994664189835526
9319,3,1628330410078609556
9320,3,15889211428586580454
9329,3,3885484513739927866
9335,3,18231454978479489466
9347,3,11220828389145812020
9350,3,12309762459578861573
9357,3,13910764583722159953
9382,3,7335202040669935261
9383,3,8554651801785662302
9385,3,10846572255657952923
9387,3,6963996886412420367
9390,3,17949293436952050378
9398,3,11225214063187151649
9401,3,10551965088803136587
9422,3,11008887854319642516
9429,3,352059086920607382
9430,3,18352516842598567224
9434,3,377531908486610822
9436,3,13470928169842077370
9446,3,4860307544193163583
9453,3,11521228586566864738
9457,3,11295486337306801466
9458,3,12858059509055051303
9464,3,3333365276994168448
9466,3,8509800914806007683
9475,3,11652088259419483337
9488,3,14607115644333352999
9492,3,8899868052909059821
9499,3,6571370458048605161
9502,3,15706146281566960936
9503,3,10857663046026154645
9519,3,15881712992326997126
9523,3,5776131490216534181
9524,3,4472766240411782795
9585,3,17420369607474244118
9607,3,16000435580103819014
9608,3,4685761997358000771
9616,3,13418725710742389998
9630,3,17021213041577021659
9640,3,375522746454045037
9644,3,4673395933831093180
9667,3,186590973024007305
9668,3,15758120118580378334
9681,3,337528521329339757
9684,3,2134460100959997807
9687,3,9549144636317517062
9691,3,13640294407278721635
9693,3,13926489292586259679
9699,3,14228050573500247572
9703,3,16914861512931071793
9718,3,11839532182583342580
9724,3,3050142830108770972
9737,3,7450992941678133151
9744,3,12047193181333460382
9745,3,3250104052539212091
9763,3,13924402232820965244
9767,3,18059849509425163666
9782,3,2231614781450718729
9783,3,2903423507496348560
9793,3,9862716407128164861
9821,3,17682286142791660787
9823,3,12979583560391264905
9826,3,12979583560391264905
9830,3,11426493216238577097
9846,3,17409029729649630134
9848,3,18389865514018800173
9866,3,16126690374747530301
9876,3,9112238454928112546
9883,3,8381129616940484701
9890,3,4310068701689743248
9897,3,2385377581608666941
9938,3,15121458381407586225
9955,3,15479823344463913702
9968,3,7485959137353797202
9976,3,17983901558632083347
9982,3,13357689322272120879
10002,3,12441479075774749019
10007,3,9448201471734693031
10024,3,7740464270900194195
10031,3,11148215259516828330
10033,3,11667473438476837186
10034,3,12686823437831766986
10038,3,16107941045015853151
10066,3,5977410421201864541
10075,3,6901358022115368246
10076,3,11637568726693650498
10081,3,8790735970623136610
10087,3,4796299491980530703
10091,3,15461767789922023
10092,3,5347383190533244238
10098,3,12752796214439060063
10100,3,4433091363189638988
10104,3,5826279457043022454
10105,3,5789194591516755159
10110,3,9189857760717937410
10123,3,16807888293545742704
10124,3,12135451089018920620
10126,3,269205277432481195
10143,3,17984707206808421912
10149,3,16350294210187394299
10154,3,9354337538520492089
10161,3,4172486032798048969
10168,3,9254777318713050489
10172,3,17055243289955080862
10205,3,12024518305689477671
10216,3,9587839468247811456
10218,3,8108186219965082325
10220,3,10109946823800865528
10238,3,15320155896016954623
10240,3,7326795342316122893
10242,3,10895976218290844339
10246,3,6011116532753676106
10265,3,4304510107175955975
10272,3,1414056056018792054
10277,3,9508258376874118864
10278,3,396587910468846366
10296,3,10447602195612746777
10303,3,9962629097015667974
10308,3,11068009141608345859
10312,3,13901682995515433341
10314,3,1996696371977515976
10319,3,18322110123885318797
10327,3,10560244183652767990
10337,3,11125065956528786297
10383,3,171875522511435218
10386,3,9788171826504510671
10394,3,17016986620085271522
10410,3,10417593262088469031
10417,3,16991534949814019058
10429,3,16328378405705704629
10432,3,15964814597960338421
10447,3,8842977797651348539
10459,3,1711415900961205005
10463,3,14559445399037022605
10473,3,2815557852297489944
10476,3,2220596998664579471
10478,3,8410563648208147830
10490,3,1259371571907190981
10493,3,202470589134845384
10502,3,17000096435039066381
10521,3,16565583674426039077
10537,3,1330378675594467945
10559,3,14185701940883184645
10563,3,2742316678232323976
10570,3,4756921690261763415
10580,3,13978143929322556756
10583,3,16765897619035376581
10586,3,11178002346477880336
10593,3,6061760473017045653
10621,3,9585039733565984837
10638,3,15404642505064558044
10651,3,16989265996225938978
10652,3,1899223140939236276
10656,3,3814364362002827796
10662,3,11374269820405884500
10668,3,17472057979674818914
10669,3,11818648541670152195
10678,3,7180657701372134758
10685,3,11908014090506421653
10696,3,14196998899729641778
10698,3,13225510213345499093
10705,3,7507768515368899385
10714,3,10170572415832019048
10721,3,5514125545064875292
10723,3,1582538857959525770
10726,3,6832152598106456929
10728,3,1783091070897223954
10740,3,16416992853649776567
10741,3,6360661308399972272
10762,3,5534882999975810286
10769,3,15664271128521063070
10774,3,13762951118647428965
10776,3,16820029082201795569
10777,3,15356265922203592071
10778,3,8245327814077103744
10784,3,7656626850187475162
10786,3,8813702922207386043
10805,3,4700552339254561229
10820,3,1541662081349975581
10823,3,14318799270303199141
10831,3,2415627860853526915
10843,3,6481688512326604670
10857,3,2291165869889129795
10865,3,15485941816715675650
10871,3,15784714260535682589
10876,3,594678928522738268
10895,3,11223711371283057495
10922,3,6697811250075717039
10933,3,5925343341887269435
10955,3,1816204871018817777
10956,3,1816204871018817777
10958,3,3656767915709381812
10962,3,15561221159495481298
10966,3,12166932266765940525
10967,3,11409073656771222606
10993,3,16278409335160926164
10994,3,14764008686266385190
10998,3,18263633190915801608
11018,3,13855072370688902252
11022,3,9839197776472785467
11024,3,9491624739360053815
11028,3,7182759678219735023
11030,3,14341980231912511672
11032,3,17595939995689973755
11040,3,2714199737305833074
11042,3,15112647013532938341
11051,3,17260681875887380209
11054,3,15576945978518143708
11055,3,4011806560666239828
11069,3,11678394813191994461
11091,3,12131268259993152203
11115,3,17273480943567247365
11118,3,5707396345672417776
11120,3,12595471743855444549
11133,3,7896750001368535305
11148,3,15664267529650093574
11156,3,3805549508056781576
11164,3,7453073435143842835
11191,3,17220073454469440464
11195,3,5903244275023638476
11206,3,4678590414912649682
11207,3,9351167500266605427
11217,3,14325531402631672035
11218,3,9515314313326213817
11222,3,1146536396531967182
11235,3,8267930427402526611
11238,3,14864836911379999320
11242,3,1459722517957332335
11256,3,7277982973794957795
11296,3,2738618642431840651
11301,3,5069288764605943358
11316,3,11376829444416590846
11329,3,921081609677852081
11336,3,13681073090681895917
11339,3,8788869644031363748
11348,3,15705411706405797792
11349,3,8053004034939111350
11353,3,6121147217466375533
11357,3,13163115651423750480
11367,3,1825039740652627248
11389,3,11582949163824596607
11395,3,502762717579670961
11404,3,9859432252789132989
11405,3,8063731487588180965
11414,3,6513365098039100483
11419,3,17034189649324681868
11424,3,6702357385960574908
11426,3,2479242853880683874
11428,3,1226121014130951165
11441,3,6896147990162447256
11443,3,3766115323394285306
11450,3,6801484784142799600
11452,3,4807757478854597380
11460,3,14123074884317601033
11464,3,9803506855532719231
11482,3,11197182156120777810
11485,3,128986778420583648
11504,3,6896147990162447256
11530,3,9169260099672511970
11531,3,10584360098049577261
11541,3,2215161218389848228
11547,3,7527984778810918777
11559,3,17304717221747378504
11567,3,5504832341441702975
11571,3,18067696085625242835
11575,3,12174785554569142359
11585,3,3628930134489233242
11595,3,46789503561203412
11597,3,18258752491577441902
11607,3,14645445685082119386
11635,3,9933538183574664949
11645,3,10806812050577080552
11647,3,5991693585101723270
11649,3,12044051050714419495
11657,3,16145662855302542830
11680,3,3049703954663415448
11682,3,15515937999949477997
11683,3,16521464979157857422
11684,3,2126448990484808164
11686,3,599486473169408951
11687,3,18430962623472117422
11691,3,2274031209916998445
11694,3,16989092175620741855
11696,3,15854882117758984138
11706,3,3530476993718582293
11710,3,12283891854543891737
11712,3,4026722315135118952
11713,3,1810443384697791539
11728,3,5531682378639888589
11731,3,6826611442298345774
11752,3,7239669706360358552
11754,3,6713588354353824775
11759,3,13320148227660677499
11760,3,4210743847275435053
11772,3,16776652131256412789
11792,3,15847397873552554409
11793,3,4021649693615849271
11802,3,8022601768969252994
11816,3,2826539388028867837
11818,3,12380683046195688199
11819,3,9068620790743470541
11836,3,10205294031156273777
11860,3,7274372020249609709
11861,3,1462019375149684119
11872,3,16663804622469306910
11874,3,4703928271641122616
11889,3,13369937123097821975
11895,3,16525299486263511437
11913,3,14058886025223619462
11927,3,16158881651212073098
11933,3,9301789526093304998
11934,3,7995252922534090183
11939,3,9192595214861262177
11943,3,2610714871701358487
11953,3,8556821256320956448
11959,3,588897790460520874
11961,3,11849341564233035811
11962,3,12464149112680778480
11969,3,7618778269736101320
11974,3,1688922337334644305
11975,3,15960808052461190121
11987,3,18067729941484491281
11991,3,11549187933742190092
11992,3,17114705156832742264
11998,3,10328630220017362474
12004,3,3764655832231369730
12012,3,13492265511162045116
12032,3,8620841729663958698
12035,3,9679168202843376301
12052,3,12637735971788585515
12084,3,8028451318456024783
12088,3,15009835535965598540
12093,3,4442671873308445572
12103,3,6297913321727285783
12137,3,8247356056824946790
12143,3,10501551918293151288
12162,3,17250212291611610157
12169,3,9933076435541288124
12171,3,3056329997930194813
12174,3,3756075634400311784
12175,3,3756075634400311784
12177,3,599847028249008
12182,3,8549833736427322988
12183,3,12633557284696275569
12188,3,15674642104735140816
12193,3,7379259045573052024
12197,3,12683891148783565857
12202,3,8104563658137420344
12207,3,14779632599743786307
12210,3,11664431204089734622
12225,3,17854316861129962030
12234,3,6052839556207548030
12247,3,4792247742177091581
12251,3,647661411053805566
12252,3,4708680373101158035
12260,3,3683272184776648505
12261,3,3683272184776648505
12264,3,7997889025354822928
12265,3,545395442290493058
12306,3,13586880416185089967
12307,3,1134471353736337054
12319,3,6425193332925121509
12328,3,6425193332925121509
12344,3,1325931282789231698
12349,3,11766037268256825010
12364,3,12185413877494579277
12367,3,1241714309129664178
12369,3,9407309572988800601
12389,3,11767262111083452997
12395,3,16419935274461896355
12402,3,6469791141954036199
12414,3,16362655622556483921
12415,3,16825297565762675106
12428,3,3401554063062753302
12429,3,10552034766098274559
12432,3,3444038747104369637
12444,3,9491992490873131044
12447,3,7416209115815428235
12461,3,5667777305604300006
12463,3,8156120914451409849
12464,3,10297597846882597848
12472,3,1613031727965134701
12473,3,6526066567741678027
12481,3,14157979871235111063
12483,3,6374714764898260133
12492,3,4199727699861665558
12493,3,4662010951268895604
12500,3,124221377743896689
12524,3,1321755796795507596
12526,3,1321755796795507596
12532,3,9828640845415260003
12535,3,2412908051801219686
12552,3,1101468723103315725
12584,3,3352730245921232446
12590,3,2424789116601853622
12606,3,15603306215102944785
12630,3,15878687137319973379
12643,3,16297826382472101493
12655,3,17006866431541086510
12666,3,16496052091322012788
12670,3,9542833126461683265
12672,3,7444856168171302193
12676,3,7144315048502418967
12714,3,914404786325373941
12720,3,4922725182329186283
12725,3,14560781178878253080
12727,3,12795188494004101581
12736,3,8307103537886741051
12744,3,8062558682650706612
12748,3,14171364813786806852
12754,3,4611062463449846596
12755,3,12067894701857288546
12758,3,17184172913322902450
12760,3,7484920148170511961
12767,3,7484920148170511961
12779,3,8683223493413618107
12801,3,536471223014837269
12822,3,18010935457534053841
12829,3,8062558682650706612
12842,3,12359489077757097365
12847,3,171207681722188675
12848,3,171207681722188675
12857,3,1658140088344663516
12858,3,1009822326368475295
12869,3,2499918891851915943
12871,3,4138652915851257131
12879,3,11395315123216710397
12884,3,9686469669866988519
12901,3,3939467258714461777
12902,3,5279229642849207476
12907,3,18010935457534053841
12912,3,16627391327877646485
12927,3,14171364813786806852
12928,3,10121758107367495201
12931,3,13728815528940186117
12953,3,18073903509247719269
12964,3,9598597968250145377
12965,3,4337658641508244605
12988,3,16285287863301408772
12995,3,12921152961808026992
12998,3,3537738381208890259
13013,3,12358167781194576616
13028,3,4637839784350849141
13043,3,1466959153509181754
13047,3,7250147366183139230
13054,3,9686469669866988519
13067,3,3335241744773781581
13089,3,2764031256886402658
13090,3,9645049634590461628
13095,3,14456262361535091390
13101,3,1906800410554883681
13110,3,16759943765940329279
13114,3,10684245365090620816
13122,3,4602734462915778989
13124,3,5514494396044582744
13131,3,3586176607832083790
13135,3,5628752094334494926
13143,3,7740223030476811991
13154,3,2599465180171311790
13166,3,18227454704138167702
13194,3,2787908372071696509
13197,3,4602734462915778989
13201,3,2787908372071696509
13209,3,2001675375420367150
13210,3,17621456888167778401
13214,3,386516763849870346
13230,3,8513448546337960218
13241,3,17181162277013730807
13244,3,12917823365019785816
13249,3,9344816324936061583
13266,3,11006636847228917221
13283,3,1626978364270128036
13292,3,1626978364270128036
13301,3,3376970031599804369
13307,3,11338955461861497077
13308,3,621527245486745445
13332,3,13647527781088438269
13335,3,9358347694228591173
13340,3,1906800410554883681
13344,3,881907408305929456
13345,3,881907408305929456
13352,3,12779033447431481159
13353,3,4840510095015555844
13364,3,5981214180671045236
13369,3,13786866395784146264
13371,3,5824352925432737628
13378,3,6334435111918880030
13379,3,5512562630424922874
13381,3,8199087005465518123
13389,3,7483062774453252394
13391,3,11570051977819788846
13400,3,982917092773289125
13411,3,6737349438665269934
13413,3,14349728519022133497
13419,3,11685184197689607767
13431,3,9349668278278930159
13445,3,13598831456172571956
13446,3,1308211859490024976
13453,3,11566034684926308716
13457,3,3216958615639187681
13467,3,13567945594673335343
13474,3,13357346685076393758
13477,3,9549472722243765060
13481,3,15783214785382708685
13484,3,17777865235326154867
13485,3,15783214785382708685
13486,3,15783214785382708685
13488,3,15783214785382708685
13516,3,3281309670759178013
13540,3,1629043274403151469
13541,3,12667284976225673648
13542,3,5831775295500236121
13545,3,16646638210384622447
13548,3,5233019971765073364
13551,3,16646638210384622447
13553,3,16443227891185621405
13562,3,17802655378517491924
13570,3,2149287068176627791
13574,3,11881950853984380630
13632,3,3744730054225224724
13634,3,4045802438327213632
13635,3,9708881380108878738
13637,3,9708881380108878738
13638,3,4498064851105411978
13640,3,17432800631771651902
13644,3,14856419380073014681
13650,3,9874011269736227730
13654,3,7262336985163315170
13655,3,8738509216707521807
13657,3,2593073287338880780
13667,3,5665812064985970248
13671,3,5665812064985970248
13674,3,5665812064985970248
13679,3,2120779602700676707
13690,3,14311235688299309055
13718,3,5616766444306763632
13719,3,16475127055878497276
13722,3,9458984724933686726
13723,3,16475127055878497276
13725,3,3713835119387014985
13733,3,4992587752214196252
13752,3,17560519506985811671
13768,3,17885897301791979958
13792,3,6997060702189436322
13797,3,2090816024499327822
13815,3,11256006774625925039
13821,3,17153073228315109773
13855,3,11785209259285385016
13872,3,7433199571102233902
13876,3,11062831150164387006
13882,3,10193893852874777088
13890,3,8583279530178087346
13904,3,1081289636918958019
13907,3,6671327884543027237
13908,3,15175627353784161929
13919,3,17569192450562128868
13939,3,3299834253980193940
13951,3,10193893852874777088
13963,3,15679029761065923365
13971,3,16389866194130562266
13985,3,2346745648329463830
13986,3,4255519575161253680
13988,3,2346745648329463830
14026,3,3212167876343521706
14040,3,10444143676772200419
14052,3,1210429917149173993
14053,3,17510779970023686715
14060,3,6587032815977108252
14076,3,6691724290032636506
14087,3,8223634947943383382
14093,3,12627668857065013719
14095,3,3623842138178003196
14117,3,15325912065721672916
14127,3,8800101693425320053
14135,3,1503749525897702428
14141,3,2254454493799394522
14159,3,4472438883681685350
14162,3,12620807473852274457
14179,3,16677144819761468590
14203,3,7867154728349301787
14227,3,7311868892085066119
14238,3,2145665764349681298
14241,3,2217815080501520318
14245,3,3210834771269620739
14247,3,9905052522543214309
14250,3,4110474572886387640
14264,3,17904735206853063796
14273,3,17383264590990148747
14276,3,1381200778337746961
14292,3,3170219363905996131
14293,3,5266222632088708335
14297,3,1888976048404497630
14300,3,15974897505879654394
14305,3,10876633947016055202
14306,3,15974897505879654394
14310,3,13369580051576460624
14311,3,7951728472597862194
14312,3,2357930673780786082
14321,3,15506810812855279281
14322,3,3268509064436965113
14342,3,12467035433194919053
14360,3,3239192171542010905
14367,3,5803615422706267247
14374,3,2108890817853542939
14379,3,2827143041814486351
14385,3,18179603924319493370
14386,3,1441028196312608151
14414,3,13277334801786984478
14440,3,6835611823047666672
14441,3,10681500766018497322
14442,3,412744525029396184
14461,3,13438112615168870657
14471,3,1132184995819907631
14479,3,753018150715121014
14484,3,1275454815957530070
14492,3,7955580892785414165
14510,3,3392971868022075665
14514,3,11315788406922785611
14537,3,14516961683907550630
14543,3,5215194564511254353
14551,3,8118244884149768729
14557,3,5955858857504747356
14579,3,8419738250471431044
14597,3,17797843281131859230
14598,3,15638438556139184443
14609,3,8914103464527629461
14613,3,10879731003734982028
14627,3,16918753630245992236
14629,3,17817391523748501610
14630,3,12087614229536184550
14632,3,11581270630415053850
14639,3,3464213877962536511
14644,3,8173347944676517028
14646,3,96984145652144394
14649,3,11886234588439914379
14662,3,3598944235445303102
14663,3,1312618312745400854
14669,3,14316037493963895080
14677,3,3328725282309975064
14701,3,17088615003241154072
14730,3,4254602558575084241
14773,3,12272490517288095159
14777,3,18233731520405914851
14800,3,4309511814435941427
14801,3,11785340861874168868
14803,3,4309511814435941427
14806,3,10568954984957171364
14814,3,5005224660105712898
14818,3,7987409680003916016
14820,3,1468819925973463008
14826,3,1468819925973463008
14832,3,15961460908949116067
14837,3,2885118692546950035
14840,3,6575028965389100620
14841,3,14663919989649303132
14845,3,6575028965389100620
14859,3,2732648150261127790
14861,3,1883841223849328685
14868,3,1226248213959508803
14880,3,2299506834831864200
14887,3,15559067749028973896
14888,3,7981662865988883561
14894,3,12054205037487168677
14903,3,5721075948681397963
14914,3,724911320095343155
14921,3,6763888477274419239
14926,3,14283571678730308615
14927,3,13528126532163764700
14928,3,7303164867464048382
14952,3,14161313711235285347
14968,3,1388660469370068969
14983,3,1135922446124642261
14994,3,749354143685381122
15020,3,13056625082976850897
15021,3,4132225643375397294
15024,3,2573108439766168181
15025,3,900231569415872443
15026,3,73396645241750963
15027,3,15194467429040454787
15032,3,2573108439766168181
15033,3,8831777180973512138
15045,3,13837519303776486296
15050,3,10044735315284565652
15051,3,16425085822874574662
15053,3,10044735315284565652
15054,3,16425085822874574662
15067,3,16425085822874574662
15083,3,10630968359803469493
15098,3,5962595862218776071
15109,3,18364830714757816384
15112,3,18364830714757816384
15113,3,18364830714757816384
15125,3,16715815413347934609
15135,3,18364830714757816384
15136,3,219150964384480426
15138,3,14360718487588166369
15140,3,12321415981983338609
15160,3,10269518035665877851
15165,3,13125129052583290730
15174,3,10889045859827887292
15179,3,18170714362424432063
15180,3,14369283845233286605
15184,3,1924603208677262294
15205,3,3140657272122318261
15210,3,14443861568455758772
15222,3,12093997830904002450
15224,3,12061713516739328943
15236,3,7509899504955524137
15241,3,844594480435929037
15245,3,9294576955685731693
15252,3,9294576955685731693
15256,3,5513192809522619053
15270,3,3483246385925563009
15289,3,13495909740934259311
15291,3,4095333147458612907
15298,3,13137442679564912706
15300,3,4142969616031393949
15304,3,4601543544738157876
15333,3,2388860911705574963
15352,3,17369902209726024505
15355,3,18096948890435179902
15359,3,2047130781716762578
15360,3,15290963731473286415
15363,3,3206454731424556289
15365,3,12599587501749484536
15370,3,16467090367780089394
15375,3,7282072973523835093
15377,3,5810685118843161505
15389,3,9488659810818230105
15392,3,8502132994809213133
15396,3,1044127424936638462
15413,3,8962012859015011693
15421,3,7930021071374189118
15425,3,8538437335994789103
15438,3,3107713838547489128
15453,3,9902055142409523640
15460,3,10313468211742220263
15462,3,18115487257469938310
15487,3,7484345710250774872
15492,3,8538437335994789103
15493,3,2017735174201175881
15513,3,13960015516388827686
15516,3,15435895602681160603
15517,3,7287553719243268993
15535,3,16435056098080347578
15537,3,6268338347067628465
15541,3,10894213950495820148
15543,3,7813475117732982310
15549,3,17735382460346467225
15555,3,6830828976792904364
15580,3,11836667168579248312
15581,3,4160044330241626574
15582,3,15248357001485789603
15594,3,4907434740826674977
15602,3,8044324398613681110
15621,3,6851481058756774736
15622,3,1368372387076461870
15631,3,15574931989426824224
15639,3,5091593248524011422
15645,3,7962534589092512404
15652,3,7962534589092512404
15658,3,9012388941199091060
15666,3,7962534589092512404
15668,3,17393073096506782956
15672,3,8319423373934046199
15677,3,195632075374253418
15679,3,6601219551482414313
15706,3,14053542453971287269
15716,3,3053854646040948364
15727,3,16849233813485346832
15729,3,16460111658338269893
15732,3,15984384706378888346
15736,3,1567730744337647050
15771,3,17265869694457363602
15773,3,1534442926173997152
15779,3,13361041758084450044
15782,3,12209626909129819114
15798,3,1595792249655051932
15806,3,14927992045244484215
15807,3,15442899324555915264
15809,3,15442899324555915264
15818,3,18428107458331932929
15830,3,6038914332241455288
15837,3,17462263095152859158
15839,3,12220144257432050968
15857,3,1406861101291553513
15875,3,14553428056996042455
15879,3,454443074217997881
15880,3,11839433964951650178
15901,3,10552034766098274559
15911,3,4720659713327241124
15918,3,6285261851544569918
15936,3,14527111630317135633
15949,3,2044906130880758064
15953,3,4807206456321812193
15960,3,1926231196665100510
15961,3,1478679596166134245
15963,3,8860738017646394906
15971,3,6745965106694029626
15973,3,9996742651788965918
15980,3,3116573234839433095
15983,3,17176986711467885109
15988,3,15457893720277003814
16008,3,6277772921968467698
16025,3,10381283824163479908
16031,3,17650789240086828252
16050,3,17332335242254697463
16053,3,4565577980659835150
16054,3,10872201196522846526
16064,3,947980753716877305
16071,3,10359630285033445806
16073,3,10359630285033445806
16075,3,8123372858009266500
16077,3,10359630285033445806
16089,3,17219471500708177641
16093,3,2220789364809973679
16114,3,4727647340419735707
16121,3,10752459037590367071
16122,3,12354754314149756245
16123,3,10752459037590367071
16124,3,10752459037590367071
16135,3,16770828334273807648
16138,3,15407424985550862308
16141,3,11217023536613978989
16164,3,13688945221038870391
16175,3,16181743633158089578
16180,3,3131018735535457601
16182,3,16649125900568534401
16242,3,15459646300379953657
16252,3,4565577980659835150
16255,3,7700462191290769532
16257,3,7159142119451902649
16270,3,16539332854287767247
16287,3,12927153642641549700
16294,3,7087064685814869549
16297,3,12444334128421338571
16311,3,7730851840541795852
16313,3,12809192058818848210
16318,3,14376958328181782353
16332,3,10427921370500085751
16339,3,12288567055960591091
16340,3,12288567055960591091
16342,3,7187711146648796757
16343,3,12288567055960591091
16344,3,7872674138970553677
16380,3,12491913159377488071
16386,3,16529941200585000159
16388,3,16529941200585000159
16395,3,17442737142527137809
16412,3,6317032124248972010
16416,3,11652205272074230871
16420,3,8881351700256768327
16429,3,12491913159377488071
16439,3,237070211539754250
16453,3,7231803571816975835
16455,3,11738464333406857592
16462,3,645171951150101525
16469,3,3602003524663726797
16481,3,792308832004594449
16484,3,4510825313030409546
16489,3,4880114218070084959
16493,3,5256831404122087935
16497,3,16309111896199253615
16503,3,4596008338485369433
16510,3,1140202623263174727
16540,3,9592133918900114744
16563,3,4013727586869307342
16576,3,4510825313030409546
16584,3,114220509614392040
16591,3,10756325947027918032
16601,3,15618599627992661152
16639,3,8870310290133750699
16642,3,3560220920569070474
16658,3,4413463119396982172
16662,3,5776291978641198701
16670,3,7152485529607567422
16674,3,5817151408161721622
16699,3,10045920887686142110
16706,3,14458287940222792702
16720,3,3734308389477062290
16721,3,2372828877942753897
16737,3,3151512262696533062
16741,3,13165508310260810829
16742,3,13929121221710843457
16743,3,265983874604645592
16763,3,10615274180587858039
16774,3,16609953092302583726
16783,3,16684427907591609696
16790,3,1628052520835624148
16792,3,5073494776684134754
16803,3,4312041767142995432
16805,3,14285810341004923395
16812,3,17013500876206207604
16813,3,17013500876206207604
16816,3,7948281663399931092
16834,3,2972964882518094573
16845,3,11344421729241631904
16850,3,10754986162137475650
16858,3,9655388427236600449
16902,3,2261733397534270353
16906,3,10368156156616223289
16912,3,791096278865853185
16923,3,2613555087280083619
16929,3,5461906873014932288
16939,3,10695137642060140907
16941,3,5596806410496647031
16943,3,17353847178360551040
16954,3,90525673447858683
16960,3,8627111808073831913
16967,3,17087022208580545875
16974,3,6002253996115648784
16984,3,6440180485281276544
16998,3,869430865659423557
17009,3,1322331414297413454
17015,3,3890657893347497325
17020,3,4366297202352893256
17029,3,13733851024333064951
17035,3,10325311578074871975
17039,3,12854452974834205951
17047,3,18165073066250018209
17052,3,1898646620533778386
17053,3,4108167018299244500
17061,3,13337269270437736582
17075,3,3735552752937730834
17089,3,6557768610400057155
17091,3,3421887642161160377
17093,3,4363887318406532782
17097,3,6557768610400057155
17121,3,4889581735195407766
17129,3,798088655553220036
17147,3,8950749638994448473
17150,3,7947250261166925340
17156,3,15444490837647516614
17170,3,287171479191384060
17195,3,10881135283097590001
17201,3,17715741905730936974
17209,3,15143678855713529791
17210,3,5593582375680494038
17213,3,1294369009609998370
17228,3,8798098721356053875
17230,3,2916920048341299705
17238,3,743635587068512532
17239,3,8309942540923062755
17251,3,1573371859388624652
17259,3,17024240365354970927
17260,3,9239108240387528349
17271,3,6379352849866573895
17277,3,4183383353742588450
17286,3,8066521364881552228
17292,3,5740037937277144434
17302,3,13270952647293061819
17308,3,13850533707798234885
17313,3,16500410593940080328
17322,3,15807015723638361784
17324,3,17046987780430765087
17329,3,7951728472597862194
17334,3,14264622454642555468
17337,3,3187948140195561535
17339,3,17482663368761725472
17346,3,13842506301045406175
17349,3,12980550042657150023
17354,3,1917203606376577941
17355,3,2023372326110696729
17366,3,1005418371263762429
17379,3,6779077927438596455
17383,3,8704326698784307964
17387,3,1027918691094310847
17390,3,4987119048041870537
17391,3,12323979806085355266
17403,3,17335345216662357582
17404,3,10569746199448199799
17410,3,15427320211733569186
17419,3,17058893396381077607
17420,3,17868461556665698097
17423,3,1077423579356490719
17426,3,16016005077176570604
17428,3,1077423579356490719
17434,3,1586253109721915734
17443,3,1586253109721915734
17458,3,2559239884320347829
17485,3,1346673570417040095
17492,3,1027918691094310847
17496,3,7383468535862804004
17501,3,2294028092905980539
17515,3,6149227602137960029
17516,3,2385235457706600224
17523,3,9482724743798850188
17524,3,1027918691094310847
17529,3,6434650224333943592
17537,3,3796200963632961828
17546,3,6314700444240693188
17549,3,16229859235491902710
17570,3,9150782110214204254
17593,3,1266420111363985473
17596,3,8633090896245274653
17601,3,5944851212238189312
17611,3,8629897595642634168
17617,3,5220925968959781198
17620,3,1755127446112364625
17623,3,2871371829413989406
17638,3,6917672432153703381
17641,3,7532385569244199242
17644,3,3491355184583697584
17652,3,15081305550601006273
17658,3,13224893724100782848
17659,3,3941814692599016094
17667,3,3177842881354461065
17671,3,17032952739710156606
17676,3,3592147226388008658
17690,3,10214232421030030222
17701,3,16427392145302793777
17731,3,8607749861829990389
17736,3,262087517178411412
17753,3,8258358107987645756
17755,3,5196537701664815820
17761,3,7935512462221763600
17780,3,9568979303073315425
17788,3,7504116717182942595
17792,3,5947142666610615123
17793,3,2755197460756601894
17798,3,668375868723822850
17799,3,668375868723822850
17819,3,17366309381315847273
17826,3,12721090713959165090
17837,3,12265457262176169822
17843,3,1777259808015995699
17849,3,17005350621844662987
17854,3,9378166938877384292
17858,3,11636147518692963423
17859,3,6918001381928996729
17869,3,4347590634162837674
17874,3,14513900698563506282
17877,3,6394384054639248166
17928,3,13406551954065959363
17939,3,3219985378145920869
17945,3,5218683021979086209
17946,3,9981904842198390179
17949,3,203117225543002712
17971,3,12440864485178085713
17977,3,1993446151799959463
17979,3,7839047368288804028
17981,3,2210019531112023391
17988,3,8879703938599535621
18007,3,14993370011388115334
18012,3,7746760167247107987
18033,3,2689116901555667213
18047,3,16660311732046542187
18049,3,9472326881324790543
18054,3,16881312443075969921
18062,3,8226405507712820275
18067,3,765677897719544790
18069,3,18013675545863462849
18070,3,8881351700256768327
18076,3,9984489860869338289
18096,3,313403767174914555
18098,3,313403767174914555
18102,3,1612186216834788564
18115,3,3966666462274045255
18132,3,10694639688712790659
18136,3,4496346573253792591
18138,3,9982314311881296559
18142,3,12585541310695747460
18149,3,92542478574665155
18150,3,9345690740600186227
18153,3,9421599027179792312
18161,3,16123017944833334015
18171,3,4471804266562419760
18173,3,18183116182177698183
18188,3,7475905531060489001
18190,3,2354637114491320539
18197,3,3015923254903757518
18200,3,3015923254903757518
18209,3,577886919637076075
18211,3,15493404188051948786
18217,3,15310679271311939344
18222,3,6881510508570787619
18223,3,2347088933519473404
18230,3,11685967914932566797
18244,3,11925827512160709817
18249,3,12373148928043601617
18269,3,2972525164066465739
18275,3,1311867884490983833
18284,3,2565665602254242025
18296,3,6665620456647231951
18307,3,11137494657638132881
18308,3,11015824070702911704
18311,3,16045983506366897497
18327,3,15172721365196927086
18332,3,6190313000123351235
18348,3,9572651486477887102
18371,3,9398000147487088974
18377,3,9944952490015362379
18382,3,6657700499002486009
18387,3,3183117941681056208
18389,3,16332308420892865013
18420,3,4875652282689462771
18428,3,11414243231890765571
18431,3,9897826879043177534
18437,3,6446461646111729678
18475,3,18188314933087921003
18480,3,16883955703629285891
18489,3,1310264427334451579
18511,3,1196989018635633146
18513,3,17059146263651134461
18519,3,17059146263651134461
18531,3,17281331864305732140
18539,3,5060887585488005814
18542,3,898113560820984369
18544,3,8895060932077700513
18569,3,898113560820984369
18595,3,13603820689660700150
18607,3,8734332691888233171
18615,3,9094297479196723359
18617,3,8492682022981875800
18634,3,4328842682436449855
18637,3,736274615147772332
18656,3,10237549225448504451
18665,3,9957847923426086120
18669,3,198255304412008411
18677,3,11346516999764580720
18682,3,10327812558831572363
18685,3,14895651451071095020
18705,3,11833408240911748836
18708,3,774108838776960181
18710,3,6951956723149469593
18713,3,17827363110160037101
18728,3,17119345409477377913
18732,3,11833408240911748836
18739,3,11500774343015771701
18762,3,2031296186156706801
18777,3,419863823022239479
18779,3,6091456521137214992
18790,3,15649509543920041080
18793,3,2031296186156706801
18803,3,12820372589823702126
18805,3,13810763517383020962
18809,3,9867456249501678156
18824,3,17834920714699424080
18834,3,14500447339935657146
18840,3,15928527591856825758
18873,3,17007851850205547030
18880,3,18405405483344522705
18882,3,13920012361603642761
18884,3,10587470336687024547
18887,3,6362196870335350126
18893,3,15496401925813597846
18895,3,6407989324051355349
18902,3,13964484261904512683
18903,3,9191676211782964796
18905,3,14945228387083566777
18920,3,17064033947077738440
18921,3,17064033947077738440
18946,3,16411365750345575412
18948,3,17364839782358779466
18949,3,17516158002886793817
18974,3,10287012917419502631
18979,3,7687780392847963694
18987,3,9033054627644155538
18988,3,8207732896962504022
18991,3,14181633378844538790
19038,3,2506777863346218033
19042,3,6261527733926235050
19050,3,1784727119150747023
19052,3,1784727119150747023
19061,3,10678164836058956455
19065,3,11501019277577154782
19071,3,438625805056833941
19085,3,1418043044004399420
19086,3,2464158791306421690
19087,3,18072760806355920848
19092,3,11994058149291381753
19095,3,12639536446657092581
19098,3,17345452605164951817
19102,3,4464633130747956744
19104,3,8071030195880420700
19110,3,8439985666484694292
19118,3,4605666329527385196
19125,3,16982702662977256752
19140,3,3895172785324844516
19142,3,9202893124366007780
19155,3,799861215888076188
19164,3,3589217447679276264
19170,3,9967014520036786664
19174,3,10423319625534771839
19180,3,15434858632522826577
19190,3,9484701146136801996
19207,3,3387738868499683183
19247,3,11561757715803805795
19248,3,3845482072321528998
19281,3,8018035336625422516
19283,3,12781238371183113546
19304,3,9522772374364418028
19306,3,5743334195769063207
19315,3,8382392260837154049
19319,3,354389719528895249
19322,3,7050991755100126391
19330,3,14253149057931926742
19334,3,1803921215543360393
19342,3,6616282313427154910
19369,3,12752300865131077387
19373,3,2802315679827591712
19378,3,7184483163704198846
19380,3,13555187482540518843
19381,3,6701769485944262862
19389,3,2880805655418388880
19391,3,1678297513702300881
19393,3,10378339943144035863
19394,3,13051162517275355704
19406,3,6528759621211195095
19409,3,8673390402559558822
19412,3,55503918900688639
19425,3,11024501839347543643
19427,3,11307647583172501388
19440,3,3582957915314709914
19442,3,18430949954534613614
19448,3,8059865860246113215
19495,3,13164360848234739130
19500,3,1220270075111847414
19531,3,8679078031856530488
19533,3,8679078031856530488
19538,3,9720569234484957809
19543,3,4658070813251201655
19557,3,13245707198690510528
19613,3,2143966125961019847
19618,3,4774136612655480549
19619,3,16805223678307593054
19633,3,5796408368913656584
19635,3,10192834438017882790
19638,3,12043875135252925193
19640,3,8013995339769507116
19651,3,3344585238161446053
19657,3,10552209179420584689
19671,3,17018973244337605943
19691,3,16698192688399128556
19709,3,9937842754718980859
19729,3,758961347488960346
19737,3,13500705208337153350
19740,3,1572438294138076888
19752,3,12196283028780766158
19755,3,662241983349243932
19756,3,17019512486625314552
19765,3,7498647952699337059
19775,3,12044417345742577514
19776,3,17950881275677262536
19778,3,5144163891658063939
19786,3,9239527523218044822
19799,3,7811730062822138307
19812,3,15050054838076127447
19817,3,16605637990112853104
19824,3,7584318896408158292
19830,3,10319381590081781804
19837,3,10833971976387328258
19845,3,16469329599485194361
19864,3,9607465516712277974
19865,3,9607465516712277974
19882,3,4087633610293647538
19888,3,17950881275677262536
19896,3,2870910610667517884
19907,3,15668239439866393317
19921,3,5326245808121434787
19922,3,6318334384037673341
19944,3,785850217507061789
19946,3,3357282044781663658
19962,3,12044417345742577514
19981,3,3857098329521093130
19982,3,14786788743055647317
19992,3,12142792998189146551
19997,3,577265130764391447
20002,3,16250842792542407308
20010,3,16599459240739427834
20012,3,785850217507061789
20033,3,95792800550465217
20037,3,10012757194467199431
20077,3,12364540053668455548
20091,3,12965896518241661849
20123,3,4390282301556167241
20153,3,1077187908487142430
20158,3,17281166843766225801
20160,3,1667334585054508099
20165,3,13315840569705839766
20184,3,663294511724086760
20192,3,9146665606030091030
20196,3,10807395710006690200
20199,3,9009639720253417168
20212,3,13315840569705839766
20214,3,13315840569705839766
20219,3,184127629922206754
20223,3,4333888116226964190
20230,3,10767975783592530897
20244,3,10356323143323214560
20246,3,3318253313494621242
20251,3,13227845949532137318
20269,3,8061941697237253700
20276,3,1866788865991815989
20287,3,4563654622535364119
20299,3,4411093650540792183
20309,3,10053564524216539908
20315,3,4923174710012879191
20335,3,3389697392246059763
20342,3,2854879609171425449
20344,3,8577537667689863195
20348,3,10694013015004920563
20356,3,11633243478835688631
20360,3,11700540646300115801
20369,3,2121620462430372192
20370,3,1124335886955830533
20420,3,156835333178935903
20453,3,14884443226290897874
20458,3,8347558909514310474
20463,3,6658720585559092436
20464,3,15416575049763384323
20465,3,15416575049763384323
20472,3,6335000250249482598
20475,3,11582613654617177666
20477,3,2798608606950199354
20478,3,5654951855269698449
20480,3,15060085103901339221
20489,3,1607201536545782193
20490,3,1893378184378259288
20491,3,5231646912832436205
20493,3,6193736234932793005
20516,3,282525075547079162
20518,3,5901582498432818768
20520,3,3959711085758521059
20527,3,17670951983439582584
20528,3,7137250540426837046
20530,3,15416575049763384323
20533,3,11618997803405054668
20535,3,16057317769959096887
20548,3,1922984519530986193
20554,3,8609950899457559555
20557,3,2890657868096092397
20558,3,7027131446129416564
20559,3,6416273561135319372
20569,3,4095798008764995408
20579,3,7782466330754132693
20591,3,16897680456566520582
20600,3,14468355745151013479
20602,3,17891495639275282926
20606,3,12510898573757120642
20611,3,3822233885686417286
20648,3,9201405303187589933
20653,3,8324677955315843250
20666,3,9201405303187589933
20683,3,16444606001825942172
20684,3,9860508673481088373
20686,3,14549558593837516099
20699,3,16444606001825942172
20708,3,1960093810605823504
20716,3,5595081713690624202
20727,3,4313315056943969441
20730,3,13091689789151165143
20736,3,18216748671712174787
20745,3,13079348214421117258
20768,3,1440523158776968619
20772,3,6691661054296659009
20776,3,14872679421619192749
20787,3,14444926731819397701
20799,3,4188331986496641944
20807,3,15827619408782388293
20808,3,4918589684395633548
20810,3,14758557888695290673
20815,3,11829794045509811364
20822,3,218521233669355976
20837,3,4066067750265775499
20851,3,10638895992158363543
20856,3,11812266927666453821
20862,3,15203727884934690934
20865,3,10258212591885782203
20869,3,3714930212602085628
20873,3,8761136290052977961
20876,3,14626409648948512205
20877,3,8761136290052977961
20885,3,8537646934331730162
20906,3,12521281460228695195
20915,3,17654416594614986930
20917,3,8761136290052977961
20923,3,5418706605335696326
20925,3,14626409648948512205
20926,3,8761136290052977961
20932,3,12082439953699433508
20939,3,12082439953699433508
20940,3,12082439953699433508
20941,3,8761136290052977961
20955,3,858688263709345200
20969,3,10374100860599001868
20983,3,2287370392265444408
20992,3,2287370392265444408
20997,3,10423069713118569184
21005,3,7000747558038127616
21015,3,5505864343906976589
21016,3,5075350165628901127
21020,3,3782812235591818136
21023,3,3782812235591818136
21028,3,2958770146798415714
21034,3,3782141224130985043
21046,3,1710834747199926947
21063,3,5547367251893873430
21081,3,8678728088181221296
21088,3,14836740701652025326
21089,3,14639862940419318021
21095,3,3824249774242781082
21114,3,3403578172680971836
21115,3,467301094337491134
21117,3,14626734368633524141
21118,3,18144358527952191546
21120,3,9867613496152295015
21123,3,8394812578067122353
21132,3,1867780787078856988
21150,3,10431747539883378214
21164,3,12117155330394757680
21169,3,7353214485364376768
21171,3,4954230532610650619
21179,3,4458241832244076765
21180,3,5844436429463349685
21185,3,11703451509943912350
21208,3,15459190088329081189
21217,3,17475546014916053643
21230,3,4532895156552725784
21231,3,10242951768055957361
21236,3,5152159003358547611
21252,3,4791898982387822350
21254,3,4791898982387822350
21259,3,386998644285482584
21261,3,5012609484535814996
21262,3,9065694433824278541
21264,3,5012609484535814996
21269,3,8875034028507400159
21271,3,5948949098554175634
21281,3,13843336856592501130
21298,3,572755059159988149
21299,3,7320029808776596059
21301,3,572755059159988149
21308,3,12233823755676939222
21334,3,7301504897968976131
21339,3,11044010309585123392
21342,3,14433533720534905501
21350,3,17587354207956927916
21357,3,3182309327131932540
21374,3,2651914571027268646
21381,3,15266481062475031824
21383,3,408387009797608344
21385,3,8001735194823252467
21401,3,7035325943533011127
21402,3,7035325943533011127
21409,3,7224952714765832139
21424,3,15717106011936762341
21456,3,14496573165463650542
21457,3,10061701638558581815
21463,3,10402163765562838047
21474,3,673565808372542598
21475,3,18083751066673172150
21481,3,5303848856886591133
21489,3,12721077250959391714
21507,3,1863151366398243867
21510,3,5997764079621929272
21514,3,12030738679594896001
21515,3,12030738679594896001
21530,3,13656518533890339740
21533,3,7024954639681581475
21534,3,8499566296912004892
21545,3,8402508550512833781
21548,3,8841123281191780532
21561,3,15042641589159442961
21563,3,8369940718005876085
21571,3,15266481062475031824
21574,3,15580308177971230089
21575,3,3884853125938231681
21582,3,3334894472208778626
21595,3,16869831982729896929
21612,3,7874395529452993557
21613,3,7874395529452993557
21614,3,7874395529452993557
21615,3,5209318593886053968
21618,3,9673299254923316724
21621,3,2104536596417542349
21629,3,7366802761216983575
21640,3,1957146380983588323
21643,3,10043715031143563950
21645,3,819456880929877727
21648,3,8183623376122115802
21716,3,2590255864706971739
21719,3,15264218827712751252
21723,3,9462805178940703823
21724,3,6136616174750256158
21737,3,16367389118333344211
21740,3,6119306111884091377
21757,3,11452801001925761106
21772,3,6876261698259919442
21773,3,6876261698259919442
21778,3,16056527770380839167
21784,3,5521273589099232675
21849,3,12266081999276361661
21896,3,2500001191000094097
21906,3,5761552633289658227
21918,3,7204024566704633237
21921,3,12829938650643416272
21924,3,11324217661135341793
21927,3,3234628624649548263
21943,3,5039415522702217107
21954,3,16782040554752068081
21967,3,15282036128983383912
21973,3,18408680536339289575
21989,3,10914765551604752405
21994,3,2008203049446245575
21998,3,8874558284777996694
21999,3,17763095685236561269
22001,3,5677102286364377319
22004,3,10671565930169805436
22016,3,6789568267951036812
22052,3,15204523977312749505
22054,3,401400993889911663
22055,3,8397638419874329783
22056,3,8752690463466554107
22060,3,9799204639661401928
22061,3,12508034359517690725
22064,3,8949394603646873875
22069,3,14794190983839498039
22078,3,4294306619834979695
22079,3,10596052313117789341
22105,3,16766313277752082184
22107,3,16958703644285941154
22118,3,8996811361770404070
22136,3,12248648927228731104
22138,3,12248648927228731104
22142,3,8995241135141991066
22149,3,17495068525272756919
22158,3,6989468640405928185
22160,3,1832553745930356142
22165,3,5512909519840502207
22174,3,13576114399800754342
22177,3,15079454109778288681
22182,3,1102419239463469234
22184,3,2557696973193126069
22185,3,2557696973193126069
22186,3,10412085403019143688
22191,3,10147560343588015178
22207,3,138231132779923228
22221,3,16405111182454256463
22225,3,3920720897302792637
22227,3,8540407253151610198
22239,3,2924530745864992246
22240,3,17819728291361018671
22241,3,1397565135959723372
22266,3,11215492787367350846
22307,3,15326919791808637020
22308,3,4277297151817748971
22325,3,18079369936851979708
22333,3,10709806183371256275
22339,3,11505263608654119361
22351,3,6206737559572110402
22356,3,2788657848081326017
22371,3,3838057541582935233
22376,3,3796759219757989949
22377,3,13102240089136786513
22381,3,6548719665577669020
22414,3,16355253061633882974
22435,3,9793028879196921401
22441,3,12591004914669686902
22449,3,16428767815758244247
22450,3,16428767815758244247
22451,3,16428767815758244247
22454,3,15569910871440987807
22464,3,3630909700767636455
22469,3,7704785864170376784
22475,3,9736427653657572804
22495,3,5920770574837172718
22503,3,7980147183991990456
22504,3,16428767815758244247
22505,3,16428767815758244247
22513,3,8555690058236037808
22516,3,3106404602068461612
22550,3,14142878070515266775
22558,3,8531611906508967009
22573,3,9291234151940408234
22577,3,5143608090873204960
22588,3,15522551190129605986
22591,3,13839458074678051962
22605,3,3788329557371385776
22615,3,17417654657769253338
22619,3,7434371506463899807
22621,3,2087553509577047470
22653,3,5503212002874559947
22656,3,15495908955284286760
22675,3,17423793355537748929
22677,3,18129170177223430432
22679,3,1539707332494384720
22701,3,4728350957378595030
22703,3,12591004914669686902
22704,3,13308530864988665209
22715,3,16203112044601920591
22721,3,9644583143558145565
22741,3,12274422555625857881
22742,3,9958256437813569075
22750,3,12366090668372798129
22754,3,905448167797984129
22759,3,10767975783592530897
22767,3,10966640873951374035
22772,3,10758209274706782990
22773,3,3645140791226107604
22784,3,2187631723909468771
22790,3,2286103098384134199
22795,3,16404871508103423127
22800,3,16404871508103423127
22814,3,13654035831308556718
22822,3,3000088760579485714
22826,3,12494909101004393498
22835,3,13600994497816323920
22836,3,953683189140782991
22850,3,7095322888396384836
22856,3,16375403438856045415
22859,3,9381021910885065911
22860,3,12277169512665747791
22879,3,2008525801891111244
22880,3,17123466368211152680
22890,3,13783564375786542510
22908,3,2605861943744887805
22924,3,16117633150617161
22940,3,8301063623382275558
22959,3,704284056529642086
22982,3,15412980294817937901
22987,3,1068990418303489324
23005,3,1419549812026768089
23050,3,5379164317391187287
23051,3,5797654150467623472
23065,3,4245217944544868843
23067,3,17286773412989187915
23071,3,14528784455831132550
23083,3,2584549115794202727
23113,3,6675696125804629625
23120,3,2332840807593393805
23122,3,13909616837882106311
23123,3,5471901442795183611
23137,3,5212633450486947224
23162,3,6675696125804629625
23175,3,5212212707875499860
23181,3,14015160154960927741
23191,3,2917587470924461781
23193,3,13530846418677269914
23207,3,14652551461883542295
23215,3,6787729068872982861
23238,3,7946903350254115092
23244,3,18429267549847597797
23246,3,5682563096924497521
23269,3,14156208496558097314
23273,3,2807073951743512507
23275,3,4268209714255285735
23280,3,136439893404718131
23281,3,24179822750985368
23283,3,9127523641253470387
23293,3,8162606467578436533
23316,3,4047957064541270015
23318,3,1709161035600297760
23319,3,4268209714255285735
23327,3,5308393156080721614
23329,3,2786633147347420597
23341,3,6408437032617469849
23380,3,7414307999171042379
23399,3,2998097812145335692
23411,3,10038222384529603871
23413,3,18235479189613385818
23414,3,5290132598888315648
23416,3,12349725963120160643
23423,3,16583350723887309523
23424,3,16583350723887309523
23442,3,14419351960537301989
23454,3,3897825033621460164
23468,3,936479992260960785
23475,3,5695292274875399290
23489,3,4509295401415673183
23491,3,8853539988589096948
23494,3,11713815305930508104
23505,3,16905107782414664894
23529,3,11520395779531990585
23535,3,202440937701222919
23539,3,15783203780773600732
23544,3,5751291949383721213
23558,3,13539160964960704489
23584,3,11808052844531191674
23588,3,8479001723208696393
23592,3,12645681466055072613
23597,3,4694596634246946693
23602,3,10290559684902513817
23606,3,840025466356439927
23612,3,91411978201069438
23617,3,8034738062202443103
23639,3,15436489174920918514
23640,3,9128255384523832009
23649,3,5047356859069197852
23650,3,11710594748049718114
23660,3,11896859488067264400
23665,3,10044072467100620936
23667,3,12525804697781439566
23682,3,8784838731164492712
23694,3,14762499038249260837
23695,3,10932088790718201654
23696,3,10176067163916405824
23697,3,7408538693436568190
23698,3,794691700041460581
23701,3,15862677775368729860
23711,3,10229708693813429557
23714,3,10176067163916405824
23721,3,10224743855281486916
23723,3,1630051417000273997
23729,3,1246025021080291519
23738,3,15016944645350113459
23745,3,2497115691238046098
23750,3,3057523643289399470
23766,3,15631316436165117219
23767,3,7641695172280120931
23772,3,18087424270057160830
23774,3,14407962329876767729
23792,3,8716116525524293000
23793,3,13937149856742226613
23795,3,5527097029075988048
23800,3,13337178245599633661
23801,3,3516908635899623902
23805,3,13218862744100186926
23826,3,16255419582525893832
23843,3,13699254797474416061
23845,3,5370626935336509862
23853,3,1288571222301209680
23874,3,7514112337444426727
23881,3,10857425296519586181
23915,3,11601431618972869686
23916,3,11780758845784363705
23919,3,1479112295679896958
23922,3,2145072191818709760
23928,3,8099850854257732623
23932,3,17225946316024771688
23938,3,15225920446710768941
23944,3,17519030183295232696
23947,3,18241841306830683404
23954,3,5751461410815265111
23965,3,11785743109784445070
23969,3,12820336560463261664
23976,3,11486196674200040487
23980,3,16157293742666003331
23993,3,17791259048223914902
24018,3,18303335149537071081
24042,3,16950479937504230031
24054,3,10165590129104645167
24074,3,18103238635660853116
24087,3,856956417887235804
24091,3,10683757829335955864
24094,3,10309666741656162530
24098,3,16362912399995615418
24100,3,13500047696820636263
24103,3,14868971094201293918
24105,3,3425510420240201440
24110,3,15585504104192033705
24120,3,9403469654014845152
24122,3,13744181744025882451
24133,3,18184860754400461251
24140,3,3604772628903686446
24163,3,6966590769346969544
24169,3,4697367316101286111
24179,3,290047489051811875
24181,3,5733926815472380518
24186,3,9069283010628621724
24199,3,12729016347640614918
24202,3,5733926815472380518
24203,3,5281596584669308906
24222,3,9589809207629594681
24239,3,15869071834962414185
24249,3,7017195711393607060
24254,3,4769790192265488451
24259,3,16780654496649846366
24260,3,2027950816413787376
24263,3,16916636727881063057
24267,3,11304300593632959538
24272,3,7280819634677450242
24297,3,12379569515763643751
24301,3,5343985031826131459
24303,3,5343985031826131459
24332,3,13001157137318057328
24333,3,13937670349272439139
24348,3,5447443624819248163
24351,3,10338816011937618042
24354,3,5926120407606536985
24356,3,5926120407606536985
24358,3,14353958287974509582
24363,3,10349760553433257342
24379,3,17503863849172907104
24387,3,13371449834943479294
24400,3,14286807128234592935
24412,3,15204923826904959756
24431,3,13265468906547344414
24435,3,17667401810556607838
24436,3,18367536782300160309
24470,3,16053284451235478434
24477,3,3603580669210406299
24482,3,15674427155951691769
24483,3,3688192987684380788
24496,3,12417820550361389912
24504,3,16780654496649846366
24506,3,6977163294325572910
24513,3,11008928325903385825
24516,3,4857539033280572610
24517,3,2805562322512365112
24567,3,6644527342582870512
24571,3,12790924247701452373
24577,3,5995810253631664612
24585,3,6276565889626724494
24596,3,16402141577419843091
24600,3,9624726251686988814
24617,3,12852831801487076356
24621,3,6012782457151443800
24639,3,4550493098795356849
24666,3,7018057946306044870
24681,3,12483842832306658818
24686,3,14041116243108400327
24690,3,2267036244796904684
24695,3,2267036244796904684
24700,3,2591898846642122790
24701,3,13859863155207021043
24705,3,2533374507526949224
24727,3,9684538879371521874
24737,3,4837995237564046549
24752,3,3265473846190104810
24755,3,11929094990038185498
24757,3,3550405132168906868
24762,3,4121883187747545457
24774,3,5863929233606286265
24775,3,17129946253603385228
24801,3,8896996372828129071
24809,3,6653502358723031776
24841,3,12862091320323583756
24849,3,12333937817718057635
24858,3,16098554618720284825
24866,3,10658371986415541628
24872,3,12234486666847072193
24885,3,7797967176826964013
24891,3,13749575876047241497
24916,3,16272037518147929357
24919,3,7189674349885421737
24934,3,4037677077396448419
24949,3,14902756867311415978
24958,3,9000655119228751398
24970,3,9722919918151037087
25000,3,2740503980608591557
25005,3,16246407973003465048
25015,3,15425288595964593216
25035,3,16737035076899373242
25037,3,1666702206354033633
25038,3,13574784805686467687
25039,3,9256836416281549560
25046,3,2308240621370303083
25047,3,17713921297171643985
25056,3,9802791482012418362
25065,3,505173431737790982
25068,3,2697789041624520841
25076,3,8469691285529007068
25080,3,4715958995840446827
25104,3,3801588380633852641
25128,3,16903339147546052661
25146,3,9355346424493364623
25154,3,17210643879769793091
25155,3,11234966793257104265
25158,3,16396021536894941215
25164,3,11425601315996999991
25165,3,766028684762871787
25166,3,14717202469386133861
25174,3,16282371446160702091
25178,3,5417494888989424301
25197,3,4030787768096612353
25223,3,6787940238627915326
25226,3,7661891136037724338
25233,3,14424949140441296381
25234,3,16282371446160702091
25238,3,962763698505239643
25239,3,9795119325846174336
25248,3,12406204129097515638
25249,3,17878237586488792978
25256,3,3172438796059611115
25260,3,11298009670017689224
25262,3,9052782590797064970
25269,3,6021243082912053939
25285,3,11599405840171679148
25286,3,1638628767257078637
25287,3,17896820974317607813
25288,3,11599405840171679148
25297,3,11380110819813382220
25300,3,10045890678027855542
25306,3,3288554986386776914
25323,3,15266007842743244762
25344,3,4476872831791892591
25347,3,13438684617948097006
25364,3,5466372609538559362
25371,3,1869195098986332515
25377,3,8283355971894486363
25381,3,11800750533456272430
25385,3,8988996417984910757
25390,3,4023056577710721511
25392,3,8178919876588749798
25395,3,1424615082952560826
25398,3,11674356533391892358
25400,3,18387360988419367021
25415,3,2363390102455612326
25424,3,7111371968156778988
25427,3,3899461175584295456
25466,3,5680722943806190568
25467,3,7786622326691364094
25468,3,5680722943806190568
25476,3,7786622326691364094
25500,3,8563164059257561017
25501,3,3210721697085924873
25507,3,14339275796548128572
25525,3,10986875344100740019
25530,3,15276379263443333816
25533,3,3695221151816348726
25538,3,15276379263443333816
25550,3,11472948775140695546
25555,3,8087495258147101751
25568,3,5921685187083838631
25599,3,17766874112802178702
25610,3,2015611008011159494
25614,3,14351575255186389148
25615,3,5853502656545712255
25655,3,18042430688729999498
25671,3,5929793686594389774
25680,3,870062878045462040
25693,3,5694024625751362462
25697,3,16841356701021694822
25703,3,17774593574682207971
25704,3,8746844126775847669
25709,3,5674879579571347990
25711,3,3141980052911301956
25716,3,556133229688500708
25723,3,11438202912778612642
25738,3,12580998467738592897
25743,3,7242150391573986003
25759,3,17864925143449962856
25761,3,15657176163567530406
25780,3,14180724177915891017
25783,3,4697892604463372259
25797,3,1748414532308877187
25804,3,12597819742567292322
25820,3,1243225394861481819
25822,3,1243225394861481819
25840,3,18321153063798168348
25843,3,5694024625751362462
25846,3,1359050482347288670
25854,3,11176899533926564464
25874,3,12425967465164181517
25876,3,18050122329379211631
25885,3,10167303174796637815
25897,3,11109688708232330750
25904,3,13533397695200755501
25911,3,4118718088079730611
25914,3,17558780158263827596
25917,3,11292529654368905969
25919,3,4118718088079730611
25920,3,6669538851217945709
25924,3,533203436164347055
25935,3,12350217331873763537
25953,3,17134481989757427330
25961,3,15837885494490639565
25972,3,4093706200215302640
25976,3,9617581811546121438
25977,3,13111327467541795859
25988,3,8353788613212319356
26000,3,997794481101968088
26005,3,1091018100415386035
26011,3,10166370366174151481
26019,3,17116599262968742149
26026,3,14502180211484446440
26030,3,16307065990505228431
26033,3,3537257552508333689
26038,3,10823982909986408248
26044,3,2401809226495243193
26054,3,751884665968574647
26059,3,4468647834378829358
26065,3,15540574992319493657
26077,3,14202279259043636730
26080,3,5359838053888178869
26081,3,742124587176128595
26091,3,8275821710178403722
26100,3,14048207354840413376
26115,3,601866495475152589
26116,3,15731380018715181206
26118,3,13255452706433676666
26123,3,13097546838968350149
26129,3,10066057037114187922
26131,3,16926539546414892234
26132,3,5724167515255657050
26141,3,12618952010986499063
26147,3,4970950973432378482
26156,3,6565134044358878048
26161,3,10069344528478057210
26173,3,6408507426350879209
26175,3,5735010223653442861
26189,3,4955258019105266463
26191,3,3482483249840492805
26212,3,1087335944850068424
26218,3,4168559792572954212
26225,3,18335315020632286218
26234,3,8786727077493522325
26238,3,8786727077493522325
26240,3,8786727077493522325
26244,3,10114498817474704806
26248,3,17006473763587560005
26265,3,7261403511402399735
26268,3,2382393614298992424
26269,3,8475971807707177417
26270,3,11782567167929018629
26271,3,12960099887251353619
26277,3,10722200367755904372
26279,3,13184693552282853719
26288,3,5506059541648059775
26289,3,16354212835406160332
26302,3,4932413870706572026
26303,3,7894317558755865274
26320,3,12369467273209447856
26331,3,706245470127707181
26347,3,12395550088860895571
26352,3,6880175026813484642
26355,3,4142982763671794225
26383,3,245435755593024325
26403,3,1491971877474370375
26408,3,13189984833810426735
26409,3,732694800846468026
26416,3,15655983434681803502
26419,3,11447980007504478682
26425,3,10196820994577326226
26439,3,12395550088860895571
26443,3,11447980007504478682
26451,3,14979754349265460791
26454,3,2239805014829117031
26458,3,12288894960957257025
26462,3,6880175026813484642
26463,3,8023556851199273707
26469,3,10390651476356827142
26473,3,15607799714731742627
26485,3,7796732309211016424
26490,3,6880175026813484642
26497,3,1418784378615044355
26503,3,625978139123981353
26508,3,9303776421594948631
26511,3,6756453473170979153
26513,3,38977971380023733
26516,3,3674401453213951368
26517,3,12093539542876405582
26544,3,6437033180878231708
26549,3,7136289917613508273
26554,3,11378771976240250432
26569,3,625978139123981353
26574,3,4178383192173498766
26577,3,13058428204428381875
26586,3,10964297902259244472
26587,3,625978139123981353
26605,3,4210001336926998744
26636,3,3598369995679841205
26640,3,18195491120881536609
26650,3,16466561691380657356
26656,3,13866850564587877898
26657,3,7665693909906062920
26663,3,330772883461283316
26666,3,16016774020422940532
26691,3,16868621656023829620
26692,3,15263636489361029982
26694,3,10768033261810503037
26695,3,14705659666582815699
26724,3,3286053573982499508
26725,3,2056803048941425485
26758,3,10595894212839820547
26768,3,1321268836401322228
26787,3,13446841108731117034
26790,3,11954079409548914696
26805,3,13270289251817681154
26811,3,6822547923260706645
26831,3,611605094482828937
26838,3,9757538823235968221
26843,3,11788231169108503967
26847,3,12218556576516272666
26851,3,16595661555722117804
26860,3,13066074067470717420
26861,3,13066074067470717420
26871,3,11557922148094387371
26877,3,12496350454751917314
26879,3,4056087970920946646
26898,3,992412951192286109
26905,3,5479988379270058970
26916,3,257634416178988905
26918,3,4618212165398784242
26924,3,17504635487411764303
26928,3,15041273394532477504
26938,3,16293998674929326898
26948,3,14375234382856985000
26971,3,13500939259784976636
26974,3,13449533886068476216
26975,3,10395244922262541327
26979,3,18379946309356228581
26982,3,15523118804445332476
26984,3,16193188316874116771
26990,3,1378432264948275581
26998,3,3952592195996984880
27002,3,4639698475364065706
27004,3,5249359172152808624
27012,3,5209002203697996576
27024,3,10819159535274194350
27038,3,1489540329518562929
27040,3,5236822523460874190
27044,3,18373480945608089333
27078,3,10966009801869189521
27088,3,1615687489927262642
27101,3,18095996911832636162
27107,3,10191339784102433196
27115,3,1448970527734270934
27134,3,8913238474152815746
27142,3,3489060628434705994
27182,3,10327188415966383587
27184,3,13393746820636955341
27195,3,4102909659001608430
27204,3,7228060608168305068
27235,3,12975352850406526427
27251,3,3489060628434705994
27256,3,8671173365320744575
27269,3,15101510327757192295
27276,3,15673094637109857186
27278,3,16800254050831084555
27282,3,12120897771967621697
27291,3,7118949081580036641
27298,3,739313671501521740
27303,3,12155430772168361369
27317,3,11806250146643585384
27326,3,1249997968041337266
27331,3,9030860173434918651
27337,3,1820857450691698415
27355,3,3735495940925845476
27359,3,8010783793763380627
27362,3,10525827552017452217
27365,3,11847874547136592284
27367,3,15109635119661836183
27369,3,4219748627494665254
27377,3,15096966089171365357
27380,3,8356106798098431303
27387,3,14301655899789561620
27389,3,17654683971598949758
27391,3,3658984649398208158
27395,3,17343004132225783545
27399,3,661409748062311074
27409,3,8060851600076222167
27411,3,15068883614939516749
27416,3,16035171140826949
27439,3,17918246736637473272
27453,3,1960708462121702289
27455,3,789529645908996482
27469,3,979676963030009970
27485,3,7032492120165589827
27487,3,2142561286034352863
27490,3,1959456796836165936
27500,3,11382710684050373360
27504,3,2106309338834282259
27509,3,12814521992658159513
27513,3,3658984649398208158
27516,3,13726765620403596577
27519,3,7711433893836763219
27523,3,2165098693467561641
27533,3,1959456796836165936
27536,3,8400103456730759605
27545,3,2355416131046739230
27546,3,8563476107139823542
27549,3,17524281911981705798
27550,3,17587763430662745323
27561,3,4108012584563891306
27564,3,7217188900130568241
27572,3,17204135912010622634
27584,3,14189769714805437424
27608,3,4060873280056561802
27629,3,15643299941170508204
27634,3,15809188873236623827
27639,3,4776075074493322387
27649,3,9920218102447110967
27653,3,15819774897005457060
27654,3,4753404374149310802
27656,3,18284389667609829647
27659,3,8113654534706494821
27661,3,2665047887226023729
27678,3,10293117417961010306
27681,3,15112517417256563900
27688,3,7789065121866517686
27691,3,12557891701590515232
27695,3,10668494009511325402
27726,3,10816195549746909229
27741,3,11781310927962871922
27748,3,3308062197020701096
27750,3,9368839806829243037
27757,3,14292395730388667484
27773,3,3320610928420840334
27780,3,16121350045040566546
27804,3,6260172068474327793
27827,3,4006631125276182389
27829,3,7517371601729300201
27834,3,4811904916277388059
27839,3,7176109516370488710
27841,3,2433555140560960571
27842,3,1807075918057187507
27845,3,16635931938837696075
27846,3,18043915299900797510
27864,3,17945302338263850243
27878,3,5764874320710627001
27883,3,10319179827183777812
27885,3,18434048585815137768
27887,3,917599871837656517
27892,3,9101922101260649380
27929,3,11461653801080196557
27941,3,14935533502731018119
27966,3,6334064425876639434
27968,3,6803883281095836748
27969,3,6803883281095836748
27982,3,12165743159814148712
27984,3,124301141654383996
27987,3,124301141654383996
27991,3,12091184080076035971
28011,3,4944448553892261427
28012,3,197880688968133065
28027,3,4564230297699409507
28031,3,634451936368420324
28032,3,6922695354658949808
28046,3,3575338355917015204
28059,3,15773768228548265292
28072,3,14101359177324077305
28073,3,8321427092066915312
28079,3,5920794679121780400
28089,3,16769389647174279841
28100,3,12533294432100817650
28110,3,17308443349434528880
28116,3,2096968227963566605
28119,3,6786750222497005222
28122,3,1181687053247462972
28124,3,5836078895205696692
28126,3,15116428517233660251
28132,3,354244024983042015
28143,3,10090170566614983168
28146,3,5836078895205696692
28162,3,1826240349976442289
28172,3,5643167185303363448
28199,3,17462659408946592909
28201,3,13046720309336995099
28202,3,10471259197565069106
28206,3,3374255831741711610
28208,3,6904500851139875193
28214,3,10578365810841300396
28219,3,4164688289960996339
28228,3,12622447833902561821
28230,3,13814621310773021491
28231,3,1645301329585159562
28234,3,13482473328009560482
28242,3,4932620573412054475
28247,3,13803483384197100976
28248,3,13803483384197100976
28250,3,6489308506649514140
28254,3,2693004732122938835
28268,3,9325638434834514294
28270,3,12449826427723822335
28275,3,16920247130031315949
28298,3,13016948550545560964
28299,3,13219901934588389559
28303,3,18418943905666458608
28312,3,13745955075840454536
28319,3,11783002026128065879
28332,3,6568519616316574770
28346,3,8140706044009779250
28348,3,14046947277201798986
28360,3,878636595792933047
28361,3,9752594766005602907
28372,3,16043706860260298825
28379,3,12137954953716974052
28380,3,10926799125833092312
28402,3,6378456490170618667
28405,3,6378456490170618667
28406,3,16242879783246097446
28407,3,6378456490170618667
28408,3,6378456490170618667
28413,3,16519735060935235807
28414,3,368465824570094033
28415,3,2127953970093336833
28419,3,11448266462880447279
28430,3,2127953970093336833
28451,3,7189762237222472958
28453,3,13582083546015542885
28461,3,5202739945155579042
28478,3,17795937082688517017
28483,3,7750217969490512960
28503,3,10754957555503184241
28510,3,14500396460762183767
28514,3,2220295339148877489
28518,3,15521156739343378270
28523,3,7457398454827391258
28524,3,2976542275777946464
28529,3,588667650386754374
28532,3,16467669122420658110
28537,3,5311751477234492403
28539,3,9372643819069457829
28548,3,7183725985711082336
28560,3,15611398718866584334
28581,3,5442684823388398412
28584,3,5791263575232964906
28585,3,14881877268599686018
28587,3,13413843360565191229
28589,3,973291966141634143
28612,3,16023432370541490279
28630,3,12972379443639465666
28632,3,13752360692965185195
28634,3,3806740299342303055
28641,3,4610266180493345524
28647,3,4610266180493345524
28650,3,4863878377376877223
28652,3,8002150112989488362
28653,3,5681591042046327854
28678,3,13751049181866505147
28686,3,13751049181866505147
28692,3,15868487537211871602
28698,3,12397995952190276638
28716,3,16884656227487222604
28740,3,8216063880219065534
28743,3,8272620881039917263
28757,3,9891369623921466035
28768,3,3101913195854730948
28776,3,7122155192490223194
28780,3,6421987001796563377
28789,3,17281074901354546538
28811,3,16565591003409052531
28821,3,4980976596915657594
28847,3,2673181204459891391
28871,3,5999067945302732541
28877,3,9845076085713246874
28893,3,989666090228831921
28894,3,8617267651814983411
28903,3,3627491310572226288
28909,3,15703604120037816434
28926,3,8923610179850572689
28931,3,1095549685616322577
28937,3,9243798497705905398
28943,3,11770340631363613721
28968,3,4876005061711893846
28969,3,13926029498790409280
28972,3,7467782741443546262
28974,3,5523604550591667492
28977,3,14923262176698690088
28992,3,17681255243333065803
28994,3,7864586039994687088
29006,3,11237083313112386332
29011,3,16623426175832530476
29015,3,10591201591289310513
29017,3,15119245866850649510
29018,3,5029327631500385331
29025,3,14860313814607596513
29043,3,2562358610834897145
29047,3,5353295351265435361
29052,3,11176257915005688675
29053,3,1400342473171038199
29066,3,7783424449207124742
29072,3,10389768742426415757
29090,3,8534828427138419401
29102,3,2465483750101811846
29103,3,1095549685616322577
29110,3,9709655518579300070
29113,3,295456444534324297
29118,3,7752098280369136272
29128,3,5446749257292904835
29146,3,10467324437176922367
29150,3,12555531632542275708
29162,3,9918430917280429743
29169,3,5743545203609311390
29180,3,5633574335340590975
29209,3,4138472494493591233
29215,3,8292376010567443535
29218,3,15267554665948407326
29232,3,5779806502432963731
29243,3,16714695329399757946
29273,3,3748422573725161243
29288,3,18319287054873306196
29308,3,11369096399502157905
29311,3,17064338339613164421
29316,3,5798858971267219747
29333,3,17756541129258091687
29338,3,6774827172215730771
29346,3,8138393171887667625
29365,3,11750139167181350854
29380,3,17950296605024884801
29386,3,13307323658051863876
29402,3,12574028110518827140
29407,3,1321561513332937883
29420,3,15329501417892389339
29423,3,5950294355085476231
29436,3,9154289856289893515
29437,3,17408635218764020172
29438,3,3550167973220442308
29440,3,17227666451013175021
29443,3,13724921952049438226
29449,3,17149454572089336929
29461,3,5056082733940749857
29463,3,14722752193252673321
29471,3,7484714514200888797
29473,3,3331521127441965082
29492,3,6839829753106366288
29501,3,6254827654688730688
29510,3,10748630605300544631
29511,3,12840781504211310062
29516,3,11471321661367517556
29521,3,846018686810096843
29531,3,4501915448963671017
29534,3,10574836272130434345
29539,3,4200884151702117549
29547,3,18372496797822354168
29565,3,4915958904684519428
29567,3,16540454464488835553
29578,3,2059560218842564756
29608,3,2884131837985448957
29640,3,9991282035747969538
29662,3,10854581623165224637
29676,3,8669842816455694554
29683,3,6479134350840883730
29695,3,3465999726680903402
29703,3,17575940737081417740
29706,3,9345492124485135677
29707,3,3118222288684851494
29711,3,9436203313820535826
29715,3,4363118190665327540
29718,3,11669665725873934274
29727,3,12395420936597436644
29740,3,13162096916584681837
29745,3,4630984765929424231
29772,3,17522667020844985728
29782,3,10611915398721158988
29783,3,14343462468000667483
29788,3,3107434834187754557
29789,3,16313472514266387576
29795,3,18250498971991154787
29808,3,2586278755724256793
29831,3,16898741245419865145
29833,3,13720352609080684808
29842,3,2798350165213969201
29865,3,15295582330125205381
29892,3,17936562301646844358
29931,3,16291316996880057152
29933,3,14300530505209987682
29948,3,8793015326537234886
29975,3,17221907266144589805
29979,3,16027491881887123341
29981,3,8881078507017330397
29999,3,14649317615047776348
30005,3,135986542564488883
30012,3,4669495980754333647
30021,3,18361530246401952380
30038,3,9058674321358450678
30055,3,11966929093747983937
30057,3,4791516889164362748
30059,3,748785479438037265
30061,3,5455879056876190348
30062,3,1607606565043830110
30068,3,6551529128263084026
30071,3,17952521003856105006
30072,3,10166631173881443062
30088,3,5905796861007432584
30092,3,1256743255980490436
30104,3,1543281750831540290
30117,3,3387678268815230812
30121,3,8022250978365102984
30136,3,12654494693025151589
30143,3,16460808103226387099
30156,3,3151917876620468571
30175,3,12116352031475841639
30186,3,1338036366650975483
30192,3,15762448357086721283
30194,3,6675269175236733672
30212,3,2212489285986399615
30216,3,3386676401845158698
30227,3,12693430577437972594
30230,3,8674620494707036177
30232,3,1577608746878054166
30233,3,1240917275077166797
30234,3,1577608746878054166
30246,3,4872295602971480031
30248,3,5485743132864772766
30251,3,12595704257605734360
30253,3,1687830662375163524
30279,3,9184342737247406526
30288,3,369882880642682576
30293,3,6579360436130496386
30322,3,13532469765667411470
30326,3,6826556588353074684
30336,3,13957337121171189420
30344,3,524246844649933945
30347,3,17179553658523468454
30367,3,9253218303429493441
30369,3,7143497201061876328
30389,3,6433081795808712471
30393,3,2423772016234866733
30398,3,17052116642214934912
30399,3,12822144545603765163
30400,3,10777008873116800823
30402,3,4318411364870245442
30415,3,13532469765667411470
30429,3,9854750518678572917
30436,3,14638462098428642662
30451,3,7725880313013620347
30456,3,2897935013828004873
30463,3,13197306645195013119
30467,3,9899538439866704979
30473,3,4148995335212828405
30499,3,10494415058788174378
30502,3,11935925164696088694
30504,3,4006183267157891918
30525,3,16712168595215116460
30535,3,11802478776029384311
30548,3,5847693090937832644
30578,3,15014246859629579979
30592,3,9500135133982167520
30600,3,2919180202093593647
30606,3,13941913775187880283
30617,3,7267985036789065260
30618,3,1364163476344677620
30629,3,12266623903933045889
30634,3,1384107493552133401
30643,3,8412371860989985334
30647,3,14269383502929347553
30655,3,15352258373387461866
30665,3,7160164200504111255
30669,3,6303738150621127139
30676,3,278390038251028715
30678,3,11822571029462323937
30682,3,7885910903720644088
30705,3,11353632665430179137
30706,3,11353632665430179137
30716,3,6781845576300563731
30732,3,18412475952995502725
30735,3,3671517851778279590
30738,3,8647058713084945399
30747,3,16329453735119034944
30749,3,14708919038878818617
30755,3,5983391608199943513
30761,3,7362977517158337709
30769,3,13331088727155888
30780,3,15441618364563283858
30788,3,18050056768628187886
30802,3,8801413284563670660
30816,3,14955824201727433431
30818,3,15589977245334115892
30828,3,14409777327605491238
30834,3,15882340556185903334
30836,3,2421309916954114536
30847,3,13720731576649254641
30853,3,3752072795766596872
30869,3,8981466539231508452
30874,3,4795479260794506812
30896,3,11353632665430179137
30905,3,11147218320340669370
30913,3,11092025593413488533
30917,3,7280922892151590280
30920,3,4907604299169312760
30924,3,16689124115049726159
30929,3,2819416158920127555
30932,3,1174644609745307002
30934,3,214992499487473638
30952,3,459903762847375145
30979,3,12477127251592272545
30997,3,12841047044647950485
31006,3,4972329746288434743
31009,3,5773564375898699376
31024,3,3684308474427986666
31026,3,2150248225439324271
31031,3,17700799648756247474
31033,3,3371947876749030570
31036,3,592146571773313877
31045,3,1712615692288459634
31063,3,16626825162403710942
31087,3,17285020268325885891
31099,3,12669964412964957267
31101,3,8139222212144845002
31110,3,17421797839988494216
31121,3,684829347087326668
31126,3,11959618764559732380
31138,3,5636106882821595348
31145,3,11182209467521000511
31157,3,15324872696388288557
31162,3,9800599157760031643
31163,3,8184263115433414170
31183,3,16381038777749125478
31185,3,10984093382324368188
31189,3,13558861988242186940
31200,3,5403843721310229093
31227,3,5301871004694584039
31230,3,12425913191898929612
31244,3,248306478682518138
31248,3,1656276644338116586
31257,3,9507023002509812654
31263,3,17286046713119167618
31270,3,9784195229715342668
31273,3,11043420393340514727
31275,3,17051673445670172074
31277,3,1321713026681607532
31278,3,71703615093076265
31280,3,14337989930593342420
31323,3,6880718639738231985
31331,3,9138872106920170400
31347,3,291541178843505144
31349,3,13146162845957129120
31358,3,863923567754454931
31364,3,15923801050941141481
31366,3,826835652876699491
31370,3,16194058835689291049
31373,3,14528110862330569421
31374,3,7099647021881547626
31380,3,6386423076487201889
31388,3,3649475013960387674
31401,3,8939083657489164470
31424,3,14082472281976918278
31425,3,1098356487624352481
31427,3,13472520743619139722
31451,3,547652232616943278
31453,3,14462030629830777304
31458,3,3573221279763276677
31462,3,3557917283015032466
31463,3,5028917828498721085
31464,3,12954923431677742536
31476,3,15795929536859119598
31483,3,406306531564570694
31501,3,1335804981930467775
31520,3,5535336330599599109
31534,3,12241793788938071673
31536,3,9084914439454162012
31548,3,8141253426158876071
31552,3,10546893408669715097
31553,3,457849576464953049
31560,3,2962868072763047385
31567,3,1368637528955632734
31570,3,8110340394678352814
31573,3,1194322146833859215
31574,3,4395510709535845774
31589,3,14859341217251435040
31592,3,14859341217251435040
31623,3,14582424311543229875
31629,3,5601542421601556569
31634,3,1379866072494150680
31635,3,6421848569028485353
31660,3,11369916834997325000
31674,3,7250228329091873333
31680,3,7194476775707069804
31687,3,15836121429375654641
31688,3,2508021370416379357
31694,3,2369041570094783873
31705,3,641997187531153768
31706,3,8637322604514659937
31715,3,15844493426371372897
31733,3,9622953729474405294
31770,3,5117150169871913463
31779,3,17950399928674720695
31786,3,4910302241077590146
31796,3,1745359173411369030
31800,3,17728057963852560175
31805,3,11780509975951661997
31806,3,1745359173411369030
31817,3,6116733005115204326
31833,3,3089521110293754333
31837,3,10666293185935171701
31839,3,17873974134087524794
31850,3,2100988981392720836
31861,3,13488640853751828412
31874,3,7889682883766898652
31877,3,17929535313851463805
31908,3,3030624002050829648
31911,3,9946290431338327048
31913,3,1671981817755755062
31925,3,5700900955933739588
31939,3,77582896428992821
31950,3,12470088141144046904
31955,3,10362005859347368291
31969,3,14595308590598040916
31977,3,17887483235180855175
31982,3,12591638715313707444
31983,3,9473771113686335437
31988,3,1578541657916491542
32011,3,2081133873226791265
32015,3,10061811862860050716
32026,3,9138993982589409895
32043,3,9362475641064072383
32046,3,1173168180402606972
32048,3,3456162632377397726
32049,3,13260549257349148593
32075,3,10306555073655094852
32077,3,11478355904849376808
32083,3,9878082822629662257
32084,3,9878082822629662257
32086,3,13743656399499340219
32102,3,13622462975757682609
32106,3,14638745499370589020
32110,3,17406753283097076412
32114,3,12585805127078666449
32115,3,300709431270622666
32124,3,9703109796211403569
32126,3,51417689631138347
32130,3,51417689631138347
32134,3,7209903366313414221
32149,3,12849442588034662323
32152,3,14651743434586905019
32154,3,14581737354274852446
32161,3,8501977578612269589
32170,3,6862958799640316090
32171,3,14743816420485406228
32175,3,839447573810244062
32179,3,13445728721148073711
32192,3,16116686430458771247
32199,3,16188001922581581622
32201,3,3467842295621899790
32209,3,13902241352359707207
32211,3,14689323738247661526
32224,3,13143583137661004917
32229,3,11070345219421346581
32231,3,3639134100774206581
32258,3,8918779059013023852
32277,3,4670913224295777100
32278,3,5901046896168035828
32283,3,701072966644747120
32284,3,6362204533642896639
32293,3,11205899525614619208
32299,3,7757627355216736681
32318,3,5605442884782151673
32323,3,13993040486971444435
32324,3,8569304723840121261
32326,3,13903956862970729777
32335,3,13400775261514781226
32336,3,8841265472889749610
32343,3,14118083940769303071
32352,3,6601171081960302214
32354,3,17458001239259410801
32361,3,15563967253713330387
32378,3,1395175183917403549
32381,3,649511683626926136
32385,3,2150599619643885429
32413,3,3604905661910203073
32417,3,13937379827804118709
32463,3,15637706359358318249
32464,3,7097391758165044311
32468,3,14886417949124030459
32471,3,15970131052336453625
32483,3,16914112375390408326
32491,3,5399238359028660627
32506,3,7239580013846412769
32522,3,15678712509013942543
32527,3,3523317026809149610
32528,3,3055717340525636005
32532,3,2084154465178649040
32537,3,18125521657106739148
32552,3,8463698921615191308
32564,3,14052094918149425725
32579,3,12446709753076683435
32598,3,3287339260203942947
32599,3,15368122990042365202
32607,3,2488268521175806342
32609,3,15882668038747224900
32614,3,9447782627726160881
32621,3,9120532987047823392
32634,3,6161602599004168324
32635,3,15137365397462706148
32636,3,4672355252101271216
32638,3,9120532987047823392
32649,3,7086320557197469623
32651,3,13699990262902018210
32656,3,4002832353298596745
32658,3,16675329436637689079
32659,3,7944630272063369095
32660,3,7944630272063369095
32687,3,6517947355078217778
32700,3,15903390240997680999
32708,3,6486092547193891048
32712,3,13921598152309925245
32721,3,806948771632530281
32722,3,18060180352530824392
32723,3,806948771632530281
32725,3,17735402388766302765
32731,3,1561805615413829956
32742,3,9112472793013762635
32745,3,9112472793013762635
32753,3,1370124324737087025
32762,3,9990112633443194941
32765,3,15382600363972627570
32776,3,5590567612032486747
32777,3,3000709405766568974
32782,3,8639132662494356798
32784,3,15149020289608735291
32786,3,15431020662213437999
32794,3,7764539142643781730
32795,3,15903390240997680999
32796,3,5988928383007160257
32797,3,10616287622698995645
32833,3,9004897822784791695
32836,3,4068386308668710469
32837,3,4068386308668710469
32838,3,5833157969537445659
32839,3,9885716320375990446
32852,3,2989284101042056146
32853,3,10065375379890005460
32867,3,9755192266639359191
32870,3,16675329436637689079
32873,3,13154900884360266777
32884,3,9907899720909596856
32904,3,14578655646764954234
32933,3,13154900884360266777
32935,3,6712560217476953582
32952,3,2199351536730616700
32961,3,6104211888114390559
32962,3,4170645829280559942
32966,3,11838319393761050166
32982,3,6574256902667816183
32994,3,18329442473538206108
32999,3,6877160848169390288
33012,3,1068528451594927897
33017,3,4580743507966289613
33019,3,6576555426769499926
33031,3,12588788854945595783
33053,3,17602163210367326901
33059,3,11267462276221481789
33065,3,1599574604589125846
33072,3,1829993452370049645
33078,3,10120320703763551674
33107,3,13407593480910349004
33123,3,5682942198088242215
33129,3,5725580370137339644
33135,3,497011240301507796
33140,3,5350809515171676049
33148,3,15386834865573656942
33152,3,17753953017449638169
33171,3,3427713938481253414
33176,3,14947545892703258256
33189,3,1301685224308965336
33190,3,13802083977669791964
33191,3,6833542860617846003
33192,3,9660194268140795082
33194,3,4802674442187783844
33195,3,9660194268140795082
33205,3,1577198766771564628
33211,3,17607913251352192831
33221,3,13703180148905018365
33237,3,4365117077867964407
33252,3,3443810366287384594
33257,3,764106874015680399
33264,3,5605897145131902273
33270,3,1309556413891850588
33282,3,14045634711137018862
33284,3,13617729484589826907
33303,3,2295781066939175121
33314,3,7847506867567166355
33325,3,9589678534718458170
33332,3,17274372433070648492
33335,3,401488415520102562
33338,3,401488415520102562
33339,3,4053348966923706522
33341,3,12482358192719296254
33354,3,775105044751913621
33358,3,6020074901410120140
33359,3,775105044751913621
33362,3,4301139935337483372
33365,3,12545380739475557523
33370,3,5605897145131902273
33383,3,15493878838249301748
33399,3,13788065461401985634
33400,3,9162646704995706683
33406,3,5176494629605339519
33411,3,796811647863135447
33413,3,8787171716818782388
33417,3,8807636519663437631
33420,3,8807636519663437631
33463,3,6613885181981063654
33471,3,550364711079557896
33475,3,7528600142729191312
33479,3,17296510922011318908
33480,3,13896043874278093773
33490,3,3211305327538893831
33518,3,5790777998102363356
33530,3,2279862987294175868
33533,3,3461041070801451507
33538,3,10120320703763551674
33546,3,9443615967478245549
33547,3,4370744722771434741
33550,3,18342359991552122919
33552,3,1051808219482878506
33571,3,3978653066628293298
33592,3,3799311286844880421
33597,3,12180191269498928780
33610,3,9291376898412405432
33611,3,17095439331993105380
33615,3,4471765990341247069
33621,3,8468375697188153531
33624,3,7307211337136838200
33631,3,5410158254258131583
33646,3,15455906772344818627
33651,3,4589192537648827634
33654,3,18147649015018664545
33658,3,11504483044873586303
33660,3,12013403375702716364
33663,3,12169884654894104742
33670,3,1132953398334448694
33673,3,3006016940521783023
33674,3,17174663590996060364
33679,3,4350781541948505870
33680,3,8657586368045791396
33682,3,2573026191020167500
33697,3,7542666004666336817
33704,3,4703557783330971646
33709,3,17492300020194529900
33728,3,15290143187539650869
33731,3,6415308486981524506
33738,3,13328290942002290376
33746,3,2374031932107276557
33748,3,9682687833611937427
33751,3,17287589304064483193
33754,3,15065485669598133531
33756,3,9042499940651100381
33764,3,3062771422516277446
33791,3,13928810209361035384
33793,3,14100290860969416266
33796,3,9874439195045643785
33802,3,2094040193018255192
33807,3,6700099956066697014
33816,3,11896482335704113091
33818,3,3650990003235164968
33819,3,3650990003235164968
33822,3,13884265942573880299
33843,3,13354674252601877716
33854,3,16244905211549132790
33881,3,14879015309243723474
33901,3,13928810209361035384
33913,3,6958828326037451614
33914,3,5873887367998015057
33919,3,844206128024795542
33931,3,16241145769354919918
33934,3,4315606610429845573
33935,3,3863087994020151187
33941,3,8210053673767151447
33944,3,16254394033377777213
33963,3,7631892547211306654
33965,3,9713976746191145404
33966,3,17780074885295722493
33979,3,6238445168913728552
33984,3,6238445168913728552
33999,3,13209758553544740342
34010,3,11787260208564286117
34028,3,7730064962472857214
34034,3,14682285308672955720
34044,3,4287422221626171934
34056,3,11889604246970623367
34094,3,17558954458430182050
34097,3,10137689662205744464
34098,3,10849605865902198143
34108,3,8296461217894379349
34110,3,7890373769205844210
34113,3,4947576736887942084
34124,3,3017775232291514243
34125,3,13911361758730836396
34131,3,807699321867901819
34143,3,17578601613455875898
34150,3,1782772316830515546
34155,3,7144417251226747374
34165,3,11934722195226671235
34169,3,11055566814948277777
34176,3,11423960854805285290
34181,3,12681223251504516786
34202,3,8083102580287520016
34235,3,9294553351922444971
34251,3,3458591641867391932
34256,3,9394314743231917533
34282,3,14843598142377176540
34285,3,1350626869972717544
34303,3,12088426330740819823
34314,3,1861870131119941218
34320,3,14212953968239802989
34321,3,14541230988324986173
34356,3,14178469338263648256
34360,3,5496431714750341325
34366,3,5496431714750341325
34368,3,873309911935176355
34384,3,5496431714750341325
34397,3,18191087797654847611
34402,3,11502399613765329690
34412,3,16378051734248954757
34415,3,10178421920753109281
34426,3,15634566795130893498
34448,3,17227047429711672655
34457,3,5610091386913572797
34465,3,6801793458064412725
34491,3,4348313020356279851
34511,3,9431173176762379890
34525,3,9410970989439825056
34528,3,9969542532638112875
34533,3,16383699869503180821
34544,3,5496431714750341325
34546,3,4822792346787755739
34547,3,16902999373801547128
34572,3,13694865516913744484
34578,3,11479076113220794069
34596,3,18129320023538996165
34600,3,11741294631344119925
34602,3,17600404530003584985
34615,3,16383699869503180821
34630,3,4633456189981058414
34635,3,5196883057904597477
34637,3,4908344489865161720
34645,3,5390960544395326480
34650,3,13750986184285002377
34660,3,2802963103188565450
34665,3,17912910220406748466
34666,3,3207993475895220140
34685,3,9952172289550790941
34687,3,4509751837560043796
34726,3,1756857508963513616
34742,3,3670239884552303082
34750,3,17042383388183518991
34757,3,167712216771705503
34759,3,6224740010366442743
34763,3,9110053602271687481
34768,3,6738227485707536673
34786,3,11378186171895354370
34791,3,16778869306962939157
34796,3,11835312707316497110
34803,3,1119932241562454028
34828,3,5515339849810831198
34837,3,11504636709072988733
34838,3,13747598270667172415
34845,3,7615425187517708535
34852,3,15293369677477372203
34861,3,1851362817566468784
34863,3,15787192401486375261
34884,3,2627671992079298206
34886,3,16467012470180358890
34887,3,3938402703750499883
34889,3,4105554238022665759
34893,3,7907402446637115891
34901,3,13493659187662592926
34905,3,9007979838556168445
34908,3,17848195265322096172
34921,3,9229109991153373649
34925,3,13834654667769489952
34928,3,2522645237212518662
34934,3,14946964614917982168
34946,3,4508655462349369458
34959,3,13868133271867937769
34964,3,5091737808901158309
34966,3,7286392061574723090
34968,3,6106616351595483580
34999,3,9078246279823295178
35012,3,1814672530825533496
35016,3,14558902047749309
35017,3,5314324008403901762
35021,3,6821281401073107483
35028,3,9446418673094762155
35042,3,16514219792109286512
35056,3,9150040811143697772
35059,3,12409413979238774435
35071,3,14956768316561461566
35073,3,15616064167760674144
35094,3,12111913272244286911
35103,3,15612570800518500363
35147,3,15331339682409575776
35150,3,14827601229923961020
35154,3,7867552236013360128
35160,3,4832136988870431789
35169,3,3253028250504267957
35171,3,2405195371737675837
35176,3,5846854757575466431
35177,3,5353263121107942835
35180,3,8032320936936476470
35188,3,9526038564141302164
35195,3,16010340508249039435
35200,3,13439032755119053249
35209,3,6531588476502631525
35221,3,3059544443630012460
35223,3,17183846437845559637
35229,3,17961382103981321514
35231,3,13808098641738709894
35233,3,10278616387334577571
35262,3,3485575114609358147
35277,3,18162252160279984496
35291,3,4445428291064486948
35300,3,18149490967915482764
35305,3,1840920966963184489
35309,3,1055503388588758867
35320,3,11834446137376403402
35325,3,15777666802200912386
35346,3,13168668065467706837
35362,3,832918885086483727
35363,3,1882802058461634418
35367,3,13596942279480291763
35370,3,830313683437873393
35374,3,9488297116145040610
35380,3,17974302427944921998
35382,3,12208966648297184852
35385,3,7237818662108211352
35388,3,3436572232377313330
35389,3,9389801910184234571
35411,3,17511929351453909264
35413,3,11892585561205794721
35417,3,10939373546497681053
35422,3,14101282766972352322
35424,3,13494572859633172632
35461,3,16376412191922719472
35463,3,3490337085385291118
35464,3,5642768409347719193
35466,3,15478225691524918606
35471,3,17031016787277728029
35476,3,9615175327514617847
35479,3,11183889952066332561
35495,3,15051477157095494107
35505,3,5738898896563850263
35506,3,135486342421354603
35535,3,10068560353279139010
35537,3,7742040433990733901
35539,3,7372151016303993414
35541,3,5013178098453010443
35549,3,17936150200320333599
35550,3,14221476699863511967
35552,3,17936150200320333599
35559,3,10068560353279139010
35560,3,8377870617553889417
35564,3,13311668984283972532
35569,3,2677921402978645623
35593,3,6475543192708194578
35596,3,4794799764262001490
35597,3,11003994426125801749
35621,3,12040602871171876108
35628,3,554195752576876468
35629,3,554195752576876468
35635,3,7630383645475905548
35655,3,11100377481928334080
35661,3,14468909255066132903
35668,3,5275428861587626791
35672,3,635678939248094735
35674,3,5765765533953631591
35675,3,13080541019435318859
35687,3,1985057169539864512
35689,3,960383440295347308
35695,3,4081716409420233072
35726,3,9402336798190574101
35741,3,13494572859633172632
35746,3,3409406490566868689
35749,3,8686600463172796446
35752,3,724518833463386687
35768,3,17653852068032269645
35781,3,15254745548510233915
35783,3,10010140552612784125
35785,3,1181211194894290035
35787,3,5416866657040679868
35791,3,12169038631766879346
35797,3,734583853340546836
35810,3,4519409055437123407
35821,3,5765765533953631591
35828,3,17723774663772876967
35829,3,12991693968141113845
35841,3,5324170669656329774
35848,3,15795580281280681530
35854,3,4849536904204237526
35878,3,18259847247495296458
35881,3,13838826057098559356
35895,3,13330793094738611246
35897,3,1185119552540071640
35898,3,4115180164004266823
35910,3,6361730157174242722
35913,3,17275850677856817636
35918,3,8715394127784929165
35935,3,14270357288023874432
35945,3,18013580863655631367
35948,3,10896438426961107343
35950,3,12976108771842585583
35951,3,4874450411413013229
35957,3,6653381055602396954
35968,3,5548076786052742624
35970,3,4232798051427597130
35971,3,6996059538507416719
35980,3,4190134111083069643
35991,3,8218561234632360638
35992,3,12455287680674390985
35999,3,1602172722452382342
36004,3,7048093077184126719
36015,3,4044818260220438738
36032,3,2564424456083659935
36037,3,1315774095410287034
36068,3,4899923132363913714
36080,3,8932051556882492983
36084,3,24684639178485071
36086,3,13543923852423324871
36091,3,1279732682207876753
36097,3,5277704406497403316
36110,3,322505533687990427
36121,3,8596107962037978010
36139,3,110594740735521281
36150,3,11247563695784826729
36161,3,8934044193349890802
36180,3,6865418642945065973
36185,3,14877044835747760562
36196,3,5587077392196795101
36201,3,16870617533769651907
36207,3,15644306586284303758
36210,3,16590108836330165540
36230,3,12214241639480637980
36255,3,4895943648471783986
36257,3,10002723661466416080
36258,3,10002723661466416080
36264,3,4455139085340904853
36279,3,10193612175772095343
36286,3,3548172119077374039
36288,3,17149515016283476565
36323,3,15611461112277844187
36346,3,5582378561071247700
36352,3,17916311571431437065
36376,3,13561548799511454721
36386,3,17916311571431437065
36394,3,15954596032754121227
36419,3,17850177999468032252
36422,3,15853040857657062867
36424,3,2670371361405473533
36425,3,543009636220813304
36427,3,7438857376123027743
36434,3,12770920836582548680
36461,3,8373091478362181805
36466,3,17943498117081745731
36467,3,17922978655095813560
36469,3,10461982503198005324
36474,3,7962591940765809263
36475,3,6005514959502731497
36481,3,16717059331938790157
36486,3,10242488628166072726
36489,3,9376249966361008963
36502,3,13965652747201512721
36511,3,3432183310532407215
36527,3,4501231030410507417
36530,3,14193882316960266020
36533,3,6974723367666567252
36547,3,5581909405039292579
36553,3,3982415111637458929
36557,3,193037903560103382
36566,3,11678376903829600873
36571,3,17613302728119794753
36585,3,11219287024674659053
36590,3,1269289969159665272
36597,3,6432623589406649040
36598,3,15684669437498879135
36605,3,6353008140255959470
36608,3,14052232192339847959
36616,3,4006056997090367982
36664,3,5744419633882241309
36666,3,12311166631183590252
36673,3,13790091828849500702
36679,3,5744419633882241309
36683,3,4988724732464617179
36687,3,5267498280279561081
36690,3,10121935981789381896
36696,3,12490582486846467771
36704,3,7742201462579755398
36709,3,6825954139012969801
36713,3,8338556374108004333
36715,3,15188744360068322504
36727,3,11529942419247662949
36741,3,10537807572421689860
36747,3,293982284740316504
36748,3,14197582935626623236
36774,3,4322516999820572562
36776,3,14596229935643586667
36777,3,16001097643214625481
36787,3,5704368217934369777
36802,3,14934345166194191865
36805,3,14071749261583559648
36823,3,13685107845970629236
36825,3,17296264509196762755
36826,3,931447096527659018
36828,3,14942753322504718293
36832,3,8161914795571831250
36838,3,1845502754085828004
36841,3,276112195674750820
36850,3,14043190223700552851
36862,3,3094742848515247010
36880,3,13965944969086632160
36899,3,3781159235704455894
36919,3,17492681661931344589
36926,3,1580896617896885112
36937,3,9973519573964782065
36960,3,12586185526402717871
36961,3,12554008454528843951
36964,3,17890755654751998689
36967,3,17035989294210260215
36985,3,4773449222897488568
36989,3,5058937754183282867
37024,3,5371394498825716894
37027,3,14953692939066500551
37031,3,11377092243853785057
37039,3,14968056364642832566
37057,3,13246878567652891636
37059,3,7091955735366952011
37073,3,12783596092518604316
37076,3,12687205386715550443
37082,3,13908166646148924178
37086,3,10092420287437790070
37089,3,17671648398807160937
37114,3,8599700362061569338
37118,3,6836971875625493298
37126,3,16033978205826303622
37127,3,13210794126576565959
37130,3,8311556967286920742
37146,3,12442090894966953817
37165,3,1056127071636806321
37176,3,11388094946815379132
37183,3,7353860226183552952
37184,3,13975054790073001329
37190,3,7664025246464451650
37192,3,7664025246464451650
37195,3,7664025246464451650
37202,3,2722472389991525138
37210,3,2696437509038327082
37212,3,18232049208620541401
37248,3,11368283678154610849
37253,3,4976825476600265072
37260,3,3812508551423130790
37261,3,4976825476600265072
37267,3,16044183671384768141
37270,3,12472509156175718464
37271,3,2208523494062515711
37283,3,6152869398574674412
37290,3,14235722487483048174
37322,3,6986666491852029221
37336,3,4827137442282341988
37355,3,12201013716023341147
37361,3,13516448817766256115
37362,3,11208154510864942886
37363,3,8088006368445863313
37375,3,12856735567142675214
37382,3,16095707646564668803
37385,3,16095707646564668803
37420,3,10460242319488926430
37423,3,557988970840709195
37425,3,12188918582712441731
37429,3,17366180992284138164
37430,3,17366180992284138164
37431,3,17366180992284138164
37433,3,8637126783657866577
37439,3,11314840063335046665
37441,3,4569940365853660207
37443,3,1780092018720332934
37447,3,5965568747075111650
37448,3,3681605089942716414
37449,3,12339055565912940842
37454,3,9987806209036404397
37455,3,15328848359149951900
37458,3,13605495271854287049
37462,3,7572682334043889017
37465,3,14722591207080479075
37485,3,15748477768721796020
37494,3,1524446339223413904
37499,3,16557577016061094547
37507,3,13313669126268505503
37509,3,13897890139115057482
37513,3,4818942538660746420
37519,3,13240419208371635000
37520,3,3394949546145275666
37521,3,3394949546145275666
37525,3,13422635223963948426
37543,3,3968593475306996796
37545,3,15249820758499696857
37554,3,13066189719543895830
37561,3,11217628413252071081
37562,3,4220522580830710967
37568,3,1344692438348890564
37573,3,1709649414669533315
37583,3,16854957738030867187
37602,3,5385643363383638921
37609,3,17752697484615123535
37618,3,12791017546151545272
37632,3,994776671281452551
37637,3,10498109804440661703
37653,3,6059279802522865257
37654,3,123833434156728477
37655,3,6225133594367667344
37660,3,3580781227003556449
37682,3,655650971174687363
37683,3,1684175481116401463
37700,3,7931892786543856878
37701,3,18277644912376350528
37715,3,5360038048328677897
37716,3,13033659684118283754
37718,3,9682306232561187217
37723,3,3119371301049233476
37728,3,3119371301049233476
37740,3,13655734181304627724
37741,3,11736181425462755151
37750,3,8963186581693359217
37753,3,7113899754733884340
37766,3,9261444162003133207
37774,3,11643196944022928124
37787,3,16379296853457445672
37788,3,2706309021548940389
37798,3,7364864710341593782
37801,3,3390136745206969164
37824,3,16800353191165837950
37826,3,12787061012022929391
37829,3,10203596940216936691
37832,3,13457628508138009389
37842,3,13468517104634033451
37857,3,8430058318319344905
37865,3,18267003398630597285
37882,3,12378289386982856558
37883,3,3708924443109922447
37884,3,16812482966115759045
37888,3,12338939310024933853
37895,3,5551388360845861255
37897,3,13452047967875246647
37911,3,579586163784999685
37921,3,14211634704320234032
37924,3,14704084804077307493
37929,3,2971876435472466740
37936,3,2058493450603405172
37961,3,16805782056280504751
37966,3,2998492148212241926
37975,3,9365014088441488155
37982,3,15615215378101852393
37996,3,3286636849494077612
38008,3,9158750200631288934
38016,3,14975457929156489193
38026,3,4817674486078672223
38028,3,9366867418190676644
38035,3,3258953447468700960
38041,3,1449854876836299599
38045,3,4280830596754475909
38048,3,9089213898055314701
38054,3,4280830596754475909
38077,3,4921321535887183513
38080,3,16283398061241088805
38104,3,11873617574929812984
38135,3,7070944323487663543
38138,3,454635950498473881
38157,3,10441781936955090698
38159,3,5133547180117875301
38211,3,13380452029610509728
38227,3,15274063910841241334
38231,3,3272907278970488984
38236,3,6755939453876927333
38239,3,8253817701109020766
38262,3,15919149906668209059
38274,3,6324601940870684644
38275,3,9001559630320941150
38280,3,17957670545336574289
38291,3,11965007173340948957
38293,3,16702379079985415753
38301,3,5078796746286127618
38302,3,4172730298836478354
38305,3,15524219563509801075
38318,3,10066137679589080296
38320,3,11819215482035719805
38324,3,11003899255664112986
38328,3,6484516744316091320
38336,3,7598094352930224384
38348,3,5885937074246266857
38352,3,12323206930873349772
38356,3,7955986507489657219
38369,3,14241872140980122519
38403,3,16775002370228070353
38413,3,6570109954187088652
38415,3,5638309783665111146
38424,3,750151150917083741
38436,3,8898826303185619975
38446,3,2446702009521448917
38453,3,2446702009521448917
38456,3,11743267001628638409
38463,3,723273168217085257
38468,3,7352465302740628410
38488,3,122504256303214344
38491,3,11716984531771211690
38500,3,695025997207570809
38502,3,14227054200671449479
38511,3,871050891560499910
38514,3,122504256303214344
38525,3,6287268082647253157
38538,3,14175310351610608299
38541,3,9645241929041365821
38547,3,15264391936979727227
38565,3,1221293913248452159
38567,3,2611765809950091271
38586,3,1612713059430856049
38616,3,11151721966685885215
38618,3,17332372400502488740
38645,3,15311119439561985578
38647,3,8951748385550316978
38654,3,12579981548059596332
38658,3,3860462147031427707
38683,3,13381673787535741895
38685,3,9780376904922189485
38688,3,6151420764335903886
38694,3,10367862479154059385
38712,3,4179366397322877344
38741,3,3599624799083440908
38748,3,15561883501203313164
38761,3,11466779152739904670
38768,3,15586793359268031244
38770,3,16039545404458577869
38773,3,3579223197832999856
38774,3,196894846418362650
38777,3,16233031914712933152
38787,3,4389645356491298598
38802,3,9600921894604906183
38803,3,15615402916959079658
38807,3,17512240360836959906
38810,3,6133929621852888050
38814,3,10106111581490180555
38815,3,17869701818216457161
38816,3,6049249017366953717
38822,3,13553732991510727745
38864,3,3579770833030601409
38871,3,3209492086883307416
38878,3,17888625406682981140
38896,3,9974945978046894990
38908,3,1428850622739759932
38916,3,1281631461937811595
38920,3,10666771953724699578
38922,3,5590266624372853258
38927,3,2578616949419624072
38930,3,6744629351813874178
38943,3,3488499249827727761
38945,3,7812213258557765951
38973,3,394832268898761119
38976,3,13913821989672255676
38981,3,213142512048885011
38983,3,10060936235464697720
38986,3,12329051813959327691
38998,3,9774988965316518727
39016,3,13120512432395137971
39018,3,6753722812564536995
39027,3,6626971776458128042
39031,3,16931806013353406720
39034,3,14019059628111805652
39049,3,16175546901039299143
39053,3,15386997375692900977
39063,3,4152942232469296751
39071,3,961153267147289323
39090,3,462175513648235648
39095,3,13716232481822543386
39111,3,1486113366619123267
39113,3,8108221583265965105
39115,3,2514254139783933832
39118,3,5576299497117657308
39131,3,10457722027562678202
39132,3,2369053175950311812
39155,3,5044772379816132835
39158,3,4163923492377105499
39160,3,12529563406766438199
39170,3,7569046201821181040
39174,3,15749123793262281930
39184,3,10055761476777232564
39199,3,17543812242715089465
39205,3,12942845335399019027
39213,3,14992512608371754688
39220,3,7967419052760935507
39223,3,15807082964415441407
39228,3,10329644196487704770
39233,3,1802314809971846489
39240,3,13727080367360269792
39243,3,14903814547714741190
39248,3,6310740866572904024
39260,3,7807018594799807809
39265,3,8108682793658760743
39272,3,16138281830753457474
39273,3,3519193913584722804
39286,3,16148893914475613285
39301,3,9363381287205386890
39305,3,15148787718878012232
39309,3,1089587668418145655
39310,3,1089587668418145655
39317,3,18223726092899127494
39321,3,11992116396020332905
39322,3,15047425775070434106
39341,3,9852442617459861967
39343,3,10934518940285886066
39346,3,17370149009099162867
39349,3,1029130287942524512
39364,3,1988863809946823610
39365,3,4890111771124514757
39366,3,16385686782515378615
39373,3,12074999291989259110
39374,3,8579916987209094067
39375,3,1721587213350624676
39380,3,9949729285836024133
39381,3,635805968888602159
39393,3,7829232238146766927
39399,3,14715245951169971590
39404,3,4710374816402663281
39419,3,12437391751381198867
39431,3,6427570690635170564
39444,3,15862676325524356967
39452,3,9798694552867941574
39472,3,15389437677204425091
39475,3,4560295156532157015
39499,3,2707486232671990021
39509,3,4634224735111416295
39562,3,5947790053383405545
39563,3,12724165341347065090
39568,3,786970660026110980
39572,3,6044063799408679399
39584,3,11481757664384002936
39589,3,12268783425354389084
39617,3,16364436944761466663
39619,3,422194080371389837
39624,3,6662793863175763897
39626,3,6676849312815833498
39631,3,11225621553418905876
39639,3,18268399175067806070
39640,3,11926677655605054464
39644,3,14438080700887932680
39650,3,8320134483793270896
39655,3,4931296449723925487
39656,3,6267528962128411926
39672,3,17032970888270567415
39682,3,17578163879003631038
39688,3,16998630474673225940
39699,3,3443630584500283063
39708,3,1906028817096070927
39725,3,13416996377265066301
39744,3,12524182867676450114
39763,3,15579732505727017305
39770,3,1743173342566952024
39778,3,7642987420402719418
39781,3,14815523331640599318
39788,3,9605513064803000146
39803,3,11863233263796287780
39812,3,14612189561673743178
39838,3,16036020790892108226
39844,3,6743295220580409935
39853,3,2049755191752184298
39858,3,6270061030758851912
39861,3,13441612721275814726
39872,3,9543111354339254312
39874,3,10662254877606469942
39877,3,13007071184662887101
39878,3,14732247200677755135
39882,3,14203721967211027860
39887,3,7037226774348891419
39889,3,11143935985625313018
39893,3,9852225103818339627
39896,3,11319021633174464094
39899,3,6902075899821532317
39907,3,6086086292629499415
39914,3,16031900415333326553
39917,3,17655690572361871008
39926,3,1269418814307186594
39942,3,14499858387023994889
39945,3,1032846457420842676
39949,3,6485008071986830680
39959,3,6244913915391779170
39961,3,16236725810134721491
39965,3,13073903922757215109
39992,3,13660290861283066720
39994,3,3318369315031014940
40002,3,13547040150573543471
40006,3,6454165621765205620
40014,3,18319168341541056468
40017,3,8156023642353755127
40023,3,7446803723631531270
40024,3,14397266165478300845
40033,3,5626102169676464048
40044,3,12807121762967423706
40045,3,286820020336423814
40046,3,12429002917240631078
40047,3,6361372593703772962
40055,3,8128779577157082560
40060,3,5696887486500435094
40066,3,18174072515046212586
40077,3,16656395829455902247
40080,3,4404855354751631926
40089,3,18185149270119604555
40093,3,18077584358061731665
40102,3,15773803933983724425
40104,3,13846646874050977465
40105,3,12176759930591482193
40119,3,691802971240020325
40120,3,13507546058803925323
40131,3,2111694211708210645
40135,3,1968797354195067475
40139,3,11130988429242218195
40142,3,4182359928429253570
40145,3,16506351482307230530
40156,3,2715662940135796679
40160,3,6292101579543234978
40162,3,13503180264166334264
40165,3,8264854865090428810
40166,3,6434269908036824989
40182,3,2362572984603706438
40184,3,719831017785496071
40187,3,7749725736731951277
40191,3,15437099625515636825
40192,3,10303774775934810682
40194,3,7329656111185889131
40195,3,9572832879369772036
40210,3,8246820322960761012
40212,3,2539932978320033624
40251,3,11191664931744211819
40259,3,13223786258731374047
40261,3,13865156727802534280
40263,3,9800041778969749813
40270,3,10879044684182510335
40272,3,10879044684182510335
40296,3,4623361158904561935
40315,3,10292723796748214734
40319,3,12587638805692562606
40329,3,10876685042791555206
40331,3,9243142705605844174
40337,3,12281475276318090389
40344,3,15237202112487597749
40349,3,9485089805734105206
40389,3,13595365059808262028
40399,3,7571893106017337872
40401,3,7571893106017337872
40403,3,11428777607627347220
40407,3,5603878004128265973
40409,3,596726008306030844
40411,3,8934305828533243069
40419,3,6721363956695684594
40420,3,2105379294295783804
40424,3,7913784114713368634
40435,3,4306655373342837607
40440,3,11612448568919765734
40460,3,8368491271375594542
40467,3,744710965307178470
40478,3,10011028574483117070
40498,3,1889219133055978466
40508,3,15372684405433841373
40513,3,15611256522899892438
40520,3,1936148149089099272
40524,3,5296068476332143214
40525,3,14485351653000958595
40529,3,10890458361007213294
40530,3,14975776933204336149
40545,3,11488940014299604144
40546,3,5338527738150544798
40548,3,6927479242163495062
40551,3,5986637788496510833
40553,3,13062368761140093645
40556,3,5694197901255046953
40562,3,2004389920006818598
40572,3,10096877520845179419
40575,3,10882885243202057191
40579,3,16555846127128830968
40595,3,6398224434931004335
40613,3,6311914138327915253
40614,3,15127476364774166057
40616,3,2110762988275804464
40623,3,4873653474108639534
40639,3,10710616216776219037
40683,3,10577070937436968873
40691,3,13022996464497783444
40695,3,13403551665324431245
40698,3,1067119798520298180
40700,3,4617450885890162800
40711,3,11870277193322669295
40713,3,17919901661127237462
40731,3,11170106943703464292
40741,3,8143744024981054442
40749,3,5238229383404593642
40753,3,18062405880499990301
40768,3,629283553207263209
40771,3,11346904799976751275
40794,3,715388184062501599
40800,3,5541792459921761594
40810,3,17909830824946564851
40826,3,2464705300908058144
40828,3,14582625631501387448
40836,3,16136532439636233350
40838,3,17745651544371184125
40839,3,15861390079333436495
40848,3,4846649999237132311
40851,3,16230925466560884101
40864,3,7133455673181349609
40867,3,2105290052040769225
40868,3,17321134896466379283
40873,3,13404029616733022296
40889,3,10297495629764449069
40892,3,3689819468856300247
40900,3,2352576214888606105
40907,3,5173431233219001077
40937,3,18136904174505410578
40945,3,2854547950766548257
40947,3,4915297154463485790
40953,3,11795773155144742351
40961,3,15514156813956629793
40973,3,7720984098862871990
40976,3,9397430196817565083
40983,3,15339486453255889362
40991,3,8193103113097342880
41002,3,12500799635971205136
41010,3,15382094191583048305
41026,3,10799455818990200918
41044,3,14624700442726644788
41053,3,3229108857967149374
41062,3,6305636411037160933
41069,3,9782032314641943421
41092,3,18134257312424409208
41093,3,15637155376144106588
41102,3,12166080958502769886
41117,3,10172689129852466596
41127,3,792640204006752050
41136,3,10721443667185262392
41153,3,12767993886961748852
41162,3,7091970248015082259
41176,3,13606538286165986667
17,4,13541892941829396910
27,4,5675940449768195934
41,4,9616363244099809176
49,4,17181663402607840703
58,4,13216429877943308734
63,4,13879789736748582643
73,4,12332315987079119657
96,4,14880987021991046977
105,4,10503982778726867270
112,4,7389841574284969292
114,4,18198914456205965230
117,4,3060764568974770408
124,4,7638350216726105966
130,4,3640179291473603311
132,4,10750528941525152199
149,4,4467874017302693601
173,4,8649700092333235377
182,4,15109717750887316138
184,4,15978879243565695522
209,4,9434445487783295416
212,4,13546543511153011389
222,4,1242428300251731879
225,4,7660475868814671267
237,4,1146488358224238200
248,4,16963005145148383670
253,4,2290545733630555483
261,4,14810963104089531617
294,4,8961506343337252161
300,4,3405843009975691963
301,4,16945232461382048087
303,4,8911671739410235181
304,4,12568480485658349706
305,4,18246690356417901886
310,4,7220862610324072810
321,4,6534555116462254271
341,4,9422973418214729976
362,4,17695338857061948449
366,4,15046115833442230506
368,4,11610838366575657271
373,4,4532884839355083447
378,4,10893708142398540138
383,4,2009094107187793978
399,4,2005598888357742538
400,4,8209208464152982710
414,4,14380092574435208321
421,4,5298324018857723650
440,4,2141807917871875850
449,4,7860515873663070029
453,4,15250807127930222384
463,4,14493495126907848649
468,4,3129806850991869587
469,4,10154362419142854354
474,4,697570819912003541
475,4,4388331048444680147
477,4,6467647676983925662
487,4,3701071119067872019
498,4,11506528879437524603
502,4,10893708142398540138
505,4,7237895610460222371
536,4,13257918772492400530
562,4,2732398755789623106
590,4,6745077095998349755
606,4,13551879540287238665
626,4,15534177927791470771
640,4,91568649989515236
650,4,16745255721260098367
659,4,5769289513976543767
660,4,13030037767063186299
675,4,7482347643693058673
682,4,13732979564604524958
698,4,14103570151754039873
699,4,5373192386261512189
701,4,14688459993781472457
704,4,7267086406364939041
705,4,2159351709160822015
708,4,6658022839741305635
723,4,10183430867747635792
728,4,11377522764768991579
732,4,15319291499934030340
740,4,3602173546261142285
752,4,1889295112534044771
755,4,3945545791186899042
758,4,2865598101493761312
762,4,5792939601038775217
764,4,13020064214184394389
769,4,349527590387663765
772,4,17406719328968965636
774,4,4799983928749955065
790,4,5829944492599142426
797,4,13891241793025333381
805,4,846812013535673296
810,4,16984700994280413329
824,4,12074677213571853769
826,4,9568550316495017704
831,4,1064555335443651549
838,4,11255534785966372103
841,4,10858916990493781720
857,4,11083151020626227124
870,4,12641920415798654353
878,4,3765109494271550893
883,4,7447793192357525481
892,4,9982437153717205335
893,4,8407079385591931944
909,4,13224427112045233717
920,4,17432992489350406908
921,4,13465645387618649180
926,4,9526641608539923999
927,4,5313444448215092181
950,4,12075722477418498519
955,4,14149087380776593377
968,4,13025530100351133796
979,4,16484020140674202111
995,4,16492303019272245437
1004,4,12738574128146904979
1031,4,3374147320096758719
1038,4,7929670726467333226
1043,4,7682089809181251854
1044,4,14954898618502493205
1054,4,7609844479830218038
1056,4,1064555335443651549
1063,4,12006873812719020411
1064,4,398633606568500660
1087,4,14484410980090504318
1088,4,17432992489350406908
1090,4,14491553309849670270
1109,4,9206086049304651016
1110,4,17477266926603641050
1131,4,569214689554845730
1139,4,1500449819082468865
1153,4,6688394824223055278
1160,4,2809457946417895594
1170,4,787325139679689572
1174,4,10922411101383745287
1177,4,4850807293653308411
1186,4,7303767663629852464
1191,4,16186356252531930733
1195,4,10138116573769154872
1209,4,15548260801300972407
1226,4,2163348352858994923
1241,4,14916952925205787743
1248,4,12703800464213526307
1249,4,11824979662795543842
1255,4,14770852346999572278
1259,4,11824979662795543842
1262,4,12758837461404215323
1278,4,14167334238757312872
1292,4,9747325932722732313
1293,4,1417361212220928381
1312,4,3116157211110820030
1324,4,17064044917399209863
1349,4,1521659487003699057
1352,4,6434211176551478563
1380,4,10771598180256271599
1385,4,1855002406344964917
1391,4,4608350733574891651
1393,4,13164465546603208374
1405,4,2668016050523311863
1407,4,8212751358215991837
1408,4,7406477412648178460
1411,4,993620076487832281
1414,4,4435247159993080254
1430,4,13795843271671665464
1434,4,2942236980791666876
1435,4,15261060140242220609
1442,4,92535598969541869
1452,4,3535839275318808954
1467,4,1251492713689797607
1468,4,12123396550077246118
1490,4,4889790201243217329
1497,4,9128816334558681371
1502,4,7714063429691121455
1514,4,1758837949561115606
1530,4,6393399551891449641
1567,4,5167784846267492591
1568,4,8704774451904548633
1574,4,9545094995078740666
1577,4,5960798392319715492
1600,4,5212613869139809497
1608,4,4857959454917065408
1611,4,14179833395507190803
1613,4,5253091827460153339
1669,4,5214880471061222308
1685,4,8430545889309228485
1699,4,5281990713896848488
1702,4,6205908149764256231
1703,4,15974320180660643925
1707,4,16535240519664151696
1715,4,4855431394847417798
1728,4,8876366781867896654
1729,4,1403371299509975431
1737,4,8876366781867896654
1738,4,8876366781867896654
1758,4,16027282297593377118
1773,4,6334981614664597369
1775,4,13614405003307236889
1776,4,6645242500119519259
1781,4,5631342407269450547
1786,4,10694866423721639755
1790,4,10158893581750811669
1795,4,5337187846751052877
1796,4,2918641603812074117
1802,4,7668199396192899211
1811,4,4597830327869916289
1814,4,13156148705274992602
1820,4,18364669563146933123
1845,4,4198703553855006224
1846,4,6087683268184292261
1849,4,13687641371873976089
1850,4,16011819419776076712
1852,4,13204406733673195445
1862,4,6818424041549430851
1893,4,13694137486282178821
1897,4,17635487536523052114
1926,4,2823178718355709759
1928,4,4096058589784310738
1934,4,17412171280029394779
1949,4,6431129978142871047
1952,4,16204699975023139974
2002,4,3990217938716305438
2030,4,4097977794419957334
2053,4,2097144091131281222
2057,4,17788945272569913001
2063,4,6669483967311082573
2067,4,15895998662127411785
2069,4,17646363664216118125
2083,4,5864031070895944249
2084,4,10732056731633439512
2086,4,14880987021991046977
2104,4,17455805959167503258
2117,4,14899978794174203076
2118,4,14899978794174203076
2119,4,2729895635849409535
2133,4,1744336425662512369
2150,4,2846613535788423262
2166,4,15344393720361263020
2172,4,4463582104548802915
2183,4,1168821271638338363
2200,4,15445883848721056800
2259,4,17425585372725554902
2261,4,16948265557799209293
2265,4,14546535407577131453
2278,4,16279936211041216542
2306,4,17874250662811416933
2311,4,17968932415559207320
2312,4,4692924008388177985
2321,4,1558681218174790889
2326,4,3426447127511303215
2330,4,17964621399661387500
2341,4,4692924008388177985
2342,4,3443350252197007760
2343,4,4692924008388177985
2344,4,15970729545938441557
2356,4,2938990725972605859
2358,4,15499995044989077346
2361,4,6508148061024382856
2362,4,14970947445189255990
2372,4,17087390905358239077
2377,4,8741143539779327767
2379,4,8741143539779327767
2392,4,9857721345366007795
2399,4,18260630124779827956
2405,4,3815704687756991310
2419,4,9964034640771483131
2428,4,2248762887960134006
2449,4,9686750202720641222
2457,4,14919281802762486623
2471,4,5757640792649544912
2473,4,5443390484699392085
2483,4,12974117555956050528
2515,4,16031779656034841432
2520,4,13444334586108759623
2522,4,14220194030052472317
2530,4,15952396594595980555
2531,4,2346512016158807985
2548,4,9276716557523619256
2554,4,15665789053103363151
2560,4,11771146832871889433
2566,4,8714310117005529775
2615,4,8568596036438040749
2618,4,16002933191808991090
2622,4,11130509797438071543
2627,4,11771146832871889433
2628,4,7621142005936476394
2639,4,5877080841494921706
2641,4,1049910719311068829
2648,4,4621869811432147248
2649,4,17073845943236738221
2651,4,17730257771158065705
2669,4,2317654644150530969
2672,4,10639276738357487260
2678,4,8400054875360349908
2696,4,12654637960930250331
2697,4,16934084847846865124
2710,4,12349143938875396129
2725,4,2926954599547209672
2731,4,16380642140003089979
2740,4,12520772291389930734
2741,4,12520772291389930734
2759,4,2167383348622897557
2766,4,3394679442324563584
2779,4,14831728809254657162
2781,4,9302900342177561549
2790,4,15064254316565522420
2793,4,8928084173594574981
2794,4,3732992793329613364
2806,4,15071000229660837505
2810,4,417877297576419699
2813,4,7197387939866610922
2818,4,8872213374430772153
2826,4,2074247078626220311
2827,4,14021630741450283096
2844,4,17364910103836365518
2854,4,10661502012843210787
2873,4,16812246673303411309
2875,4,1830120133825197481
2880,4,2791720600893261013
2899,4,10502243533531034242
2902,4,17451400401399336588
2914,4,1910428860504056273
2919,4,13801756903457798497
2920,4,10158524350797142046
2931,4,10472197311843846020
2937,4,5067530195501005634
2946,4,7691330804932898987
2947,4,6172756164797512258
2950,4,2304057652481691349
2952,4,7472979760130714701
2959,4,62837304254942932
2960,4,7744246383285309173
2965,4,9089287580234732875
2968,4,10072876733062147413
2974,4,15746625425709629462
2975,4,38812689625201183
2979,4,17242051903144244787
2990,4,412520023226730530
2994,4,2620791217610716999
3000,4,2620791217610716999
3023,4,17987332156013420117
3029,4,3734516817621385724
3033,4,15337136436303786398
3065,4,8923354503619341099
3070,4,7968470317705633269
3073,4,2787417862382231591
3075,4,13870352173392271939
3080,4,5905232006891584303
3089,4,17163944225550133259
3100,4,17498259405265946211
3123,4,5380650015864212668
3128,4,13018040520128710850
3140,4,4391719141552698300
3141,4,15262344026630234117
3156,4,6030538227907759301
3162,4,13967579010508544643
3168,4,5369763308007505733
3171,4,11163123685027661082
3173,4,2867622300417039203
3174,4,16027334671503801507
3188,4,13858494377430263497
3197,4,4761322878336056324
3203,4,11457948001145996319
3223,4,8990807378194253554
3228,4,8967924588606116492
3231,4,4629858095626662388
3242,4,2972073027035593069
3255,4,11587711254836261984
3263,4,15963183295812665151
3266,4,885416796978958585
3288,4,10512137153697506612
3309,4,17355593247828981750
3324,4,17399773839253423863
3345,4,8797730678991775109
3350,4,11554193447964116336
3366,4,2060687010161412659
3377,4,6008778932150612061
3407,4,2162898000936706317
3418,4,14873360019792149026
3422,4,11644440661815539617
3429,4,9354378998144161319
3433,4,15521578810827200585
3457,4,1281646141118740159
3499,4,4352073865523272110
3501,4,15691270429637340085
3507,4,9258901179581596446
3512,4,6733566246673781074
3522,4,4481857788166730747
3526,4,13804459016608303360
3534,4,826124198872286123
3551,4,1914120188952637007
3552,4,5532903108190956403
3559,4,11958760374737806933
3564,4,8291023600917317222
3593,4,11189788626011631146
3598,4,17721521415243616188
3622,4,428698169872079342
3628,4,15512343500938352542
3635,4,13126250492368088163
3642,4,11225834185283057737
3656,4,15925205719692705813
3659,4,5707458703765665472
3664,4,13778065259943625895
3668,4,9606768760430923264
3672,4,10990342491414401622
3683,4,13597088372773167913
3687,4,8748299577994085737
3707,4,4939399071093279432
3717,4,10912979281662151094
3720,4,9061689846448974052
3726,4,13638087892276752034
3735,4,1914521774046817443
3748,4,14814373548035374471
3751,4,15413795380246471792
3755,4,355031938665044249
3769,4,983866179433238989
3771,4,11083652679844011841
3785,4,13996781338516865819
3806,4,17811432254432233650
3809,4,12955585689900617328
3810,4,5785118479938229090
3813,4,5721273629449659557
3826,4,12367787671934544032
3827,4,5586659567797195064
3853,4,13248595525712587504
3895,4,4379429816783970167
3909,4,9244261154579858725
3910,4,17051601292509361189
3911,4,8054762476466196257
3915,4,5812499051301416830
3916,4,5402535240346143681
3927,4,5484310530230001976
3953,4,14385371201371195612
3954,4,14984240757710205532
3959,4,9443404717765963599
3963,4,9909563075095191710
3969,4,16408211916487929021
3976,4,4326006702869580692
4013,4,3063193440611990510
4019,4,2801655476804283725
4021,4,12976928850534454394
4052,4,14401278306991460707
4059,4,16634218233953562584
4063,4,1062958566642377703
4085,4,5402535240346143681
4086,4,7071095992422590976
4089,4,4298084721453337225
4095,4,16805757984980419208
4116,4,11277076637988251342
4117,4,17173624140653273672
4135,4,8463562924249119173
4140,4,6236893753762207274
4141,4,16215454315641608196
4142,4,17636995954646509856
4147,4,18176084164728196710
4172,4,18185003320756082897
4178,4,12157602151336961035
4190,4,15359980155200909992
4194,4,11486123997405214365
4199,4,16906827400038958662
4200,4,17848251566809466900
4209,4,17523252712211293953
4223,4,2124500936139105939
4229,4,14730397082462017153
4232,4,5926009566974234294
4244,4,17962803875119986203
4262,4,7932225896184703645
4265,4,9199121976725596900
4267,4,3265299037717586334
4269,4,15919541589418887677
4291,4,3730715056353703858
4305,4,3642318114028013174
4337,4,4621869811432147248
4342,4,16500741370158577537
4350,4,18096380960998452790
4353,4,7641853089117791375
4369,4,6480325511416178793
4373,4,12217816082777705023
4384,4,3700727931565336964
4389,4,5344548977075220243
4396,4,6045755931320213845
4401,4,11458772236647740047
4405,4,18063848715777817359
4409,4,6429933244939959364
4421,4,575727003506211042
4425,4,17266173207654055444
4432,4,16222234339080099519
4436,4,3331342151034631371
4438,4,8226762928827168207
4441,4,13940974601007700246
4449,4,2057604726875769468
4451,4,14936955403250941735
4456,4,17860461183229942106
4458,4,5195920190734778001
4461,4,16340944377454189936
4512,4,5667963448315899910
4513,4,16461292613102784627
4518,4,4159005317652768686
4545,4,10869421746576424625
4546,4,14518544638346001616
4553,4,3347037978041167265
4564,4,949324603761380969
4571,4,5970756243241189773
4575,4,5577758896446656508
4581,4,9846675152658020999
4583,4,15952396594595980555
4591,4,5879712813074948400
4600,4,17425672622949807013
4609,4,16436245555461767703
4627,4,7313157378062699645
4628,4,1437058990769888615
4644,4,6342116391014396811
4645,4,213123376207801745
4647,4,213123376207801745
4652,4,8819196988916856180
4658,4,12967050027590047061
4659,4,17514753651237187670
4663,4,3892054339053526203
4673,4,4581176230197345514
4685,4,14794428136635917914
4691,4,3423413030760868965
4693,4,11483522112044113265
4694,4,636783881592233665
4695,4,17022487459349084185
4697,4,1773335884771502557
4698,4,1751489170051699727
4706,4,5631277509050926048
4711,4,7278157302863942217
4722,4,10900480769743113316
4735,4,8096926541397129040
4736,4,8731532094465104071
4742,4,5159789933760133064
4746,4,6768884891684071701
4748,4,15610242511148901088
4758,4,16882058395071144981
4789,4,4436358271725744033
4797,4,5429376953152069620
4813,4,11074862724454214454
4817,4,17256863794160282322
4839,4,17384209835135506766
4870,4,16508029618385129287
4881,4,8375260189139447588
4882,4,6757832139020249374
4883,4,4105292119991443493
4886,4,6183606100849623074
4887,4,1997480377746076207
4890,4,10125182455863484336
4891,4,8002431375668134199
4894,4,2404115521091531488
4903,4,6465970380424922481
4912,4,14897949172713438319
4927,4,12348257356261294696
4931,4,11233899147728885385
4939,4,4262437530011265219
4954,4,4304066178621988419
4955,4,8138314784437962605
4957,4,4042313939669347912
4967,4,10931488754755416757
4985,4,12374429237456648963
4996,4,3753369599368720805
5000,4,3800312817575429143
5005,4,16488787459623227761
5008,4,7871888342023028626
5014,4,5996287739754430115
5033,4,10931488754755416757
5035,4,2202131702503288472
5038,4,7497307615608516410
5041,4,11415104177984882788
5060,4,7344736116392141863
5065,4,3748652601184100893
5096,4,3031507188306617497
5106,4,18058304185021220898
5133,4,9115057632665669485
5141,4,11671135891212471893
5146,4,14852484174778804294
5158,4,13883060264643133759
5171,4,17798234904206929953
5174,4,5485024039597810483
5181,4,1919947916001359821
5191,4,8492869513483669135
5200,4,4252170332967861650
5227,4,3744376684384829161
5241,4,14344723502707802008
5244,4,13678205006800823902
5247,4,4293496827545788705
5249,4,6233731481137714459
5251,4,14694955774071655765
5257,4,15012908665569606230
5268,4,13724359786208684933
5275,4,6690509969705446621
5276,4,17575926204149464229
5280,4,12463911204446628210
5295,4,7345718344610812013
5329,4,15318750078967273176
5331,4,16463970149494987558
5332,4,3472158142928069147
5348,4,876997014333076158
5354,4,12296795897617229317
5368,4,5425204521369195131
5384,4,11200468209862794424
5387,4,5020130189377927209
5391,4,15438214528594713792
5392,4,5195910242042202262
5393,4,14979372224060173133
5394,4,625361159019716074
5400,4,17853221364004102595
5412,4,2237614428632091625
5413,4,727479898840353192
5422,4,1985655846245763571
5425,4,6929877326886800387
5428,4,4855992747544920712
5434,4,7173811699291838448
5441,4,836345311601567225
5453,4,15604099559933755958
5457,4,7537609698448878674
5479,4,8997847336814441522
5490,4,15882064940071453546
5503,4,6772614910598002430
5506,4,8366127541100510825
5513,4,17121445799165002024
5520,4,3354870996937276008
5524,4,8043028734239665629
5539,4,1458653429237681158
5552,4,12173898115887774912
5554,4,17615801031607848755
5558,4,15874815694894328967
5564,4,9217153141434066328
5569,4,16822089377160631952
5573,4,4239311675511411701
5576,4,1842230020703606238
5584,4,14961573429204560698
5609,4,2484057405208818875
5616,4,1770676546688064398
5619,4,13132114964823777504
5624,4,13253751432402999304
5628,4,3132441498830798921
5635,4,17311703692008824812
5637,4,6154193655202960207
5650,4,9311975907239346450
5651,4,13195187005311149868
5656,4,133229286943567982
5657,4,5162682365558881728
5660,4,7592491525329583954
5670,4,2257068408783666214
5671,4,14439502261770837923
5672,4,1401117168451109531
5687,4,7001046894598556227
5692,4,1555186594595273411
5701,4,4114462657263724041
5704,4,1554630511702957418
5706,4,17506651689174446807
5720,4,16159489068657888168
5721,4,12799874880708410208
5723,4,13223405092814446530
5732,4,8306899681607990979
5746,4,18051095474451252027
5747,4,14783206232902064600
5768,4,4270202897814009071
5785,4,11891083991423509482
5796,4,4793451245535117646
5800,4,939453506974495453
5808,4,6116023421644092064
5813,4,939453506974495453
5849,4,13050798924381816002
5855,4,18359474401174712393
5862,4,14457208349747863247
5881,4,24159563507110404
5883,4,7966395938300416827
5900,4,7352887755705717917
5904,4,8055909609864030582
5912,4,6247644751960481712
5913,4,11756131566924857638
5917,4,1111031882203076305
5918,4,13776497314352603122
5919,4,9652627567788613537
5935,4,8909290384267769540
5936,4,8648904643483676922
5954,4,10789204781797538196
5962,4,14867723462827420170
5976,4,5298324018857723650
5979,4,14488197122625533334
5992,4,7803645521743822079
5996,4,9619696976133397861
5997,4,4843953579997821492
5999,4,15006683816272237054
6007,4,15227897545635584299
6011,4,18170788276803566952
6014,4,13776576657158925194
6028,4,8964910323626947577
6036,4,6709219850594288543
6039,4,6805429237942670464
6040,4,11436177600243478795
6047,4,8203580512737937733
6051,4,5582789809322773248
6070,4,2429667482893477076
6072,4,12821291680772203134
6092,4,4134447722842233757
6097,4,13551879540287238665
6100,4,18307042050409104733
6102,4,3443696433689118392
6103,4,2718115762075178531
6121,4,5718677975973757670
6127,4,10125556351940246290
6128,4,15721033914483687931
6136,4,2184093398286125690
6138,4,13892583562718898992
6140,4,322939514888459099
6168,4,3997205495719281531
6169,4,6948276800628728496
6176,4,14640656184804399835
6184,4,15865028277619598814
6186,4,3257532385760104779
6189,4,13545746162484936930
6194,4,13719109046038755064
6207,4,8648904643483676922
6219,4,16694492036813229703
6224,4,8194127874904438369
6236,4,13402028888405344046
6244,4,18347279578655847723
6260,4,4107396702456554579
6265,4,12088799545379349405
6270,4,13881428477373009832
6271,4,12759539999038505215
6273,4,15858343995463933696
6278,4,9810993634114467847
6295,4,4311027299417497279
6300,4,3602173546261142285
6319,4,5300825508164820257
6332,4,230643815804209486
6336,4,660240850298585847
6354,4,14338212669516214517
6362,4,14121797458488903310
6372,4,12994589448312273287
6382,4,1785426129351972403
6389,4,4603624241834199563
6394,4,3753786835894742556
6404,4,15078522017136342382
6414,4,3601553531051633792
6418,4,11675377707857199230
6424,4,4603597134291094072
6449,4,7945901141988001315
6451,4,1266416849639224813
6472,4,1604861833514816151
6480,4,10705981808481568101
6482,4,12509902942760220850
6489,4,10146143795610589760
6497,4,2177208373423269135
6511,4,9936436171763460108
6512,4,15097893473518053296
6524,4,14025453588296917608
6534,4,6340558160697996106
6546,4,10867073283426585559
6550,4,15722181039762923392
6551,4,13332316359460698352
6553,4,8628507772896406365
6554,4,1769531179122316899
6565,4,14199737717785323426
6569,4,18196807262374703182
6576,4,11328935633226960276
6580,4,8533805522445995966
6582,4,11328935633226960276
6590,4,17218573311566144312
6591,4,11435254321731707314
6592,4,17802649431100265809
6608,4,5936634892514058235
6610,4,17218573311566144312
6619,4,10307728121737606509
6622,4,17748557173159701609
6623,4,7716805843673802218
6627,4,47029903384800296
6632,4,13589286143898241975
6661,4,15857459342819583074
6662,4,13043524993354125735
6685,4,10267752351785564108
6686,4,9179498162696010411
6693,4,3653466180140800647
6694,4,8465421032982909363
6702,4,11283263336969153641
6704,4,16784686642820523465
6729,4,5587588613635109023
6731,4,12929227281257313407
6732,4,3938936702477272254
6740,4,8260248564050711359
6743,4,10177358270060837177
6755,4,1413627409834704961
6763,4,5894417744378990791
6764,4,17994161094629521909
6779,4,2244180164626057939
6783,4,10772954999731108856
6787,4,13810084108134149158
6789,4,7489032352973009234
6790,4,9251142178280095290
6793,4,16071760171805747025
6796,4,8985340842624991553
6798,4,565986143239319153
6801,4,15311475742485516269
6816,4,12612102160237676316
6820,4,17217742243458831829
6824,4,10604767547759237777
6830,4,12559835238731685309
6831,4,1925308985116831577
6836,4,5237451975115370415
6841,4,2269853533101982672
6865,4,8849901852373418541
6868,4,12124695621350390394
6869,4,1622988002218809466
6872,4,13493813831674549404
6906,4,1546966805210020229
6912,4,15479514861481104001
6914,4,2925312318600496539
6915,4,83807247470024038
6920,4,17051165311179208213
6928,4,6869759884896496135
6935,4,1466310250884482741
6942,4,15708100664799183614
6944,4,83807247470024038
6948,4,730769454226755265
6954,4,6888649648923077670
6966,4,14960958153857742854
6968,4,9449611708472108906
6977,4,7465565917953677352
6980,4,12065135685274911815
6982,4,8248136737427372983
6986,4,11299568555063980321
6987,4,83807247470024038
6988,4,11169817125050498043
6991,4,4256740543706873903
6996,4,17363770569633904740
7002,4,13602754811391551177
7006,4,7236364135236155686
7007,4,8649774695288195709
7030,4,10393604170671988261
7035,4,1196094967266335447
7043,4,16189371429956498871
7051,4,7050200276077631803
7059,4,2650297011603151121
7061,4,5598098137760559036
7063,4,2577812649219490713
7070,4,14198621649855919212
7074,4,16704103389196632769
7078,4,3349650052426886862
7082,4,13488705375583457283
7101,4,9415978541913897515
7120,4,16189371429956498871
7129,4,15531899968478580258
7134,4,17706423651842369916
7144,4,1317591958259959648
7145,4,9290185157327351385
7155,4,9631409892501108208
7156,4,1100521812654941055
7157,4,8856950460074290284
7160,4,3587148524295559568
7161,4,5047725047192772537
7178,4,2148641300113998575
7205,4,13067663960639403469
7208,4,1774595622794216681
7246,4,15881660350544740708
7251,4,9391170157604412196
7253,4,10282483837307115521
7267,4,12632789539440252035
7273,4,8892497555018539420
7274,4,8558585416888850158
7276,4,10244661865221585906
7283,4,9547428518288358211
7289,4,238967010977487301
7293,4,14588361412620152152
7294,4,7980019139897146298
7307,4,15559619791766597451
7324,4,3337081120145327138
7343,4,1193987005388686653
7354,4,16155932290316258780
7360,4,5793384531916379466
7372,4,6974708537208106257
7375,4,13373591841579070504
7386,4,13711735841193903476
7387,4,13504189036968448672
7392,4,15062263677977364987
7394,4,4574018278980954303
7406,4,11830356714050886841
7435,4,12011036576228089692
7463,4,8822757878815828206
7485,4,5145622089175223571
7495,4,7134731648789127649
7498,4,7904451183695442272
7502,4,13670093017325239223
7513,4,16176246845638757330
7531,4,13657294018486853172
7535,4,3807797091157123025
7539,4,4274014244879933818
7541,4,2532202688995213340
7543,4,5793384531916379466
7551,4,3444974662653021633
7557,4,2888879042210248092
7572,4,6019717228192935236
7614,4,9927494820811176975
7616,4,14472988060200226023
7617,4,11664503157555980673
7622,4,6497259467335457313
7638,4,17902020388890762963
7647,4,9962989175811581182
7667,4,15422723121729270758
7672,4,6749563267340701497
7673,4,12274209582883821187
7690,4,11350244954233124971
7697,4,12665274501824901278
7715,4,8869768274438784377
7720,4,7051195337027737722
7723,4,5832503026291634571
7724,4,13828227341077035212
7729,4,15479126247354604281
7730,4,8309467801435024085
7734,4,7271757735947803675
7736,4,15177647220149763216
7744,4,1387238898279898804
7760,4,12642297633328595816
7761,4,7916142365681582344
7775,4,18385313142391631899
7783,4,2974186667199389867
7795,4,10794671636383559805
7800,4,5588235614752845884
7812,4,14986540917817252781
7813,4,520091274428260605
7840,4,578073638741487179
7849,4,15289696968785466369
7852,4,13981161849119123671
7854,4,4305248176262013425
7864,4,4078024551192609516
7866,4,8100269173939003150
7887,4,14015567557486380824
7896,4,278338746266408519
7897,4,5323002238531279575
7899,4,5817658142529195285
7902,4,10151406501367883550
7903,4,14486340666663214753
7906,4,1754342877035113807
7910,4,6277774282442074445
7911,4,9786309345884174615
7925,4,4303562862382624464
7928,4,18237119869340227161
7938,4,2576523059985212746
7942,4,12575831965914044806
7943,4,14515343312738767440
7944,4,18383670410716877877
7970,4,830433879116610533
7985,4,1714274728881282376
7997,4,2243728592824736379
8000,4,10065833405472587314
8001,4,12571067645362247551
8004,4,1547388296754559037
8005,4,11977845153049721897
8008,4,17314772544683684918
8012,4,13745335426678822018
8014,4,15662924282213774958
8060,4,1712808908289586991
8065,4,8287901753890872558
8066,4,6805700005530809501
8075,4,10665924428842671688
8083,4,13912657679558857009
8086,4,10890718522010302395
8094,4,9437122813949283846
8100,4,5010209959208711887
8102,4,10278412266533403772
8118,4,18280524135239110668
8147,4,1868617505748355900
8168,4,6046059575722804228
8193,4,17649701483358385278
8194,4,11002768205612800351
8208,4,13155589535549914514
8213,4,15723120682801020397
8218,4,17970132502033223096
8221,4,17080092690479521417
8233,4,4217100303864952239
8235,4,13292529114419556252
8240,4,12040470534299391150
8255,4,8053167406806758604
8260,4,5094557537897238185
8272,4,14980757990034125359
8278,4,2204064929963056841
8282,4,16047922559358650913
8301,4,7990807413370085557
8312,4,25643046736317039
8340,4,6269510334276269078
8353,4,16833382690056651344
8362,4,12691796469001033991
8367,4,8596822017510604607
8369,4,12425425361554479894
8371,4,414681706191608729
8387,4,1345243699967786153
8391,4,12604749942464114485
8393,4,4375518370132623159
8397,4,8242700836615390224
8404,4,5032082895450672641
8411,4,5359051574048398180
8413,4,16334266564336890631
8425,4,13295481980530738929
8432,4,6710822672652726693
8463,4,15219826243073287269
8466,4,17106325132982771915
8469,4,7448781607519203309
8470,4,10042761722188006673
8484,4,11928315378954197592
8485,4,3306126348141331542
8486,4,15453049129680483391
8494,4,7473278709171775343
8495,4,6223126059211431225
8510,4,16105519558548552429
8519,4,14771859695412598782
8528,4,16497389589459995961
8535,4,583590117228204756
8551,4,8607254065338849069
8564,4,2712426806778389187
8565,4,12933148658969453845
8573,4,2371819930748258365
8579,4,4129248803161642083
8584,4,13715555446456851696
8591,4,16936710436010577482
8592,4,13374416149753733909
8596,4,8789439835960312208
8616,4,8413065898981838254
8627,4,12877579216789805770
8635,4,6068978398005284596
8636,4,17791220492534933553
8637,4,850477143931691856
8639,4,6068978398005284596
8645,4,141997970043986946
8649,4,895098042271817044
8652,4,6529622086455180753
8666,4,12901144465831525941
8678,4,14986226580315287120
8702,4,723610101939909125
8703,4,723610101939909125
8706,4,8789439835960312208
8717,4,14653194080199670298
8720,4,2229348603575705143
8721,4,769565792292056756
8742,4,15670474817622566168
8755,4,12279699758772913863
8756,4,8771699943166365282
8766,4,12709701464876122056
8769,4,2806418635679770991
8770,4,2806418635679770991
8782,4,12772284095894838839
8813,4,13532210715695029996
8815,4,17341052768080839161
8820,4,12234712287713484048
8825,4,89747089556637451
8843,4,13684422256654496505
8848,4,5590723502069348081
8854,4,8995707814879108132
8855,4,1026053338797147367
8883,4,6509852236105932632
8910,4,10940943123369119615
8921,4,1297647391361946376
8923,4,8583042832096064802
8938,4,693988362116129533
8942,4,2399935313867072207
8943,4,6825100271446879743
8947,4,12428594746574058919
8951,4,766923663142314945
8966,4,1461309844866306969
8968,4,1461309844866306969
8977,4,10649450333222346764
8978,4,374366639188451445
8979,4,2130183151806895609
8983,4,16566016238309035446
9011,4,13571482873867939665
9021,4,2067903091530262159
9055,4,3884538786757482997
9057,4,16269596575278305135
9076,4,300260060156721873
9084,4,10508768913531781701
9097,4,17047308867620718069
9107,4,15983047828334726924
9123,4,134638178115663920
9141,4,3794109153976080282
9142,4,7385348435586601278
9156,4,4031273860779885161
9175,4,18138823963097181834
9177,4,12168384777138720221
9186,4,15097592012211857578
9188,4,3674483338451233242
9206,4,12251359283573278578
9224,4,17419657239912872744
9238,4,5665429969386380401
9243,4,5552958466853001008
9249,4,9754416778347760785
9250,4,1641281667527260768
9258,4,16277869495635353211
9268,4,6369455704976815157
9278,4,524177209611715360
9281,4,10492578280863559764
9282,4,2250669927099925276
9294,4,2550760026355092896
9302,4,16188419795065894808
9303,4,1014568048169531780
9306,4,15559136929179355674
9309,4,15665056735982551925
9316,4,11795026675823032624
9324,4,8306114780949720150
9331,4,8128169024744290270
9332,4,14195176319403351375
9334,4,10359265974078600247
9336,4,10239651245687852841
9337,4,9972808291628042996
9344,4,6488070443390963320
9360,4,16072807024451550795
9370,4,5091110891988783515
9371,4,14133851673877860974
9372,4,9404408461224008142
9373,4,5086801609432721327
9380,4,15279952728407509130
9381,4,8571750939037882068
9392,4,15194660870145859606
9409,4,8520052711960886211
9412,4,3075143737922806155
9425,4,6488070443390963320
9445,4,10141340958651945730
9448,4,8310721981599952303
9462,4,17808561108379107674
9470,4,13664129955047503860
9493,4,5418446425079875384
9494,4,15147749188198093803
9501,4,11920794904597385486
9507,4,11271629657540068714
9508,4,253400150091628663
9515,4,11782459189747241133
9522,4,11920714438757499867
9542,4,3873916531886468805
9548,4,1927242685343536624
9556,4,11697155629332360881
9583,4,558183960246448746
9591,4,180513377685895885
9599,4,11553852492288835532
9600,4,11553852492288835532
9601,4,12908092796753311108
9603,4,2019011827045734815
9604,4,5349409357807002700
9613,4,8688123294244690634
9614,4,230667522220225048
9622,4,4301975013032968961
9625,4,2317087129626585700
9639,4,3009102721359759626
9653,4,3246902271301423160
9660,4,9359190731555578115
9665,4,4364327845795159234
9673,4,4834172742541419925
9682,4,4795747931673761521
9701,4,13103414341681142941
9712,4,9331946713782738458
9719,4,418632418113926220
9729,4,10985854533853358258
9734,4,9334260798154510715
9751,4,8037025548104955570
9755,4,7418306005195726468
9770,4,11852253536413270289
9796,4,8011240183881158095
9799,4,2023563427585296646
9810,4,10541892982150834297
9815,4,1743185099166695363
9816,4,4759686379474544774
9817,4,7051718407298142546
9828,4,8210582847341187936
9829,4,16120028642809494163
9834,4,9292548312783269329
9842,4,12240558034779355665
9855,4,16112122923043988986
9857,4,11080674855407904786
9863,4,15410638694305440548
9873,4,15345797014974870207
9874,4,2632742264515138938
9879,4,13705661339704952997
9892,4,1699980222004601792
9893,4,17489581890356116061
9899,4,7958787184867717389
9907,4,1208557717629706286
9913,4,7116766215427452252
9926,4,17000931908650837031
9929,4,2248708946275090871
9933,4,13807523456086866189
9964,4,4063277945786696990
9986,4,14680001051957738117
9987,4,16985413971744927762
9989,4,5347924204213453024
9992,4,15031674253738154197
9994,4,7599451856429690393
10022,4,15998868300908625709
10023,4,536563197955560831
10037,4,10461687415632853762
10045,4,7138543095659043221
10049,4,8889553860870040875
10060,4,10470412781449525801
10061,4,2358399086478911131
10065,4,13752450693955917257
10079,4,14523175085604741246
10117,4,6504737720465547991
10119,4,4767792320476556680
10121,4,6124860252325800002
10122,4,13027596806895843328
10125,4,8699218447614536020
10131,4,6118227314006276351
10132,4,15162851519643384617
10145,4,4646661540554293488
10148,4,4767792320476556680
10150,4,7752349667935037856
10158,4,8003714284545498828
10166,4,4830963112054808745
10167,4,2471788697932997802
10169,4,2430709943493040615
10174,4,10695752931683410749
10179,4,18082979976814386646
10181,4,8302939071924114542
10186,4,3211052940726569744
10191,4,9566080928178133860
10194,4,11296047519792766785
10217,4,16083515845956447789
10223,4,10077448600192600925
10226,4,639160958019594915
10227,4,14024454663507894908
10234,4,12813867631335970556
10243,4,1097464934431398796
10245,4,7131822691009449670
10252,4,502695647052983917
10262,4,1088022376372147050
10307,4,3162110388498703758
10315,4,6226755024269296368
10316,4,17092633342009999175
10338,4,9116708164015975160
10340,4,6226829481043299036
10351,4,11586356271569806854
10353,4,14497342389964931022
10374,4,11127157715287576416
10384,4,8096603060711097123
10393,4,8790878955403479198
10398,4,997064489611154183
10409,4,1506205457965672491
10414,4,10667539300964885554
10415,4,13582733711962362956
10416,4,18329516589933200602
10423,4,1961413155438132765
10439,4,12309823172428668588
10441,4,3586515288838824827
10446,4,3669842642388079857
10455,4,17558854501089726364
10480,4,14126882237121040532
10484,4,9201307411985061170
10486,4,16420984866239866425
10514,4,7970203077542329122
10525,4,4798582726757874801
10532,4,2705197180151759990
10553,4,17307768668241695884
10557,4,9003845893786650148
10566,4,9047745134559329498
10577,4,15094978818060080025
10597,4,10056464194510411626
10598,4,13218073604330102765
10604,4,1720058677185879467
10613,4,18161905367404076565
10633,4,8414880655956125667
10643,4,14954913937639076054
10666,4,934843846989479055
10673,4,13791855176803020019
10676,4,10636210229292987017
10692,4,15301266742952961544
10693,4,7896510218241683495
10697,4,4565341895850035740
10701,4,5174941941821840345
10715,4,4641408075347511853
10717,4,9166261074116464761
10725,4,2632124079701539402
10736,4,5867515295615175110
10738,4,2613268518075741042
10743,4,6768948168599353550
10789,4,2059758688301936756
10795,4,8777244307168177788
10798,4,9754278393225528017
10799,4,17599238957300308218
10800,4,7920903388169994206
10806,4,450532858011635578
10807,4,12960411742258078862
10813,4,12396430872030138760
10815,4,2821111623130722694
10821,4,5669147889024572915
10827,4,10931634237309653267
10829,4,9862707091158227650
10832,4,662146310527239334
10837,4,14813414437446960715
10839,4,193332163964117925
10851,4,15146609149423235533
10856,4,16036371950092073492
10884,4,7178224444441595237
10885,4,3942408395875230234
10907,4,17689363173384328658
10912,4,17361008553538592395
10921,4,7304425805049880123
10923,4,18195146407625436646
10932,4,16099188430429219202
10934,4,6893222049501401703
10961,4,18390658934885403026
10964,4,6244653873276769690
10965,4,11474688917361691625
10982,4,2119226764412898831
11006,4,10081303433226923695
11010,4,7570194748494950477
11016,4,13559709510689360868
11026,4,8765614873499042573
11029,4,1739810998902355807
11031,4,17096954640196025263
11037,4,10041991425952740882
11041,4,1171330436710112327
11048,4,6228497325372576418
11059,4,5865466089742114030
11066,4,1188907737063100203
11085,4,8218735065038884931
11090,4,3619804724513853632
11098,4,16372190297507595375
11102,4,3511308516529989919
11113,4,6711770368678055017
11124,4,6443358844404162166
11127,4,3939282668177618872
11136,4,9477898000476187443
11141,4,1297654296835576667
11144,4,9440788265648870576
11147,4,7584634054899003609
11149,4,8898524955401813139
11151,4,11042158525521947485
11159,4,933228702259784934
11162,4,5464045926635680637
11171,4,1735221830862448425
11172,4,127656618201140240
11177,4,2288043592068015426
11197,4,9204845781702667715
11200,4,127656618201140240
11214,4,18183165913857704320
11215,4,1284418563989736542
11221,4,12672731970637858603
11245,4,12908874314647888962
11257,4,14805873325629082016
11258,4,5602969972300405565
11259,4,10256218324741327625
11276,4,7489314151340932628
11285,4,2728686338478606642
11289,4,2288043592068015426
11321,4,18421757368647612102
11322,4,6828033283298563805
11330,4,1328110092312356601
11331,4,16563645654471321637
11333,4,15912136275899838422
11354,4,5996446598284953379
11364,4,11715038773914287064
11369,4,6450283934505563583
11371,4,7742228431088541907
11390,4,709059837085867976
11396,4,14253686120563086207
11420,4,13802132955657819820
11438,4,17251923983359845981
11442,4,1915995616280659984
11448,4,11745212245619587269
11454,4,11745212245619587269
11457,4,5459319571706652081
11467,4,4644446534230693944
11473,4,1480922652770878418
11487,4,9857185754852500452
11491,4,11737013938765402027
11499,4,5244389661879539101
11513,4,16834951947865780252
11533,4,15944268785850214253
11534,4,12561827770052776536
11538,4,1705591799145487160
11542,4,8342190407815784993
11545,4,1693946656699317932
11548,4,16122107194014029655
11553,4,7676401240872214290
11566,4,14210398314001766867
11579,4,5369514167594375360
11594,4,11958370000547688733
11603,4,6819024999620225422
11604,4,590250723050476695
11606,4,112177692494893729
11609,4,13467634294538428971
11629,4,13066336750415235425
11643,4,18198044558587033094
11655,4,11752794999466320468
11659,4,3845277654682705181
11667,4,7597764930311994231
11668,4,14126304109282323598
11671,4,4320643842338784256
11679,4,3010751714829420735
11708,4,8411099363585062548
11709,4,9763717953989059554
11714,4,15591954373125669828
11720,4,843122184434037089
11729,4,10925843489519336907
11734,4,9693750573670921945
11758,4,14352855279082264556
11764,4,1994561932104689245
11766,4,15422185931946086197
11781,4,2659067742725560774
11782,4,13560691001385057142
11788,4,11170202189122280809
11800,4,1649881036952095127
11804,4,8611041938210300898
11805,4,12108194235710691984
11811,4,3471270279489931446
11821,4,12375517963089706179
11831,4,15244366150050875751
11838,4,1956432403966122334
11840,4,13806637369029402906
11845,4,10275615066652857373
11846,4,18366417174366609985
11848,4,12335724253845480243
11858,4,10944786336502473967
11862,4,2868901735021954429
11871,4,10661339180317627384
11880,4,7968845132943132350
11887,4,5241095496428740058
11890,4,8151028744982335103
11896,4,17670186247367988972
11902,4,14149896801032779861
11909,4,17526366752144454378
11911,4,343712615133335231
11929,4,6497622675613247943
12006,4,12678624102802740147
12011,4,16896811879782616607
12016,4,14811187727035809259
12042,4,2980488845399537829
12043,4,11640378137210574558
12045,4,4862102605034929539
12064,4,5819596515534898492
12066,4,5292103838482426101
12074,4,17694432742926042006
12086,4,11133092149700250955
12090,4,5812140039819307132
12105,4,6827086616871205995
12111,4,13308185631456811473
12119,4,3822228330995297029
12125,4,9204287826830325072
12132,4,10762526045252320367
12150,4,7904858598626937610
12152,4,12862402385973765490
12179,4,4641671279904312082
12180,4,11601685765761210655
12187,4,391874750286710891
12199,4,9247733637596082816
12206,4,4931887449411297480
12209,4,11702913376562096290
12211,4,3669906417335692214
12217,4,4662317062167083958
12229,4,7666519150602308810
12236,4,6200731256127025681
12238,4,3299917221856581694
12246,4,6428017783996703645
12254,4,4225828530456228478
12259,4,17754783208018612924
12263,4,9424923284253920312
12270,4,17950593359287344888
12283,4,6449486816688286400
12286,4,11908237219137677074
12288,4,11918544384005025671
12293,4,17833341356529791966
12298,4,16590516023735334846
12324,4,10427613538070453957
12333,4,638912145927737074
12334,4,10939287810579323173
12341,4,17354822272926511954
12370,4,9045474777368622268
12377,4,15923252428224543244
12390,4,10655100498430088674
12391,4,3589914149783053252
12397,4,1137852940636241639
12413,4,13494693461890061589
12423,4,5031722483547483290
12425,4,17195238400493924398
12441,4,5255144975977011834
12443,4,3286702740492588650
12449,4,3170794870140969474
12451,4,11478269946376999280
12456,4,3313632427304130738
12459,4,15524326975507568356
12490,4,3581584237969066681
12505,4,17755645210900046730
12512,4,1534003346719395515
12519,4,10518772881292694435
12531,4,17173934854863189018
12533,4,1924433197532081463
12540,4,10014775454608354867
12547,4,989947879756723841
12548,4,11961926775099273451
12549,4,16410691082157847920
12550,4,824373231619348668
12553,4,10491700796443391701
12554,4,10518772881292694435
12556,4,1127633151003897834
12558,4,15019534998771430145
12571,4,7885414018341669403
12585,4,5151673203345360498
12588,4,15303627262795162594
12608,4,13624334396162268445
12614,4,17416207633808737699
12622,4,2295390115436335600
12668,4,11689720965600565276
12686,4,12099111768146700222
12690,4,16633882577269664081
12709,4,1565593502558657362
12712,4,593162721146243744
12716,4,1404077389414946122
12740,4,4264940624394055181
12746,4,14959566561776237270
12753,4,7228657818191212982
12770,4,7451074162234973810
12778,4,13743137275509069012
12780,4,6485577832103676285
12781,4,12982177023999041804
12783,4,13635403934407164692
12787,4,12982177023999041804
12792,4,3726224470325002789
12797,4,13438246566892640149
12800,4,3619383425653771652
12804,4,3406689868162071933
12807,4,1668597985569610553
12817,4,12368923984531026230
12818,4,14342692299758281070
12820,4,14342692299758281070
12828,4,7754066857200920741
12831,4,1668597985569610553
12832,4,13084162107236531831
12833,4,13084162107236531831
12836,4,16650954041693878686
12838,4,16086401715183894685
12840,4,7754066857200920741
12849,4,10342743311044458084
12890,4,6075497214716962337
12916,4,18177070067119018045
12918,4,3229984393656795836
12939,4,5428455442770955676
12943,4,15517275155586702228
12944,4,17188890413781299370
12948,4,189434853886222613
12949,4,10030066951314510773
12959,4,18196509794565874833
12981,4,7767118634271168511
12986,4,6338556019545623548
13003,4,3991779993090804849
13018,4,6662940148276857723
13040,4,10345697512544230933
13044,4,1698816372653406756
13058,4,6338556019545623548
13070,4,16086401715183894685
13076,4,16086401715183894685
13078,4,7875929677247952477
13080,4,7875929677247952477
13081,4,7875929677247952477
13082,4,3414038589678536787
13084,4,16086401715183894685
13092,4,9447218749073722679
13094,4,6485577832103676285
13106,4,6399692797827037382
13140,4,98772551844410842
13153,4,491550726854034810
13157,4,491550726854034810
13158,4,491550726854034810
13161,4,491550726854034810
13174,4,16833299301144481596
13186,4,17488101989420847100
13199,4,5622234668692556517
13200,4,5229749660020091391
13208,4,3452480308966579300
13211,4,14253643635842962097
13221,4,6088303274162357782
13236,4,2473873455078352533
13240,4,2473873455078352533
13250,4,4679796081482599304
13256,4,3321580920282118399
13284,4,15397365530510920279
13287,4,6882486342785197323
13299,4,11222860391861227211
13321,4,10789742507116245125
13333,4,13726260275030387001
13336,4,17318135285846358638
13355,4,10625795311449216482
13380,4,993369119215014394
13393,4,13304318450985989712
13415,4,2404877945309814618
13416,4,9268552200905153367
13422,4,1472753304014422621
13435,4,14711509188071742591
13437,4,10306255444339256394
13450,4,2795337948624852500
13452,4,18199256342374871920
13460,4,14933406928021742940
13462,4,4716594894259538467
13463,4,14995057264976675145
13476,4,9222643563360564417
13479,4,7415343979354818236
13482,4,2059046315942356044
13492,4,7258456866181458284
13493,4,10763995629538397881
13494,4,6861647615435226126
13498,4,4084750078205232880
13499,4,4084750078205232880
13501,4,6664139437605144299
13505,4,8354386157390476827
13520,4,6271201372648639411
13537,4,3690996194755318567
13552,4,14353571161400845253
13565,4,14351280279784617288
13566,4,14351280279784617288
13568,4,13752754881600129689
13589,4,5862022531008652822
13591,4,8208002191189583094
13592,4,5862022531008652822
13593,4,17452685033698095103
13607,4,5821427389285322535
13647,4,7331085128411704485
13652,4,4339476867501324786
13659,4,9033200849434396684
13662,4,11247406831797027645
13664,4,15363678543265208583
13677,4,8712715338552282444
13686,4,7818399206422271657
13692,4,13688110618490726460
13697,4,15484549807408681999
13712,4,5118385568792275380
13728,4,190824296601921722
13748,4,13507916626629665780
13750,4,13507916626629665780
13755,4,13507916626629665780
13763,4,227620015825970478
13773,4,8706144865345024197
13777,4,10951884282506314731
13784,4,1405006126060849515
13807,4,3157087544846410366
13814,4,1502709561977313047
13824,4,11686084066991724356
13861,4,6597545223426446007
13863,4,6626616131624578459
13867,4,12674419593044754828
13885,4,10007023544988130101
13886,4,1203734832400323256
13889,4,4619209192159184292
13892,4,3866279643977511216
13916,4,12944580053293763047
13918,4,7074902233538435183
13931,4,15073858955017675514
13943,4,15962438096114585708
13968,4,16378255836142691558
13980,4,16935248854971775252
13994,4,12065844945556076040
14009,4,15132125078387249965
14013,4,6270609068320069368
14017,4,7686602601537640798
14024,4,13527909016819084835
14031,4,13092054771121796225
14037,4,4204091652080742148
14042,4,6541748842366001307
14044,4,11865900176346531614
14055,4,12866524667325166735
14056,4,16935248854971775252
14066,4,6154422928135057793
14072,4,14829186411795898891
14078,4,5534991548922426465
14098,4,3250426688613622387
14107,4,16132392323735337728
14108,4,3106411492102549778
14109,4,12959731454920612827
14120,4,15106246656476090961
14121,4,2424462185224335623
14137,4,16299990119632460104
14139,4,10650693478655073477
14150,4,16893277333869493031
14153,4,2109705913338817783
14154,4,3250426688613622387
14172,4,15637041473039960760
14187,4,475327057502375270
14207,4,7300833279458645820
14220,4,15609933764602731568
14221,4,2424346114679201959
14225,4,420018943060267380
14261,4,11953771671531665848
14281,4,4693639052874554473
14282,4,6370982171555603065
14291,4,16946938684301917151
14296,4,4644076171013448990
14304,4,1345081705098994283
14309,4,17690576458597937073
14315,4,9705167984850568485
14328,4,9976808430514159441
14345,4,14906988065597177676
14350,4,4634816488333067291
14351,4,11401805735905952860
14363,4,11867917966888018976
14366,4,5362924678834708120
14378,4,17163666563344965969
14383,4,14242695695159856595
14388,4,13152550337976847182
14390,4,18344737405393305867
14393,4,2606966101793538080
14397,4,13750182373111442273
14405,4,6227495255280826991
14408,4,10015109448188175239
14421,4,3421247991521322399
14423,4,8749853266071042029
14424,4,11460453877889733865
14433,4,14900453741339323045
14447,4,13812780387949470129
14457,4,3318754669087415154
14470,4,13547503273346650755
14481,4,1339060268863865136
14500,4,16204985827477249308
14505,4,1419579480613260745
14511,4,14711595979721676080
14529,4,12277072795836781035
14533,4,7736013087435130943
14548,4,15419969655708914578
14555,4,1838968738318645105
14568,4,8102768960550962741
14582,4,3287862357809479864
14590,4,3095074487110008558
14592,4,2189444776968393562
14603,4,11721646306021616847
14607,4,6495250290014984970
14619,4,17643898154608581797
14621,4,343554554111022889
14638,4,1072012156977765116
14650,4,12877236899571774219
14652,4,2809807967739464739
14676,4,8972368517569230193
14678,4,10829224418622377963
14691,4,926349224086175676
14694,4,6407710331889497286
14696,4,9531301331217999029
14702,4,11469133061223240772
14705,4,18399854780673134980
14720,4,2012960288540899686
14729,4,17966072064928611773
14733,4,15863133349132089402
14735,4,7613228050951814324
14738,4,14574175317840393373
14741,4,4762193526415555732
14754,4,4796893002661955804
14761,4,13672436051294756920
14764,4,13672436051294756920
14782,4,4133778280133372067
14784,4,17022541807852969447
14795,4,12065260234730500676
14802,4,7381029613957710080
14808,4,559041179154279475
14824,4,12271731636978664624
14833,4,13580602651610157444
14842,4,1840489005072770655
14847,4,2506592757828766773
14851,4,1604092453604297734
14857,4,2494596270090652757
14860,4,9655308971393317136
14863,4,15566220833830340479
14876,4,17931145470640025086
14878,4,12065260234730500676
14881,4,12065260234730500676
14895,4,5667730670584955738
14896,4,15117588875547621053
14899,4,7613228050951814324
14908,4,8987137380185451401
14913,4,9344182201830312310
14920,4,11694690296015503170
14934,4,12168967957044793423
14939,4,14993714841873397633
14940,4,12556903605054696648
14944,4,1840489005072770655
14982,4,447782400436821272
14995,4,6266338604795208528
14999,4,17050623084698828740
15018,4,7776709579742724038
15019,4,15384788847895026775
15029,4,9712398001900630805
15038,4,17740105842971930961
15042,4,1841123166836378474
15046,4,5009459232783465563
15065,4,1861324743474656876
15066,4,11211265012269243929
15072,4,15759770187327439996
15073,4,15759770187327439996
15076,4,15759770187327439996
15086,4,8024366595089603135
15089,4,11183761016482181794
15092,4,4769498409050073889
15095,4,16886216386059100233
15099,4,13610393055469393998
15124,4,1035106907220203564
15137,4,16737766518488870789
15139,4,16737766518488870789
15146,4,10447325999319402315
15151,4,16737766518488870789
15153,4,8499926191375928904
15156,4,15206179190099042328
15158,4,6424671913512535096
15164,4,6958231742691847563
15169,4,9679444509657778155
15170,4,15450222683587188320
15182,4,16263440772410241599
15189,4,11238172370028268729
15192,4,11238172370028268729
15193,4,14004443719085903671
15194,4,5815006688873078027
15211,4,10119431841606485528
15213,4,11366431375792153901
15214,4,8843852205242002689
15218,4,10119431841606485528
15228,4,18226875135187056629
15235,4,6250879983240187639
15258,4,1730571403804276364
15274,4,540191157259830282
15275,4,6778777707356637377
15284,4,18351544068331431273
15285,4,18351544068331431273
15296,4,3100242869104024751
15299,4,7484099314083107736
15327,4,14735142015584718811
15384,4,8525933347989146435
15386,4,1242358773536506985
15391,4,9745916458216294897
15403,4,7807894462917789161
15417,4,6594459292124975673
15427,4,2819323114108768251
15431,4,2208625391812583710
15433,4,2064197127258343731
15434,4,10810371117404083780
15437,4,10810371117404083780
15440,4,4377416595166160875
15447,4,4612012313304938639
15456,4,7458110799194367099
15480,4,835469286281571828
15481,4,835469286281571828
15485,4,12530524839759392174
15496,4,9415573478770400541
15500,4,1204889251204976883
15502,4,5012273630945478618
15508,4,13129208683937784747
15520,4,5692784142686298443
15523,4,14512299156231834814
15531,4,5692784142686298443
15532,4,8144661252469839675
15546,4,8797735879598336094
15550,4,5579959352778856366
15553,4,13324062035884072302
15569,4,6185704034363201168
15570,4,11710603649801836718
15574,4,959615764603690767
15591,4,13087588967717783929
15604,4,14355045110348439930
15608,4,8799745775351632730
15610,4,1460742867040633404
15613,4,17229938305086971909
15624,4,12250162342791520536
15643,4,14709346216512796189
15646,4,13624334396162268445
15653,4,909985258036218569
15656,4,8916212614493173582
15661,4,2977835607304450023
15663,4,17788312623462754271
15664,4,11294069035195929108
15689,4,11413494454901933838
15708,4,10357592105181072580
15718,4,11465025461979197115
15728,4,17478106116887366559
15734,4,910305325467699270
15738,4,8540467000996229581
15750,4,13273768343560334832
15757,4,15916480673807463908
15767,4,6819453559667959048
15772,4,5651326905915097865
15775,4,13164110149747013492
15777,4,7151306231428660677
15786,4,431909445887280067
15790,4,15643235360894842685
15799,4,5797497207604527345
15831,4,13594735759974663311
15843,4,14045312692095420238
15845,4,11875310429596894581
15855,4,10940657086225190062
15861,4,5613201472991329631
15871,4,10196803128328188960
15882,4,13624334396162268445
15889,4,1099417821430541270
15946,4,17952000759668301499
15950,4,4230986607275205545
15956,4,6092567696752386605
15977,4,18381846407405056989
15984,4,7639095735343664994
15987,4,9701730330167477829
15999,4,1650660243557738045
16002,4,12036572853696322616
16012,4,14096929184593042957
16022,4,8254640620169118015
16028,4,11324017654557638572
16037,4,8843049795498109348
16038,4,8843049795498109348
16069,4,8050316440942564921
16095,4,10816395290489158125
16112,4,8936368946182555197
16131,4,12283290779328230100
16137,4,1089250442998036297
16150,4,15656442354419274225
16165,4,1580906004674275063
16166,4,15180063636555282492
16187,4,15593186323020383293
16189,4,2747359011018187105
16195,4,7795850701123349026
16197,4,12626944926772021476
16204,4,16105931065588894332
16214,4,9010258204153394548
16219,4,18065974737328052046
16221,4,953175444949037291
16222,4,953175444949037291
16223,4,953175444949037291
16224,4,953175444949037291
16226,4,953175444949037291
16227,4,2537355256655752868
16237,4,7929424090783250612
16248,4,15739258532739000277
16262,4,16902890132366622063
16267,4,5283533304821373948
16271,4,15233291444535798845
16273,4,7538071076959973354
16275,4,4420158054647152233
16288,4,9533721530001459863
16295,4,15572463946852175436
16298,4,1571757954342763656
16299,4,7538071076959973354
16301,4,5882130932252057662
16303,4,18119155747125008559
16306,4,4422810527394803014
16309,4,6596606367483595354
16310,4,7874210969100387254
16321,4,1684939551359681709
16348,4,16749310254844137635
16354,4,279936705168096336
16361,4,11709006753013372314
16366,4,9341098681756363580
16374,4,18059366504618285195
16391,4,12305241640486674892
16411,4,12065337477837665345
16422,4,13444076252033546911
16424,4,13444076252033546911
16425,4,1448230101156879142
16433,4,17496830684823588830
16434,4,4594121797117743130
16438,4,7512531949223721391
16447,4,9208628168493238078
16457,4,9559080462871890540
16458,4,9619513748683887573
16470,4,5174646351359960385
16474,4,3933775058135440913
16490,4,1064687225224678546
16499,4,2205229248166681973
16500,4,10263762378574413587
16515,4,2205229248166681973
16516,4,3875934255298899226
16517,4,11264752614501471184
16527,4,12547773145263869190
16542,4,484064819465014546
16551,4,12456540508877330751
16575,4,8158180594570600769
16577,4,14448349168428207022
16579,4,693909552456099412
16581,4,17337857619705796136
16589,4,16140434424759432024
16597,4,8948761303868926370
16604,4,1187954672114519420
16610,4,3269315392152188109
16614,4,3921806030139107023
16621,4,3269315392152188109
16623,4,5477266559143177454
16628,4,5715892691545387428
16632,4,7467626156311914922
16636,4,705742358631838386
16638,4,17671826123927441957
16641,4,9399736761001979305
16645,4,5633304918458920044
16647,4,16275019388598223988
16649,4,14277516134974331943
16664,4,2512068997662917852
16669,4,13627420406979782769
16678,4,12946938448514291088
16679,4,12006896957912804243
16683,4,746614338819323171
16697,4,5734322499287827254
16704,4,14639607450539185166
16707,4,3141899384020612270
16718,4,3523744812485867336
16723,4,6242272408446269581
16726,4,1787700552073743417
16734,4,616556927924451265
16740,4,17457087847798136664
16745,4,13236693696060911770
16750,4,3647385905650622622
16751,4,3647385905650622622
16765,4,18104716976993691144
16773,4,5985845965249163390
16776,4,6637434531532517403
16779,4,11742835247739489513
16810,4,11480732938452101426
16818,4,2402752841162717516
16819,4,1148826871191292847
16820,4,18389440405547545432
16825,4,15948513487025529639
16835,4,10196319950877443182
16839,4,9315292876664710073
16871,4,11640340655328151791
16879,4,10270605442516545432
16882,4,13164319733120933559
16893,4,6978696010576316635
16895,4,6978696010576316635
16899,4,10887036712103394060
16900,4,6873322305365493170
16918,4,11475508212930706455
16922,4,18076918245375895424
16931,4,6662436095991575886
16937,4,1823452852076300208
16938,4,14380769430796414389
16945,4,13689739602436139875
16951,4,10887036712103394060
16956,4,1148826871191292847
16958,4,17790271615957203502
16970,4,1966897010910626301
16981,4,6928979406283197731
16987,4,9900579281011254951
16988,4,12524209655113587760
16995,4,3601270437189523644
16997,4,1942459691050150993
17000,4,6330755624870111892
17001,4,1148826871191292847
17005,4,1425479166182958979
17010,4,5645339025699092376
17018,4,3270232104081836894
17043,4,17628927636471232873
17051,4,13090216472245531386
17055,4,8420130101159691629
17058,4,6008748461452489652
17065,4,13309028515128843612
17078,4,2861379112822559389
17079,4,16638562474935617763
17107,4,16230926839118885344
17133,4,15640186630713639520
17142,4,6844127588539126436
17143,4,16585413501571441077
17160,4,16585413501571441077
17164,4,13695027607730691496
17182,4,3244407878319041957
17193,4,3504864279431263451
17220,4,5527520215783115626
17241,4,15231018613141454083
17250,4,15404588731704916543
17261,4,4496125119891984921
17262,4,18351376475767995958
17274,4,10037513565661397857
17279,4,6049056588445989161
17281,4,8414651871382448281
17289,4,6341974161758523076
17318,4,5090665814343398789
17331,4,16625602817921636670
17336,4,104823176519491602
17340,4,35911797347075804
17360,4,4357014950978124005
17365,4,9504768109793706393
17371,4,7129725396460975362
17380,4,9477281497361978031
17408,4,7975718676490878300
17411,4,2852610453438994445
17412,4,9885069768819399845
17436,4,3720324693612815419
17439,4,1287424681892017224
17440,4,12041298442165358902
17442,4,3186945972246754803
17444,4,8880420948821954453
17460,4,11531538199867858048
17476,4,798847575964548760
17478,4,13083697458570390253
17481,4,14760059332445293310
17491,4,3361640263670697533
17512,4,1738382845891943533
17534,4,13971807015877104014
17538,4,17081870037278813690
17541,4,9871456477133876840
17555,4,10024347009791891442
17560,4,8400258937118389194
17565,4,8118522943209033563
17569,4,13320808980380718893
17575,4,1749407419850140416
17579,4,17240322914746094264
17583,4,17190935673909354118
17606,4,16594273571721687918
17632,4,7877486861395899640
17635,4,15402754202380333514
17639,4,11413871059933240226
17640,4,15950458197206094889
17643,4,7597409715832945211
17666,4,2616687798165681888
17669,4,2213213682616442821
17686,4,15766354500632393724
17689,4,1124258773616076359
17702,4,3435469675420961798
17707,4,12890535385955283997
17724,4,13122191044520423849
17725,4,14140822068075004353
17728,4,12105334208627685187
17741,4,15475771065861444180
17747,4,1638696585272628339
17757,4,2977106584516779148
17762,4,5779464003364915713
17767,4,1638696585272628339
17773,4,11082804809872320987
17774,4,3055149517931897193
17785,4,15856613939496169859
17800,4,15011763554730217798
17805,4,11543066936648212436
17814,4,6477795122752314029
17840,4,16460528487423260979
17844,4,12900927801541440439
17846,4,9917814492980165165
17873,4,12700509377146471121
17888,4,15969450761165004700
17896,4,10378696305148688164
17899,4,11276270210804238646
17911,4,919744324280077141
17921,4,11199041468547477562
17947,4,11847920728285000729
17959,4,15690085846824194780
17970,4,10890936860545396816
18005,4,14665543301701727883
18009,4,16180800091842206764
18020,4,6529599893691139429
18022,4,2481121197107287335
18028,4,10116345013799039932
18038,4,13089418055279560587
18041,4,16502398506197851611
18046,4,16272631863232804686
18051,4,6710154287192275516
18079,4,14010497817187362607
18092,4,2202709527663397833
18094,4,14238839805823188023
18099,4,2202709527663397833
18103,4,5829923375788958597
18108,4,9476335322102450340
18112,4,17060085076491421971
18117,4,17481510092285690996
18119,4,6470618620942850716
18120,4,420613854196801941
18121,4,7825997719500556885
18122,4,8976748413566682566
18128,4,14394952043202380775
18129,4,15473579094190741331
18140,4,15061770409582895417
18143,4,14394952043202380775
18154,4,14394952043202380775
18156,4,1796332763000679185
18159,4,17481510092285690996
18164,4,12019060285354128646
18167,4,12019060285354128646
18180,4,16952874353549126580
18183,4,5559923695710748857
18185,4,4813177469128366233
18187,4,10871625503072018886
18192,4,8096242146463774038
18202,4,14559298135768267816
18206,4,3445339890848276383
18221,4,13467778040546851617
18233,4,7903770632564117692
18240,4,17373283930383916443
18253,4,1034231827500016272
18260,4,2881423995169070472
18295,4,265182921212132441
18301,4,5165330804750784250
18336,4,12211493251795543324
18338,4,87186648802451181
18340,4,8161246316662832277
18345,4,18092222137380633625
18346,4,16630509075579454469
18347,4,16989596468318045081
18360,4,7879415885262230976
18366,4,6215347216218554070
18369,4,15307144167615383512
18373,4,10719600977909016074
18379,4,17483570923321081491
18380,4,14402498824054275072
18385,4,17845473320057842258
18395,4,13235349857694271581
18405,4,3171528437987792474
18411,4,11937803417226972262
18414,4,3492043009594697885
18415,4,11937803417226972262
18430,4,10618877189832731755
18438,4,18340427049514274444
18441,4,2908012963482636015
18443,4,3271284064861807764
18445,4,11782616898226692483
18447,4,12471533086424684590
18451,4,14862432057296746203
18456,4,8002991025944109936
18468,4,1569780928378218573
18476,4,12805264503587956728
18478,4,12622348193086486245
18481,4,8713434114261266397
18486,4,17179837810248935770
18501,4,11787568367321991079
18530,4,385502730629103770
18543,4,15828936473604813967
18546,4,73393435836251451
18555,4,18189755861062541905
18564,4,9911360242513451487
18590,4,978718661308076408
18606,4,15011330599161517559
18610,4,6017302030540175978
18611,4,15346365609789663664
18629,4,14246359319184114728
18630,4,17442873367987247823
18647,4,6922184680250152584
18652,4,8596202008902427763
18659,4,17439736087461069424
18660,4,9829761272876930570
18663,4,15015717440667645440
18668,4,4692451095504276226
18675,4,12736542381063915644
18679,4,17434635310577553129
18683,4,11133944455159649153
18697,4,2888156829076306703
18698,4,9572962823889607844
18700,4,6441652951626287304
18706,4,5118886752530905954
18720,4,1636493534827990482
18725,4,1944716563684096930
18729,4,6790174216990807120
18736,4,5292500470605460063
18741,4,3590441238283444638
18747,4,3113486715855405363
18751,4,1119511119593034178
18754,4,3664956794704070874
18772,4,15054516563316620124
18773,4,13571376156304502817
18787,4,11896350899903675112
18789,4,5333374880084343092
18791,4,15148261304223834857
18811,4,809822699499875724
18815,4,6333226594779962314
18832,4,3941605974492530614
18833,4,16471131495425808914
18835,4,5728327849561151835
18836,4,5728327849561151835
18837,4,5728327849561151835
18838,4,5728327849561151835
18842,4,4158019376748872724
18843,4,15152561818421172195
18861,4,12261847746532925569
18885,4,4781957183590004744
18886,4,3168900838590300760
18914,4,4910080336919966580
18916,4,17340485534276019019
18917,4,12945784032485840728
18918,4,16134306700362331223
18923,4,5345240642214095522
18935,4,14779354311667160827
18957,4,10069329097225971286
18965,4,7676944347751200760
18998,4,10662292508725270113
19003,4,8784830635444990292
19008,4,4403864208438116025
19010,4,2006035033264789495
19011,4,2774975161876600499
19028,4,661219637643679032
19029,4,661219637643679032
19033,4,17590357318314851565
19041,4,3792417492003272546
19043,4,3792417492003272546
19053,4,17317034861619456970
19055,4,2186461562865194615
19064,4,1698205575322439592
19067,4,5533809262055196061
19068,4,5599867178423273391
19073,4,10262899276285043804
19081,4,6815733255294194839
19114,4,17641080279534747596
19120,4,12078598245851498921
19122,4,6528974047915940924
19123,4,2209959818527797152
19129,4,16742000428702643312
19135,4,3129314947604546750
19145,4,9101948778727230163
19147,4,4403864208438116025
19148,4,4403864208438116025
19152,4,8248906624630741577
19154,4,9939701190037803665
19158,4,17491969192229070960
19165,4,17491969192229070960
19169,4,2789709849774814769
19182,4,4556195703656501916
19200,4,411574470771069016
19210,4,7026017582248945735
19214,4,8613763213638586239
19227,4,13416466871380545970
19229,4,3213174458481191384
19232,4,1905886886718110081
19236,4,127394743770465437
19237,4,4663018356795779956
19238,4,127394743770465437
19250,4,17979516099542890967
19255,4,8750201957845981472
19259,4,9005037488956634128
19297,4,13882083733173293251
19309,4,13976093133674728364
19316,4,7759696783948603815
19323,4,3977205087007025264
19331,4,3163743023216297580
19332,4,5117433733984866969
19345,4,17945324760727401468
19346,4,17945324760727401468
19358,4,2334458478654616203
19377,4,17876556632035049283
19382,4,2420003351347420823
19414,4,12009971260586516298
19419,4,1610149242539329882
19421,4,9739252759476863471
19430,4,11428620243818312659
19445,4,973698349493978737
19456,4,4689213437591166244
19459,4,14546636518087467399
19463,4,1652367984547018317
19465,4,1652367984547018317
19466,4,1652367984547018317
19467,4,9507817523718334233
19471,4,9507817523718334233
19478,4,199833645307368850
19480,4,4689213437591166244
19488,4,18321638176833537809
19494,4,13711696220460534237
19498,4,1429000924712412531
19499,4,1429000924712412531
19507,4,12269862094521741371
19516,4,9433215660101442475
19517,4,17205020736538101955
19520,4,14518963155081485503
19525,4,17811358630034586971
19532,4,11264760422961369908
19536,4,18431716195726040549
19552,4,8123552477460606265
19558,4,230923591698572189
19571,4,15112893597683756184
19572,4,15112893597683756184
19580,4,6711994134605965413
19582,4,3617384235254319678
19587,4,2334488142372352275
19606,4,6711994134605965413
19607,4,1522444286568651382
19608,4,126535158859253471
19609,4,17205020736538101955
19624,4,9405389782307248321
19627,4,9984438850391887844
19629,4,11630743817899221405
19632,4,1522444286568651382
19639,4,12415326010427547186
19643,4,126535158859253471
19646,4,126535158859253471
19647,4,1310414093785205040
19661,4,9840046462972790434
19674,4,7003985760491128991
19690,4,8539369728401951718
19692,4,1248935332207465254
19693,4,9840046462972790434
19696,4,15132572037996329414
19706,4,2916072244873169266
19707,4,9840046462972790434
19710,4,11416657783584216021
19717,4,1227255851915902502
19720,4,8807384956286786532
19735,4,6843324165316626148
19746,4,4995927848546989171
19750,4,11332934855401862196
19763,4,13589649036716075626
19771,4,1333441247007629661
19773,4,15786277627251351773
19774,4,14587008759627041404
19796,4,16835305339503970868
19804,4,3390259528008357432
19822,4,6271353956411521909
19825,4,12682636493891867352
19831,4,8188120233766451776
19834,4,8188120233766451776
19839,4,9525154447357593520
19842,4,9525154447357593520
19847,4,13893124935822495562
19857,4,3559874550599702441
19866,4,13791545036937800621
19868,4,2083600094504387080
19884,4,14587008759627041404
19885,4,14587008759627041404
19886,4,14587008759627041404
19893,4,14354137045539459967
19900,4,8618888274004055202
19901,4,13918592253869851988
19902,4,10561568816097169106
19906,4,5365337056368210842
19913,4,7034031708233490187
19931,4,3559874550599702441
19932,4,3559874550599702441
19933,4,10048986566545576247
19941,4,7869785256769359107
19953,4,18286581661104662666
19959,4,11071371773114349138
19961,4,3851040555816596993
19967,4,2014653282964246018
19971,4,14587008759627041404
19975,4,5755206997880425743
19977,4,10472740860141612776
20009,4,7890884166818084770
20011,4,5755206997880425743
20036,4,15093920296887129476
20080,4,7755877019639911678
20089,4,6876449829763831864
20101,4,5032729944234296011
20108,4,558511497353693078
20117,4,2038228408134305200
20121,4,12289145252848733218
20132,4,1144807731996499010
20133,4,6876449829763831864
20139,4,5524516578380048946
20140,4,5524516578380048946
20149,4,5850790721071823081
20151,4,5850790721071823081
20154,4,6168858980769294142
20177,4,8177866014861942417
20183,4,5650236653647354139
20190,4,4248912415883570996
20193,4,5650236653647354139
20210,4,16212035410203939681
20215,4,13192866326497414861
20225,4,17937731763495309487
20232,4,10770578903952662632
20241,4,8719159638279560867
20248,4,10255755417692906394
20249,4,10770578903952662632
20283,4,12630268635946687344
20288,4,10547203602940161231
20292,4,15538149947854756831
20293,4,2102274090484938234
20294,4,4637777023730111563
20304,4,16826064090470859180
20306,4,15538149947854756831
20308,4,9865129766930233750
20312,4,1384372671446992788
20316,4,11191559008685463433
20324,4,18169156368856266677
20337,4,10213668948112930213
20362,4,4769391457543111006
20375,4,11414019156240890761
20389,4,2369801320722578293
20390,4,17223006435426947157
20392,4,17223006435426947157
20401,4,18296615675989853104
20409,4,11414019156240890761
20410,4,18296615675989853104
20470,4,14636226690930140709
20471,4,14636226690930140709
20481,4,4623715230748597175
20482,4,4623715230748597175
20492,4,10186899077954701921
20502,4,16168753923149620391
20505,4,5236016000311440883
20507,4,6550079213697823817
20549,4,14023536978485587084
20551,4,5180414546526549844
20552,4,11169638149401830549
20555,4,3232362543973069780
20556,4,6204054052565566537
20565,4,1779102924562200609
20578,4,11944430117782724634
20582,4,6225063776665582571
20599,4,14746130991130817517
20609,4,14444469094262524829
20615,4,7348279932829191563
20621,4,17423157688743680462
20622,4,1397991886309957728
20623,4,10345004012230560506
20624,4,1465975576914527544
20628,4,1532605756465549025
20630,4,1532605756465549025
20641,4,4112136221018820690
20655,4,17503313035171909062
20662,4,4547097874020181417
20663,4,11705614980976204287
20665,4,4547097874020181417
20670,4,9907930323876498603
20671,4,9742069173733189200
20688,4,7772881264729657254
20695,4,15047647661487221254
20696,4,5833986977137805113
20698,4,5833986977137805113
20711,4,6732525519666727281
20733,4,5276930997313765589
20738,4,3787847562962376710
20739,4,9764811792223805076
20744,4,11901686953217445084
20755,4,9509843892722135255
20756,4,5833986977137805113
20760,4,6585255820331967468
20763,4,1265085663765402372
20773,4,17729626629029603135
20791,4,5625758821680280303
20794,4,9084410280265184965
20796,4,10300536341302833105
20816,4,2086244641057958218
20821,4,8888239485153602780
20825,4,17953213690013941221
20844,4,3396182713251102508
20860,4,4274874171006344340
20874,4,14191270126283375325
20879,4,18444399000898465567
20880,4,7323632776004340544
20913,4,9187405911273786878
20914,4,9187405911273786878
20936,4,8100695531682172453
20937,4,16708586626853062913
20947,4,4870420625387007928
20981,4,15200466485454670835
20988,4,15200466485454670835
21018,4,3838902124221920836
21026,4,5947303172840186154
21032,4,5204313126655603965
21041,4,10842153488229632000
21042,4,9579683244314766389
21048,4,16295939195608663822
21049,4,11410142347839322737
21053,4,12855922183286426283
21056,4,1084162484124253421
21067,4,10034815565301586206
21094,4,15200466485454670835
21098,4,4954053606032598764
21103,4,17217987085444131627
21122,4,11464813839732616373
21129,4,1383408659711564302
21136,4,7641922595027747231
21145,4,10686744280729380895
21152,4,3483359362317372847
21165,4,2190171681344490443
21166,4,7179929071681679276
21176,4,13766024408221904789
21177,4,8957291466426449147
21194,4,6556873845570644628
21205,4,11314793720884216193
21209,4,9053423797301776632
21213,4,7275859642908661829
21227,4,15278845227344718094
21228,4,2503464812698380855
21240,4,2531657180392504865
21247,4,11088831504331696836
21253,4,1383408659711564302
21279,4,4495636228593660391
21282,4,1322684422081615613
21291,4,14343715468212328842
21309,4,11896409168812112430
21330,4,11842838175883721225
21331,4,3781491579203253857
21332,4,11709981700042238454
21335,4,10942857536406709402
21336,4,17413349717131928351
21337,4,7233942387740449259
21348,4,16900258610895320351
21349,4,13567252796451140865
21353,4,14031804560300458306
21356,4,11699059415848556601
21365,4,15438115198817634245
21382,4,2197709869234938661
21427,4,7911127775057942938
21431,4,17344329880874598427
21437,4,6250476703659027006
21438,4,8703345007540003098
21439,4,6250476703659027006
21442,4,8675154248473950007
21458,4,9472973308315843978
21462,4,10760870951020519956
21466,4,16540550675639260711
21484,4,11853066643906811430
21485,4,4652681913438779905
21488,4,10096922458724331251
21495,4,7495853780100654453
21497,4,6561771403629301183
21500,4,17966057560740317251
21521,4,14016998946720771893
21526,4,3915820880513967086
21528,4,10557576348954349593
21531,4,9670190056348386227
21537,4,3225562009310025084
21558,4,8675154248473950007
21560,4,181093823498690135
21562,4,260961135772336337
21585,4,1005954715647344221
21586,4,181093823498690135
21591,4,2336218042223573821
21599,4,3244333728308918064
21602,4,17576449663336823572
21605,4,15946596400248770895
21622,4,11071676840410088758
21633,4,7835811069855616231
21639,4,817962575922320208
21670,4,9729539637496400518
21671,4,7887631301236067698
21692,4,3939072981368718020
21697,4,7773930371004353594
21701,4,15928256001874594712
21702,4,15912454216781341031
21708,4,18095479075876696361
21712,4,18095479075876696361
21731,4,2667773123308014081
21739,4,12521823019980691750
21742,4,16364041758094813615
21749,4,7754069764025021332
21750,4,17546143071104127212
21755,4,18045371659711949107
21765,4,2383615968381621159
21766,4,1320115852191912700
21768,4,13932869496896721776
21780,4,9493303934652256062
21795,4,10838960002330304366
21802,4,14162783305244931936
21808,4,4351990544700757524
21813,4,4351990544700757524
21819,4,1186301346071539216
21820,4,1204300675947355893
21825,4,6963597075547006336
21852,4,15252988351542328615
21871,4,4491206579895537009
21876,4,2579000044691479979
21881,4,1973476273452577389
21882,4,16082527571710012895
21888,4,16245426711837753866
21892,4,4682676483217547777
21914,4,3652100356872152137
21915,4,17661966535567794367
21922,4,3660337285751613620
21929,4,9978954445840027635
21951,4,11748493352890400572
21953,4,5440312960757445252
21970,4,6969640048977145108
21985,4,8852527112411956954
21992,4,10226785232075713409
21995,4,10121201566695959584
22020,4,12483967240013936764
22048,4,3011219543866165385
22085,4,524395753571807408
22098,4,17795534790419259349
22127,4,325337226929888175
22131,4,6821112981729929142
22139,4,4025647557674769797
22181,4,2266858520783055721
22187,4,16097526845149429747
22199,4,13785869528572869804
22209,4,9519535827492821232
22210,4,10463165157599580468
22211,4,9519535827492821232
22218,4,13792543834772641472
22219,4,18315793105714953951
22231,4,5523269300728580367
22236,4,11369546654812574518
22237,4,6294594312543204238
22242,4,15812859696835876338
22243,4,8289816314995773201
22248,4,3391176273219908516
22257,4,12522845285805371875
22258,4,3727800825953340816
22261,4,7202289707689572420
22273,4,8105650991273886549
22284,4,9359632129284911674
22298,4,511203776886347533
22305,4,14509462884148385522
22312,4,3019218613638692679
22322,4,12111657972561432267
22332,4,7077562371306011497
22337,4,11879180324791701186
22350,4,11215187555046422789
22378,4,16996492264362410632
22383,4,2057752308707849218
22392,4,17944098555717637235
22395,4,17825108735935955573
22408,4,6124889965583229200
22409,4,1558768193243471237
22416,4,1980059234268232581
22423,4,7822650207955723299
22424,4,17156554248038546731
22426,4,7529677027231069962
22455,4,16372853970208677220
22460,4,7723917072310765309
22468,4,1388317975051615561
22470,4,17622745009549804538
22490,4,12737191680924188594
22491,4,12737191680924188594
22494,4,1128718502823496845
22496,4,13057300377134979304
22530,4,2676378459961970455
22536,4,2676378459961970455
22542,4,16396860830188889694
22546,4,8786278054703857723
22552,4,9186131968501979064
22556,4,12969199793792056668
22563,4,2770810531618999836
22566,4,1732318582479768331
22578,4,16396860830188889694
22581,4,17049911786677750029
22597,4,13751492321299864598
22601,4,11701732256312932152
22610,4,14946233591700661075
22611,4,1259557668453837798
22626,4,7643340453197090576
22629,4,12065278371164250810
22630,4,4284764337457873989
22652,4,4367379494006500018
22657,4,7481052096427605597
22663,4,12382509580792157795
22666,4,9774256516636367993
22680,4,15100335416285873597
22681,4,5694268173727146786
22686,4,12893042854925645400
22693,4,3714990474522160655
22695,4,3837182339787942100
22696,4,1710004065976432197
22697,4,2676378459961970455
22707,4,12840383672816911866
22709,4,9905097967582746115
22718,4,1015311769677779235
22719,4,14812068322271023790
22720,4,14812068322271023790
22729,4,15093920296887129476
22745,4,6977824692907502884
22747,4,15666314158618936921
22753,4,1584879026645167144
22796,4,6977824692907502884
22798,4,15084809845305051894
22803,4,11347307911692540150
22808,4,7003659777533233049
22812,4,15935742106245217899
22815,4,15093920296887129476
22825,4,674585766663961611
22829,4,5152023170022139603
22831,4,3451507989452496488
22832,4,18051829720073972228
22833,4,18293953916052292200
22843,4,9089485392677121941
22865,4,11474641655914985412
22866,4,6945478037694486330
22871,4,8694940780948841176
22873,4,7032596674368141610
22882,4,4407449836444928533
22884,4,15472148934857449287
22886,4,12876547304945575260
22887,4,13892537107211692354
22889,4,5250341116732281926
22894,4,18140415746973249761
22909,4,1391938817534037115
22913,4,8385712075369374235
22921,4,9867293295375019095
22929,4,5987131106476894139
22941,4,10364757745792951981
22957,4,5152346672982352571
22963,4,5708762334621067317
22966,4,10562858158128402528
22972,4,12762174118223928475
22974,4,9192928022042000700
22976,4,5765268069844147538
22979,4,3065805141284741289
22980,4,8881943652175735393
22988,4,13622464022788789262
22993,4,14724339656162497102
22996,4,5570822786618910250
22998,4,12603390830877864433
23024,4,8360116736447481057
23035,4,7683182833801648514
23037,4,8343128043087160961
23049,4,4224979746883115581
23054,4,1009307191098518608
23095,4,11567257281581450439
23099,4,14668811868343473948
23101,4,14668811868343473948
23104,4,6097953593729780225
23105,4,6097953593729780225
23107,4,8863062961441118201
23133,4,11034511240795329095
23140,4,1009307191098518608
23158,4,11987782429429486645
23159,4,2980115936997096632
23169,4,5502529163979942543
23172,4,10098655596602436340
23197,4,8770578204783109382
23199,4,8021258245573787692
23213,4,10413608842958016962
23216,4,12986642251722660506
23219,4,10318694945159581878
23229,4,16405850993624238127
23240,4,1435418648420113150
23245,4,9967917405136460264
23248,4,12483967240013936764
23288,4,4194010458615040586
23338,4,2702027227561553885
23342,4,14741475114712725888
23343,4,6420646650971628499
23346,4,4200796290354869082
23347,4,4935693306950442393
23354,4,2892832867351966494
23374,4,7233355281515316047
23376,4,14783897705603702922
23383,4,5951070068878145453
23398,4,6281368471567593410
23403,4,16082527571710012895
23419,4,7500858864507488703
23422,4,12606405766993416031
23439,4,2042948145878885349
23456,4,17713780280486842370
23460,4,14069700323464844483
23462,4,17750520027422468934
23469,4,4750189510213798467
23472,4,16775029708386230346
23480,4,294681650342717629
23485,4,6795846750784658891
23488,4,2452340257728579315
23492,4,1660277794931790999
23500,4,13282140958240165021
23510,4,6851166760814198495
23511,4,10219869871060588869
23518,4,17690188807087129551
23522,4,9201954719915717841
23524,4,16159199203422232523
23543,4,3122591199278084293
23547,4,1008338357158045860
23559,4,18289853012027570333
23561,4,17577625409020995680
23562,4,3296869850609582688
23581,4,6529803847019935069
23593,4,5881868788058144240
23603,4,14202504382257383366
23605,4,8169514409465257123
23614,4,163513622740844943
23616,4,16719737884930695888
23626,4,18282175308988900690
23628,4,8057556621158833788
23636,4,3038109217454299507
23651,4,3698512248337248903
23663,4,8694096533939187539
23664,4,9650911294392912622
23680,4,17251466301259282352
23690,4,13192678444271579455
23703,4,9746971264084437592
23706,4,9746971264084437592
23715,4,1591481820645924036
23722,4,11119338087699213626
23732,4,13287151333223717090
23742,4,15524608184117411208
23751,4,9605224449140990834
23760,4,5075832277131360813
23763,4,7366163440972269707
23775,4,12052037103272308517
23784,4,10351774195231713713
23787,4,11408210736084387510
23794,4,14337442415918043291
23804,4,5363611744982075145
23807,4,6727240499522167554
23810,4,1577695595344166422
23818,4,12762797698936189148
23821,4,10976562383428737099
23825,4,14537735862284241692
23829,4,6026168516657022993
23856,4,14252768125973511706
23868,4,14266882842855632842
23869,4,18056155911144275624
23872,4,14893054285057410982
23889,4,5204802083508826906
23893,4,15404979016549169075
23895,4,11546388339780201108
23899,4,17201372754876991602
23902,4,13605609057367254424
23904,4,2233276459189884587
23905,4,2819057573268170080
23921,4,440972838271230899
23936,4,3602732674065555989
23945,4,7543558004661028667
23946,4,3347965497807635793
23955,4,6137257522596804314
23959,4,5192229156008929251
23960,4,10976562383428737099
23964,4,549793425360963040
23970,4,11771875605939234522
23998,4,14516511965576594384
24001,4,16783386720011959818
24029,4,17938384651398633144
24031,4,6375471757172755654
24034,4,868401957209367536
24035,4,1839973740572560056
24039,4,8110274559798645891
24049,4,6954793151435594872
24061,4,14484588084484948807
24062,4,16530459366115540955
24092,4,5639418410104917875
24097,4,14111231332405305592
24121,4,801387435274213378
24123,4,11320116655979449566
24127,4,16179247992907095739
24142,4,8384255575386299761
24146,4,8637646442129549428
24159,4,16079622587885402520
24161,4,11380452419848961269
24193,4,13144866612128540093
24196,4,3720754716109728966
24206,4,10689599266240465461
24211,4,13144866612128540093
24213,4,13144866612128540093
24216,4,8323924442566951720
24230,4,12402614817416106449
24241,4,7999012561841312289
24258,4,12135983127507186500
24264,4,2776306779723045605
24269,4,2099910570795743769
24271,4,3978873748077771228
24276,4,17793261233315270472
24279,4,9033437095590030560
24310,4,14474013930185288565
24315,4,8802366929298529295
24325,4,15016885346847436134
24337,4,7561158116474606537
24342,4,4881179956663779793
24349,4,4810524777647200878
24355,4,17601145661821284125
24357,4,11714034172086762408
24361,4,4206432503353612146
24364,4,11589641139244734471
24372,4,1730947242241806991
24380,4,10805969891460123131
24393,4,1459101881895205923
24394,4,13134356307412622219
24417,4,7544330167703155962
24437,4,7219991888726773850
24449,4,10307811042525766346
24466,4,17617484456308560906
24471,4,661531881647518688
24473,4,15370287883719320193
24485,4,15293005591775239136
24487,4,12682751512638540420
24497,4,3249385728482661575
24503,4,3197532060730089882
24518,4,4898695616044227320
24521,4,8734217708044131382
24533,4,11910316968501405335
24546,4,2099910570795743769
24549,4,16499892658896292119
24556,4,10295206494827305152
24569,4,14367579900541583454
24578,4,15466644763550281516
24586,4,961007627274197448
24589,4,14965632571508078579
24590,4,7729341888700473002
24597,4,17949540424015720054
24610,4,8753738398355788739
24611,4,7924038371906056825
24622,4,16126461517640949334
24624,4,12835850266716319701
24631,4,7102920074434327119
24645,4,17436090396028627684
24647,4,6325727806360750520
24654,4,5934183705007211805
24656,4,16169913035574223335
24662,4,1363290289422663755
24665,4,16272322689390836080
24667,4,13887785467673286983
24673,4,7572260065292143548
24678,4,3391885389949295035
24683,4,5526386108956984116
24684,4,11222899337035115485
24702,4,1651179203586270657
24707,4,4802221936798231456
24713,4,13774401536023270456
24715,4,18039919606100579584
24724,4,11731234698678142468
24740,4,883516050839434385
24750,4,12263854654728237062
24763,4,16212105879772577268
24764,4,17975245976753892053
24778,4,6486947165300686800
24779,4,13734311922172114339
24780,4,4443319463589141961
24787,4,3952835233233534704
24796,4,1793423832233924997
24802,4,6087485175874826756
24804,4,7100259234505663238
24819,4,15070788183036874235
24835,4,1800115283398446996
24850,4,2455508292489978063
24856,4,1983673724230986556
24865,4,11426055830501933691
24873,4,7304169843521833619
24888,4,14203948015851992686
24889,4,3297694281583072068
24904,4,18006265106648189842
24910,4,18022653640967754084
24917,4,9860345885925523198
24954,4,6107146060318927156
24956,4,14955516106762160412
24966,4,4944498194371064898
24972,4,6651979947322079770
24973,4,17779204842661037118
24993,4,4548374068985845682
25016,4,10801768462828321091
25019,4,14436073227113256605
25027,4,7349476838919763734
25031,4,13991524773466955563
25084,4,108136092298457271
25096,4,15223455545785984645
25099,4,200422644198081061
25111,4,5031632753086223632
25126,4,2373463132011692422
25127,4,4698841134513196602
25136,4,7553397120318525696
25144,4,12589896466843955565
25145,4,1177493964978254613
25147,4,11758122403054478621
25152,4,144538319808059331
25156,4,16276732275813557705
25167,4,16006288235620272663
25171,4,1847718166659778959
25191,4,12764775401149226372
25199,4,12549448750134075128
25208,4,9405064840916582791
25211,4,9605346536434283816
25216,4,3636164252866919772
25220,4,12254555676203336007
25243,4,3694045449645768511
25258,4,17516318737909996997
25259,4,11170367179123035761
25263,4,8178347564519587319
25265,4,16973523272768518721
25267,4,5103188188408956212
25272,4,13192354970428956261
25274,4,17007517738032051513
25291,4,2966126033850352278
25296,4,16867970054469138632
25298,4,1480644300489867353
25309,4,8397303811508701322
25319,4,15062527387639092746
25322,4,17223122675338291146
25326,4,6917569731775786964
25329,4,5504890260002192305
25332,4,11787978788417341301
25342,4,11676041629855038453
25348,4,4738853578914252538
25352,4,9356051207161510607
25353,4,11675872758109232963
25354,4,16173037061178593216
25363,4,12720055218852527365
25374,4,12961677134089903204
25383,4,6461597719746398522
25393,4,6625872690322920868
25405,4,9966996063435130119
25422,4,4318690072853180359
25437,4,3267808989600721546
25446,4,11260156190974941487
25447,4,7244322018442924546
25452,4,11442690394036215951
25454,4,5533989626469002589
25484,4,7783417725373187683
25485,4,17460179392367216094
25502,4,10126503766513518991
25518,4,18357041160254697772
25531,4,3878051164839955131
25541,4,16071278757856951129
25542,4,11016451591168867454
25565,4,10458520342827776610
25584,4,6036604083217765330
25592,4,5311189024562649445
25593,4,9775244296574042093
25597,4,16812468271313554430
25607,4,5567806673615117242
25609,4,6225874246504614377
25611,4,10743153735441373864
25616,4,13427258915750937727
25623,4,10346576363500027142
25629,4,14750817443728918217
25637,4,13716940782094886599
25641,4,513820567297358795
25647,4,14453954735159470137
25652,4,10082636084923419875
25658,4,58853861278689702
25662,4,5085203675619590034
25664,4,14453954735159470137
25668,4,9397169652675948338
25669,4,1470316531224090125
25673,4,12612413394485332194
25686,4,11791684645763353149
25695,4,17751097061546085674
25729,4,5392088411581501799
25741,4,18016977548184849526
25749,4,17847816406593681433
25757,4,16614272778905997310
25771,4,2446121335857617418
25774,4,6868157312315298067
25779,4,10912452484759120061
25788,4,4086211493509882171
25793,4,14023073526857677196
25794,4,9915981896926837179
25798,4,11843170829813802753
25821,4,1805510387966077693
25832,4,1879168749412008852
25880,4,8508022792233531015
25893,4,9651729444346744275
25912,4,14407229453294441895
25930,4,2284034425927034904
25965,4,16180344546126542695
25970,4,11100547915821865806
25983,4,11848757903145887025
25993,4,13261191794164746362
25999,4,14837419444229647390
26010,4,3900984304329772562
26013,4,775398028083538487
26018,4,7660226773096398741
26022,4,4048556852320728805
26023,4,5063720306907279750
26051,4,896615403056784570
26063,4,12760304613680857933
26097,4,186185274890419129
26103,4,9305287257651088623
26107,4,186185274890419129
26120,4,12676080721631823827
26133,4,13086038418274437948
26136,4,12264814593693487805
26138,4,17125729575750378104
26139,4,10241090802729504891
26163,4,11575175660435966636
26178,4,5638395264016899686
26197,4,5118147160322510986
26198,4,16660162187777448396
26243,4,15241576018039910778
26258,4,6119852901860629225
26295,4,9319549313233715506
26297,4,5196439415807452218
26299,4,11615227307131969927
26311,4,13606673218556413121
26313,4,6898864582782511917
26317,4,11939209883277652140
26318,4,5247591660360216026
26329,4,9713951857847581020
26330,4,443784761726683186
26333,4,6728481133531085584
26336,4,14955859376243424815
26339,4,10049570906641422684
26345,4,14220949024859510523
26360,4,11738037685879952780
26366,4,7906951982133551127
26367,4,11717728700264421344
26371,4,12037864442760121089
26385,4,4016100430214534272
26389,4,17287780243000221750
26396,4,12037864442760121089
26398,4,2786432426234074230
26411,4,17121740039923516262
26422,4,13291311838212183742
26436,4,9165864120653209301
26442,4,5828835614662761906
26455,4,5213360507314997373
26456,4,11183041547438111684
26459,4,17865673367850350529
26464,4,12855190707648640115
26470,4,4702666694814253214
26487,4,16262436122616497232
26495,4,3857339427728688423
26496,4,8397995994312078804
26507,4,10976017422046182892
26515,4,8558939701829044278
26520,4,10502473025869112944
26527,4,6728481133531085584
26540,4,12252578485217555615
26542,4,11619807639279593617
26559,4,14186741770063990989
26560,4,9568391970721133245
26561,4,17714682491838323511
26581,4,10151301869719683855
26585,4,12314073183264145347
26589,4,6657265583635013286
26593,4,7015256482635364513
26597,4,2080206828765803984
26598,4,8015450080810987214
26601,4,15137737071827604150
26607,4,9351304956018231860
26628,4,11089372939058916908
26631,4,270663225148681631
26633,4,17572645595688907524
26641,4,11907954056511607784
26648,4,15729139775191506243
26651,4,6906754926969603728
26653,4,900196183359846013
26669,4,752698055553975842
26677,4,1573128009850591274
26678,4,9029078020946475961
26685,4,1573128009850591274
26709,4,13246542781048434308
26710,4,7716785483919518050
26713,4,17306957832832333010
26774,4,14653474432221949834
26781,4,13871187745903046202
26789,4,17865673367850350529
26791,4,16451819599814576999
26793,4,12235938376438919565
26796,4,10904139902812151201
26800,4,1794008065151176095
26803,4,7732424332229955625
26813,4,4787212773737211263
26816,4,8647923913853572385
26820,4,17170848214795609514
26821,4,17170848214795609514
26822,4,3627845511169710559
26824,4,9190927336951663939
26830,4,17170848214795609514
26854,4,10807777393034717872
26855,4,14331466635239852880
26858,4,9351304956018231860
26859,4,9005204143383338249
26865,4,4711789695450836447
26870,4,18405774710497615184
26880,4,4406173077363532961
26882,4,6094975581347147050
26885,4,2465147977193362238
26886,4,15019604176124719350
26889,4,16865780986756887831
26896,4,17497011154613265338
26913,4,3243707142120650749
26917,4,15191927862005804533
26926,4,11907954056511607784
26943,4,9622360968916802997
26952,4,18141702612620899239
26959,4,1350100073500403222
26960,4,3085325373744130470
26992,4,5690232210520020210
26995,4,8056035319051270405
27007,4,10988791536239134407
27010,4,11095464430232303256
27023,4,3459511743818118292
27047,4,10436458972264652925
27060,4,16416893844673655818
27072,4,16886074549307190912
27076,4,2843790212955887749
27083,4,3623075101579142818
27096,4,9552563556851162428
27109,4,17487103414532677573
27110,4,4093343526945553519
27116,4,13247368919424031183
27117,4,15309343130631571251
27119,4,4560492558141798621
27133,4,6513739265495365264
27146,4,6193782427035876085
27157,4,2927808629647934495
27168,4,3931121651698713930
27174,4,4374484648156671152
27202,4,14773605962566170899
27216,4,14821728494220267080
27233,4,6221085173325600273
27234,4,12584280660295501699
27240,4,15638937429891606418
27264,4,15207064176507130395
27283,4,4365827971603631554
27289,4,11627729824113159119
27292,4,9096054166937924706
27295,4,2199506332885621950
27301,4,16553692509279955578
27302,4,15569583753499367134
27309,4,7099717543291760334
27311,4,256257701531910077
27349,4,8986862298491139615
27353,4,9789079776951989358
27364,4,16552253366736063231
27368,4,2843790212955887749
27381,4,9840670029305331217
27390,4,9156711478224416479
27403,4,17541929431680402638
27458,4,15187510201110090761
27463,4,17227709206335806779
27467,4,15141920952011994551
27468,4,17490609604898651550
27472,4,16014552217407187870
27473,4,6763173565819811186
27475,4,14657404303521469281
27476,4,892206616292942717
27489,4,18035235717708685036
27501,4,2742673196081598625
27502,4,16577628994123158985
27518,4,5105396276331772009
27524,4,15676923263229196894
27530,4,15142524573739129864
27534,4,2728254845384089699
27548,4,567586155374854425
27559,4,15811391006636479583
27565,4,14292257924559611923
27578,4,12684307855013082114
27580,4,6058735003347603990
27581,4,269011259265852237
27582,4,3756727229808951512
27585,4,8989709158252759765
27601,4,13984311806891332345
27606,4,1661762717476271513
27618,4,634359498262080458
27620,4,8084949908303653925
27644,4,5167506627717538790
27667,4,5862053292533372656
27677,4,18231554266621133490
27683,4,14980953042581870530
27702,4,8447082147104667462
27705,4,15838220668121156874
27720,4,11531212055422439961
27724,4,6202152663462577654
27738,4,9360909850992144740
27760,4,2707984649284011119
27765,4,2707984649284011119
27775,4,11212222830391366347
27778,4,4218844671263402857
27779,4,15106173081521478820
27781,4,15106173081521478820
27783,4,15186105337117835862
27793,4,15106173081521478820
27801,4,12246380247580854388
27803,4,17811969217186921211
27806,4,12246380247580854388
27815,4,13356090391221224687
27826,4,1957091513852465805
27847,4,15911134783026964793
27857,4,7544741038669091279
27870,4,6375520173013263942
27877,4,13087453489116592042
27893,4,10636295780476892972
27897,4,10636295780476892972
27907,4,15814818839019244865
27923,4,765316387502405195
27926,4,2276107294355558538
27934,4,14883154380200791792
27948,4,6335069152267934805
27983,4,5950309061142575201
27986,4,14891145370617958113
27989,4,17854899370776321262
27993,4,11550526183704859717
27996,4,17447653149498981470
28005,4,4536819197102217094
28006,4,11326043353754462128
28013,4,15016641652248954816
28014,4,10405052286844474641
28038,4,4919169865881170728
28057,4,3816387423110758470
28061,4,15035198877780561848
28076,4,11949101573635089162
28084,4,17591955301712454322
28098,4,16152692099946769187
28101,4,17435568827826434166
28103,4,14822654333250995424
28114,4,10598350808719019290
28130,4,13949179786794785284
28131,4,6293388713166039967
28134,4,7161639760688290639
28141,4,11854547650606049820
28148,4,1124205276712695732
28154,4,3589877946280005872
28163,4,2258258246138206517
28166,4,1043715627923720590
28194,4,6561633978943893334
28197,4,5118406747414417928
28203,4,13621201435215703697
28224,4,12076505476523032313
28226,4,12757925546791689073
28229,4,14322004254300183560
28235,4,9981830275137335268
28246,4,180646813261858875
28258,4,17628510638877067743
28273,4,8867697204195064874
28279,4,17496369321340507748
28282,4,12874751465254745401
28285,4,17628510638877067743
28289,4,11322205773198536740
28295,4,245158164404843540
28322,4,2685323751288084174
28325,4,14554311186992064197
28352,4,8565829164433898979
28353,4,16506199663981487818
28355,4,16056277544776534209
28365,4,1083411726615904531
28384,4,11053718809176489216
28401,4,12989191325324319853
28423,4,3931270988571150690
28427,4,8574542166408908790
28429,4,14118112374062296036
28433,4,115682502936702498
28437,4,7672569285868624131
28445,4,8333924055923010463
28458,4,5522789921942306474
28468,4,12986031265024907271
28473,4,17577524322517411544
28486,4,3967623790615869493
28490,4,11672954092227675640
28494,4,10053399588498897251
28495,4,10053399588498897251
28496,4,5927476023432062059
28504,4,6286662979355752713
28512,4,7289135036795437929
28515,4,2510126144556566383
28516,4,106123344669242855
28562,4,3817838878162251923
28568,4,986047744896304768
28569,4,11887012118014240366
28571,4,235231395595815019
28604,4,165759408815730968
28613,4,16276561111045576987
28626,4,1133718666043110945
28627,4,337991828632300891
28628,4,139450785344954318
28637,4,16266966675511280162
28654,4,3942823277092682358
28664,4,5931862926425761968
28670,4,5925046218623972552
28693,4,17932306854642489560
28712,4,16920594820163145304
28724,4,5413241030299892170
28734,4,1820674478268925312
28735,4,6782101362953643637
28751,4,18270386483179979993
28761,4,10724667545139178769
28765,4,1737882525340815015
28771,4,6717439119794512682
28773,4,14945105921302806544
28778,4,12905534884616247643
28807,4,10907814924520504911
28826,4,5494892432935429185
28829,4,9324645450284087610
28836,4,17246653341487569258
28844,4,10256878288528732925
28851,4,7499710018722500861
28855,4,7499710018722500861
28864,4,7430481807798090245
28873,4,2073123581728178456
28897,4,4675492927307957468
28912,4,17975994699870566766
28923,4,5074597171328250838
28936,4,13168686887040861095
28939,4,5243905350093679723
28954,4,2610131907987789860
28956,4,7008392170003615151
28958,4,6145493309733030116
28965,4,147692555355326448
28967,4,147692555355326448
28973,4,11776564463803108236
28987,4,1581160125929193665
28997,4,5023237985326189184
29008,4,5389434033448529832
29021,4,10973531550817160422
29035,4,5468061269228205086
29037,4,9526580264758380482
29044,4,8100665009320924302
29048,4,12045180970907657620
29057,4,10005269717051059889
29059,4,5805580973001936087
29087,4,15044748297311257622
29089,4,10387870191810801764
29095,4,4480397515209617297
29101,4,9134615601716482921
29107,4,12141141102728700769
29108,4,12723334175614760874
29132,4,11185284430868044777
29133,4,17141083656615711767
29147,4,8768608034353680072
29155,4,15059276732285603451
29158,4,11277519946004903155
29173,4,779654480164039829
29184,4,5571322916587461900
29185,4,5161828895166456853
29191,4,16400395751411773972
29202,4,2750363907535018037
29213,4,7746850074924390696
29217,4,18207785020807811152
29222,4,12633444943004275353
29224,4,13514347267159807946
29228,4,11789120805261350136
29231,4,17796061302224176107
29241,4,9798204886984422119
29258,4,16003005089050674962
29262,4,4419550951496154089
29271,4,6762136576317218992
29272,4,13479044597687420845
29274,4,8124865713521999210
29276,4,11294544428946380142
29278,4,1570693465547061195
29284,4,5812809667711554409
29341,4,5307644790608801541
29342,4,10211738620138078788
29350,4,7825004194561551866
29360,4,15235709707641786566
29370,4,17630565576747732772
29382,4,9445451183064787876
29383,4,3383704767990052288
29385,4,17971120632805707251
29388,4,10856995754448616820
29406,4,73984326712355156
29408,4,14330286569505082927
29415,4,13188704336412079124
29427,4,12031908980161503865
29428,4,13597443571713357721
29439,4,15082934841053549792
29457,4,16006717085944565476
29468,4,10564484539768489333
29474,4,16570558404876895672
29478,4,15420060469501724462
29482,4,10845753929972608484
29483,4,13162946663507967798
29500,4,17115272633914470471
29505,4,2979385831841825275
29507,4,1834695449191692012
29523,4,2367698958970118597
29525,4,7694028887273344629
29527,4,11322460569725267801
29530,4,2619634454452266702
29535,4,18097060423772769354
29537,4,12295306769772139151
29542,4,18100782640701963908
29556,4,17966930435660678289
29561,4,9592165116452622345
29563,4,12475308196176520351
29564,4,12475308196176520351
29572,4,76065957383569220
29576,4,4288175127514673248
29582,4,5988714015471249179
29587,4,3775050815435032912
29609,4,14386566237047725800
29610,4,321913286024316653
29617,4,15664826701093823693
29627,4,6793482931876047750
29632,4,13143965740466833215
29635,4,915781009592756641
29641,4,10533372838959162292
29649,4,4765735595168916686
29650,4,7466851308300012341
29656,4,1528075882504979520
29669,4,194259672093083466
29674,4,4558753399641534078
29681,4,12008211744452947002
29690,4,3037734738260466801
29701,4,7317645805209327495
29709,4,18159589640899975388
29712,4,18100782640701963908
29713,4,3743955770407475887
29714,4,4968975228864098167
29719,4,1159929677849519250
29725,4,12377717339556726972
29726,4,10742941794393550202
29729,4,1058882388255694562
29733,4,13859022230840388141
29739,4,11158965728280365663
29743,4,763209485088309024
29756,4,7658547292324118409
29777,4,11593084237037815494
29784,4,10874324766851966298
29787,4,15551499438130396628
29792,4,3743955770407475887
29799,4,16417574811295683298
29803,4,15532291954383871252
29810,4,6463719102280096240
29825,4,9630475109100384676
29827,4,16704408692996434393
29845,4,13098489418784449230
29847,4,14280708354343281086
29860,4,13162946663507967798
29877,4,6620440948488752037
29878,4,16527613915493275633
29879,4,13278435300411821011
29901,4,8910437233777532707
29906,4,1153226356957730385
29909,4,2427119876529950140
29915,4,4769157986670191854
29917,4,8230539831715516687
29924,4,16190568339032875677
29926,4,10452696230470508892
29930,4,18380028069040806000
29938,4,15865240149215906453
29941,4,5180574843466631252
29944,4,9143595886357220162
29972,4,4058079933253677765
29976,4,12360952527286212477
29986,4,7242259711884061588
29988,4,12360952527286212477
30002,4,1819925292837268978
30030,4,16396004414696192215
30031,4,3915288339919239985
30032,4,2412766106137300932
30035,4,6961139520207886118
30056,4,16651787525347941417
30063,4,9540135216376434230
30082,4,1185940783396049942
30086,4,6183925861618916381
30110,4,5572368417339952599
30111,4,5968603909584875315
30115,4,14837710135357686353
30116,4,15236823947856086937
30123,4,18371966786063373232
30125,4,6815256129541723662
30131,4,16591508735926172598
30132,4,10028366270640462016
30139,4,6973219728340906323
30146,4,8543053904935943690
30148,4,8543053904935943690
30164,4,12166321342816302326
30165,4,12166321342816302326
30167,4,972492787012338002
30173,4,10962032968076392880
30178,4,8458065849391234728
30193,4,8543053904935943690
30197,4,12258646950985227071
30198,4,8543053904935943690
30202,4,4825999447147270146
30204,4,10960613765024084430
30221,4,8674998175416668520
30222,4,8674998175416668520
30223,4,1855970071270902303
30224,4,2087029907612063072
30228,4,9731039134736897727
30229,4,18378043853020620554
30238,4,7332520549300236607
30240,4,3612777830529985934
30241,4,7826122623044479808
30254,4,17774350122261384495
30278,4,12166321342816302326
30280,4,1518452413490353051
30281,4,16606462202128845605
30307,4,4040288630220225991
30325,4,8543053904935943690
30331,4,3343274947306971383
30354,4,17914292155081479030
30355,4,330807185941674350
30373,4,3104033335905037531
30379,4,14315328179222487219
30397,4,17774350122261384495
30407,4,7134047094749877860
30431,4,8765877891520592862
30438,4,8604061152196356960
30449,4,6381964021629049849
30466,4,15565547778517893778
30469,4,17521727500110131302
30470,4,13850435571660940284
30478,4,8879066189693557481
30491,4,13876240802534645270
30494,4,9430554950336674064
30497,4,4652707730286435122
30506,4,4394424937194954088
30514,4,879587550139781094
30518,4,17588767632830185484
30523,4,1857693272419057764
30559,4,6401033450417081103
30576,4,13850435571660940284
30579,4,11182479829549358894
30586,4,7212165633877632274
30588,4,582656868433840968
30589,4,11000515083236269893
30607,4,16349920408155504372
30610,4,14195109162081177463
30641,4,6767073395412183401
30657,4,5435402237676228775
30661,4,13515297580460904330
30690,4,10907993025806626918
30704,4,15364914036979542833
30712,4,1914825484298840032
30717,4,7093931544842498347
30719,4,7093931544842498347
30724,4,11657827577897494701
30730,4,11657827577897494701
30737,4,4618673684700632741
30752,4,11147534440184224262
30771,4,7368899495133943741
30774,4,11283528171894864966
30783,4,9986156213192855309
30784,4,10908674095612736309
30801,4,2073938040951170137
30805,4,12041592819992738028
30807,4,1914825484298840032
30817,4,13535289363273907352
30819,4,14792423312179198155
30826,4,2244616535871053452
30827,4,2244616535871053452
30835,4,18338269974881662864
30838,4,911977129670138550
30840,4,2543800290986195767
30843,4,16826778461122507442
30871,4,9709661294626040581
30875,4,6732401574531114121
30878,4,13100179025820208636
30879,4,6966737610343048671
30881,4,13100179025820208636
30882,4,13100179025820208636
30893,4,7368899495133943741
30898,4,4908824120763728693
30923,4,4884533429516478671
30927,4,1412405769602285711
30931,4,10969582337407496541
30933,4,8121199655170886640
30936,4,125582018827596376
30939,4,399593469879572266
30941,4,14657178157342667404
30942,4,14657178157342667404
30944,4,13535271493630409438
30973,4,11366643567268917573
30977,4,17150908066827651843
30985,4,12517855705355016987
30989,4,3506144583725284044
30990,4,1423875783918715811
30992,4,15292627876582674003
30994,4,10969582337407496541
30999,4,7585230804901660823
31005,4,3927472208384480761
31012,4,5992177265912469753
31015,4,2927553045133433084
31017,4,11327389939520590828
31025,4,12531555203037662633
31039,4,4767257135132629446
31046,4,17559305448977298161
31052,4,2858538059659103409
31057,4,4076254666027255362
31078,4,7979952971176616781
31094,4,2680303755111028218
31096,4,12800761171166243904
31105,4,1917165627802615530
31115,4,15047943913602066326
31119,4,1270588423757698118
31127,4,6879256345937995200
31158,4,14529721368980052980
31167,4,14857479739331239622
31170,4,15748058234313233372
31180,4,12922054726001409002
31187,4,16896732289113912117
31195,4,15864254254518895176
31202,4,9499803584834310859
31204,4,13333941903747320547
31209,4,12308539588266021981
31211,4,5096038695725397841
31213,4,10089554078170036834
31215,4,5604218678849479391
31231,4,10162622637168754393
31236,4,5780070812349774998
31241,4,3055584983844847249
31242,4,15959618163508647578
31246,4,10505543260866046363
31252,4,6447792780759845184
31253,4,5646561403804831167
31256,4,6015817838160206436
31258,4,17805391695408276370
31266,4,1229764980620162633
31274,4,6113330907377198948
31300,4,122486399769885479
31312,4,8436365385457911300
31314,4,429607526328600041
31319,4,3055584983844847249
31336,4,8188613491823402674
31341,4,6835765040430140849
31342,4,13333941903747320547
31363,4,9992755463020192598
31383,4,2045213286288901866
31387,4,1917165627802615530
31391,4,5675055059772089054
31397,4,15144162166049923465
31408,4,10011058570372862897
31440,4,2917459878452458247
31443,4,714992238800098416
31446,4,18298959188723780204
31448,4,1468594798061685138
31470,4,9828843685769504196
31508,4,5173431220453164511
31524,4,13611203932502264688
31527,4,16257973764853771097
31532,4,2274448302556463755
31540,4,5392494533720543976
31551,4,8028696492561556637
31565,4,5601991471813410983
31575,4,8486980328830412575
31584,4,6077582590926493152
31591,4,9529262393638407283
31596,4,9529262393638407283
31598,4,13559668185426179863
31605,4,10836233931880902245
31608,4,259964594855949219
31610,4,17387926225184377067
31620,4,1269366673103564102
31621,4,11488488260409870356
31630,4,17146320361394529730
31644,4,8654822543192328148
31649,4,17223507924118650388
31651,4,12582670694944393857
31657,4,6976553010848206173
31673,4,2614787729434918675
31679,4,2535755411826736973
31682,4,10162644968386711712
31703,4,11636123990727330624
31710,4,9600104451972829009
31722,4,15382025523564575651
31726,4,5873332417542427347
31727,4,7534962716784612256
31737,4,15920338683307751648
31743,4,6793513644279545338
31745,4,1751210946196679109
31748,4,12546151938869883993
31752,4,5395506538928580197
31758,4,17028134289469299613
31763,4,15287314534608347982
31767,4,8678652590963920798
31771,4,5355173910602046525
31774,4,703581739178221771
31782,4,259964594855949219
31783,4,2593272329593892072
31785,4,7906892441895760438
31790,4,14031867045932236926
31793,4,7906892441895760438
31824,4,8063566221344534023
31827,4,3826189077764303612
31831,4,10093786509045323450
31841,4,7001441815244109464
31857,4,13303410185459144629
31864,4,14306023862237323237
31872,4,1477059856693944237
31881,4,14850357777513883008
31885,4,2512907979815869201
31900,4,14152259792467254436
31910,4,7409416602799432803
31919,4,10375214465050827422
31923,4,18025526865131153132
31930,4,11186496169487342191
31937,4,16321320989098584243
31940,4,14540426809033103814
31949,4,16805437924442409030
31966,4,9803577824908933371
31990,4,5267753317842222491
31994,4,8897313282537550753
32003,4,9952725696987133581
32009,4,6760940396658357746
32018,4,10344186976318964237
32019,4,7733072208123199180
32024,4,3304548452214639457
32037,4,14839810413963499674
32056,4,16226025095560805749
32070,4,11965963808071779668
32097,4,15795559916004574335
32100,4,2106181723197277573
32123,4,14940889284808988858
32133,4,1597651585141574800
32136,4,1042195854466272772
32143,4,7675067996971706042
32144,4,5973253880376384508
32159,4,2802370790134042158
32173,4,16380631350913329482
32174,4,8956651587508697512
32180,4,5963080428136443513
32185,4,1976913201495548444
32186,4,13597760071977648526
32194,4,10735204596335576818
32204,4,3753462985651808676
32213,4,7448478216427497501
32217,4,16351530108289777779
32222,4,10392520044920481866
32225,4,17262674233976033343
32228,4,7846683191114862270
32232,4,3213247440374784084
32233,4,7495490866533290806
32238,4,4753359739419943122
32242,4,2372053226544764057
32245,4,10048220418773615831
32251,4,10508778291265441392
32254,4,14533946973986844698
32255,4,11360055123948286455
32259,4,3667735761447499674
32266,4,12826366987435203066
32267,4,10854312383496553419
32268,4,14396792668339920503
32271,4,9530150262697954242
32279,4,2030128275051183124
32280,4,5263696529418853639
32289,4,14915568117909882154
32292,4,4711484985297801451
32300,4,15679327263647683482
32313,4,11795664862166269497
32314,4,1526257640375584928
32315,4,14822571800176247349
32320,4,2029313920170700398
32322,4,18067492600224572572
32359,4,1146202559316126463
32371,4,14828384421421650498
32373,4,9760429547304429578
32375,4,2810494515172242956
32380,4,6463513307648977964
32387,4,6486121741106254846
32391,4,7023370643390831268
32392,4,3977651528909606477
32400,4,18415863337429315686
32419,4,2632027714422547893
32435,4,3040749295415757645
32438,4,3968413070687497386
32456,4,17686531613015115920
32461,4,3392366176613132230
32469,4,5199329459143121362
32473,4,10510449461133847307
32494,4,15661437624138530323
32512,4,14750168308857014476
32517,4,9263086177803039420
32519,4,2632027714422547893
32555,4,2656467078675414189
32556,4,15356449411197927899
32560,4,17102287062771914890
32561,4,11746782864897653158
32566,4,13029282578134225124
32568,4,16898533768284142517
32572,4,17942678038636780884
32605,4,9782530061401187873
32624,4,4665360243056866418
32629,4,9143202955705646268
32630,4,10027050494529835281
32639,4,9143202955705646268
32642,4,13945467293975523561
32653,4,1579507141836245171
32666,4,18113271993697110724
32669,4,15171864359503919854
32672,4,8081428883332907630
32693,4,13315157794426907752
32715,4,12494728046353891969
32718,4,5059866926957379986
32719,4,17626531363884774171
32738,4,8551086120260986169
32754,4,13784401371285359310
32766,4,8487805770866081557
32771,4,6634880922257493053
32785,4,10170553965500409468
32823,4,1001417093405433452
32825,4,766445964259392463
32829,4,10377139322381482680
32830,4,9143202955705646268
32832,4,253189678630711818
32835,4,7905614532227106981
32842,4,14101668182386698982
32847,4,13168024514943083792
32879,4,14015527439456121025
32898,4,17764736569469215351
32901,4,12700409332201979039
32910,4,18346466613509707900
32930,4,1172805496951811179
32941,4,17654928392125184783
32954,4,13679143879118080368
32981,4,18271676091062707078
32996,4,11792233379805148415
33016,4,14163263006203528254
33018,4,7812103712183541041
33022,4,12099573156245550743
33033,4,4698699270905315936
33041,4,7321008732075676339
33056,4,11079340529587916708
33058,4,7747721514576797927
33063,4,12834527784669989418
33067,4,15221800616637727403
33069,4,16170229445018743183
33077,4,10797044970631330302
33082,4,17208830824435605988
33085,4,9047824169366721443
33111,4,15043053897573670534
33127,4,5898371981477773276
33130,4,3175836987278968712
33142,4,8110305514886934296
33147,4,3943174963293223962
33151,4,14595837252969834568
33155,4,17639569946281125687
33156,4,17578406356067554335
33165,4,5798702779164542431
33169,4,4590922713773015445
33184,4,17423804861876543496
33185,4,15815714458594392006
33197,4,6035328332569888648
33198,4,12899774421526484809
33200,4,15837940644996354796
33209,4,4217663109592616174
33210,4,10343968497997573952
33225,4,8073980898658281441
33226,4,16661343507623650159
33241,4,7749552401279652861
33247,4,17099393564834473928
33249,4,14003732744927342732
33253,4,17394909041477158588
33255,4,9209256097141681640
33262,4,12492401657126109081
33266,4,1879580992571776476
33268,4,11314097111842711553
33271,4,6953859604918145426
33277,4,3911237314730065391
33278,4,13159310572355839995
33279,4,13321953151065077303
33287,4,18109779855790927462
33291,4,14173444050978498028
33297,4,6822856490910114998
33299,4,12305852675007413798
33300,4,8399289541108059001
33307,4,11146446254566164141
33308,4,18025578242314924608
33309,4,4863402535455344557
33323,4,9557635547829426416
33336,4,13658597949526538511
33340,4,7035097620132019473
33344,4,15999623927342122412
33375,4,17314355359351131561
33377,4,10020834363662361997
33382,4,816136729354251644
33392,4,13453855395142661318
33395,4,17554425238558034049
33396,4,10890773867172190995
33410,4,1728936793299038575
33426,4,1195822928086112645
33427,4,12317055377898675661
33458,4,720393030020188989
33466,4,2071788559576596892
33470,4,13375188581035787453
33476,4,1375783621810770377
33482,4,7568894886632377327
33485,4,8574107176223724674
33486,4,12345911511478827372
33493,4,15272806712424088291
33505,4,7877069412087135339
33515,4,11664104902865980546
33519,4,7072139505722783206
33528,4,2343149067861328585
33529,4,11127156648915513706
33542,4,7206320410145775062
33554,4,17266967215599582325
33559,4,9940118995848137129
33579,4,4967890839879886479
33585,4,11347296053424768162
33600,4,2623515246411140917
33602,4,9082826196235588030
33612,4,3636518962653423533
33618,4,16067452366638424690
33627,4,596389239184911232
33636,4,16482893466214313071
33664,4,660293128657677975
33677,4,5216121103547236070
33712,4,5458817468872547128
33726,4,7620868692968261425
33732,4,4473479746053750748
33733,4,2027191303106872681
33743,4,15659314310144595511
33755,4,1000187142212713125
33760,4,18043327559337095406
33776,4,5575804105844858682
33778,4,12194776093325978837
33782,4,12432587076740763224
33786,4,7671778358821304200
33789,4,11521164264143634528
33790,4,13596055048326596226
33798,4,6071139150597937574
33800,4,14032308287547025413
33814,4,14778307058501501674
33815,4,17309521808289151956
33817,4,2243972773682409482
33821,4,2145765751953154372
33856,4,11979057967248451440
33857,4,1350829774586825643
33868,4,16306990588654929647
33871,4,8439854785569522359
33878,4,4133809217868330105
33879,4,8896379042342452122
33883,4,2986108351988912097
33889,4,16630011381570888496
33893,4,9395730846999974317
33902,4,43494696017128887
33904,4,15610177879154511318
33908,4,15620800044153694780
33916,4,3026490513329089943
33936,4,10025202814410680326
33937,4,12432587076740763224
33940,4,4133809217868330105
33953,4,11628453663355893482
33971,4,3939176568812662312
33987,4,16437354909928049476
33992,4,3558013859184797994
33995,4,4036663094692045353
34008,4,3097795085432083341
34011,4,4477130763086229920
34015,4,8112744950721182044
34018,4,12432587076740763224
34025,4,10518593959997800486
34029,4,12432587076740763224
34031,4,16726740347815195688
34036,4,7765107669638384029
34060,4,8444219679715588346
34061,4,2986108351988912097
34076,4,4354838333420318388
34079,4,14025246660172859602
34112,4,4212691525377822751
34127,4,9831666250389461759
34166,4,3354735132982047485
34167,4,14421853125456167119
34170,4,3537897178727633537
34174,4,8970175575851018382
34184,4,13313806188381886322
34187,4,445394333826836420
34188,4,10727459598078654689
34193,4,6499068728757462970
34200,4,14421853125456167119
34216,4,11712996915782730124
34225,4,13299556930723301669
34227,4,7635193280313863667
34243,4,367731454606383720
34249,4,17118794963357120849
34260,4,5345503100430733947
34266,4,4395200349336411561
34270,4,11140810541861029303
34276,4,16405821101928471244
34279,4,14920514275082042405
34280,4,16264175620194035199
34290,4,14013775424946906330
34296,4,17113466786160030000
34302,4,9667761646181022878
34311,4,10318521063682469171
34317,4,12652670379445697951
34318,4,10097681190830059668
34319,4,8710685897737830024
34322,4,7918457753872483487
34323,4,14061209739527642869
34342,4,2543840865471175275
34348,4,11086734551871896409
34349,4,14061209739527642869
34350,4,1651123181934139566
34355,4,6475765664378851489
34363,4,14809637935042647544
34364,4,3774801853792867162
34370,4,10320164872117571625
34372,4,11268245181840336296
34373,4,11268245181840336296
34389,4,16772589732830129257
34401,4,12999768187573448877
34407,4,11166971602448712593
34431,4,8058409043790882089
34434,4,5855515410402335965
34435,4,9839658631760718687
34452,4,17322900867091335794
34455,4,16001030131419616864
34458,4,2773098807002773911
34464,4,5033492300584894089
34475,4,14086860641182716821
34485,4,14020465350859893422
34490,4,17482747230681298278
34494,4,10458558175645978332
34514,4,3096663259377159769
34517,4,17414886294490061152
34537,4,15518433028768035305
34545,4,10320164872117571625
34549,4,6701313512391633329
34556,4,14561740478680256298
34558,4,3832873051598473493
34569,4,10467139691772899216
34582,4,8335689814971746872
34585,4,10886738648852633429
34590,4,10218003490056992736
34618,4,326611699946829557
34631,4,17899496242343677126
34653,4,7383549995108440239
34657,4,15329134830331049871
34658,4,6682377787757620268
34677,4,748069667764813771
34679,4,13830973730844104678
34684,4,13781247533257313363
34688,4,2151270101900349564
34692,4,246260551421621829
34717,4,496481093098981327
34723,4,1370320198665886398
34735,4,3352987556858650539
34737,4,7686581113460539065
34741,4,231898014578716911
34746,4,2365371463503692073
34747,4,13721885843717058663
34749,4,10554337605551580827
34754,4,4012286101548073638
34758,4,2132076855985211838
34779,4,4514636425041442004
34793,4,4747232875109306526
34807,4,16299779249380885755
34840,4,2869040537999498525
34858,4,1086131925880993289
34877,4,15719662617503515274
34881,4,17643855276498636269
34892,4,3315425240283796948
34898,4,15764076834887900986
34903,4,12459570081915662281
34931,4,241032222283130570
34937,4,8004770793023622856
34941,4,645888259422183251
34953,4,3530273747364487193
34956,4,4343515979362184940
34965,4,9252273352907759618
34981,4,15763153058635732893
34986,4,5246801663760664551
34997,4,5615153525551966836
35003,4,12943735376491056370
35004,4,14626847437548538380
35009,4,6976245387601256998
35034,4,3471280894288300966
35038,4,10729403062372647652
35039,4,15110441496593096705
35047,4,9533099546667432732
35060,4,11087924096679446381
35066,4,4248207840331835114
35084,4,1981801121744185850
35088,4,8333381860929111375
35090,4,4213999677874677867
35097,4,5188335650469710181
35102,4,16837137941166354856
35107,4,13589857228509291697
35129,4,685209993924342636
35148,4,13115262901528692189
35149,4,9764486337507546761
35156,4,12614182093979052281
35163,4,5008945263100713659
35164,4,3873623296982321888
35166,4,318872779373829964
35199,4,10034977582624118959
35202,4,16626503684483763606
35213,4,12319988728035034481
35220,4,12279147297992836314
35230,4,394031971013242884
35234,4,5823762420935537103
35251,4,15096337219020331737
35271,4,8871558190852424145
35273,4,11163146832153245929
35274,4,17988547001793451851
35279,4,7802039075790774405
35286,4,17086525616323272214
35289,4,5823762420935537103
35292,4,4374153856316335312
35294,4,5690491600635492519
35303,4,12614182093979052281
35324,4,16793546489081983678
35327,4,5005803578092488311
35331,4,7125079328276654182
35332,4,1777289258566724050
35334,4,6487135650959743450
35342,4,1090572340387455631
35354,4,16877722178547701756
35357,4,10461774990293064162
35361,4,10794465423513981143
35365,4,2754613043760013302
35369,4,6645722130456346958
35383,4,10581653927964150503
35387,4,12561068141150710954
35397,4,11538197425231210649
35408,4,13583565963857322040
35412,4,2985773490509618918
35416,4,2844315249178059407
35419,4,8377715014094775802
35436,4,4551215199828399618
35469,4,7612685955600339870
35482,4,16140900002417974216
35483,4,4708884465650185617
35487,4,16466363786459284003
35488,4,1880554864782363311
35494,4,11628802628747876459
35497,4,16775333858335839119
35498,4,2951947030850323716
35507,4,15974302533827268304
35511,4,8480796802211038579
35512,4,2539211099236466792
35532,4,17068590914814983178
35536,4,8306883552549733022
35544,4,201445288529274861
35561,4,9282200726416876744
35571,4,6446924899751811476
35581,4,17691084971022776583
35601,4,5483135485178068636
35606,4,5483135485178068636
35624,4,11936872946349593096
35632,4,13373247331517905353
35636,4,2944219302982798826
35638,4,3323562329497714474
35639,4,708048763240644909
35656,4,1772024651219989160
35665,4,8750395143371654975
35688,4,17467978375817857584
35714,4,5809640587569227352
35732,4,1261948336538615773
35737,4,5443411005096366273
35738,4,14768095060886742097
35740,4,7207170548230491671
35743,4,5111472719767622633
35750,4,434860769484991880
35757,4,16963049799702366047
35772,4,13511769933517149336
35780,4,10652962159341923298
35788,4,8939922466629982173
35790,4,6774645465912653333
35799,4,5386113038969920511
35803,4,1778553165491160342
35814,4,17465287797570454681
35824,4,13859341101554614164
35826,4,16768881897898566527
35833,4,990317655899203403
35847,4,3124696523455710426
35849,4,10296900706542305450
35865,4,14897560707175528289
35866,4,6404218184489637894
35868,4,6825919677545907264
35876,4,11960659056297795692
35880,4,1908208189230762252
35882,4,15470002109179742377
35885,4,11934707235395214031
35894,4,8024579846517800362
35903,4,15898292417122458721
35909,4,16595170622296744424
35916,4,562358731898136545
35917,4,11615292193192605822
35930,4,9480539103163135588
35932,4,9480539103163135588
35940,4,9129811276528315662
35949,4,4995121730356215747
35952,4,14068265131919988662
35965,4,15195745438714274678
35973,4,13818074685138905987
35982,4,12589055229220995150
35983,4,14784026555495972417
35984,4,8725792941627385078
36000,4,11816026744902168352
36010,4,18079319317272581907
36026,4,14999915030626155177
36030,4,14705083441185843173
36033,4,7327619250797817336
36036,4,8894939987456011838
36046,4,11327491581336121292
36051,4,4122965447926206433
36056,4,14234694117498276895
36074,4,4109839275195607286
36081,4,6694256929579329278
36082,4,3888914129567052013
36088,4,3593537142487187255
36094,4,12567486182895362545
36105,4,6575560114241320319
36107,4,12280640599211520947
36109,4,12185311506979111057
36113,4,18070455455162166869
36118,4,13106682618313797384
36125,4,2060805183674744226
36126,4,9976212367727921214
36138,4,3647358915739511675
36141,4,3649098860224892127
36145,4,6857930085729782941
36155,4,4857902545298574596
36182,4,4273344010501664201
36183,4,9076223414011791334
36191,4,2554702970742118338
36197,4,11097910954140346977
36199,4,4096777592157530026
36209,4,6907198853901996351
36218,4,3099697724180075839
36221,4,16991908919307941969
36240,4,6696832398070720097
36241,4,2402004178740301152
36244,4,6641013703983713708
36246,4,9092928868254873649
36260,4,15075307305049485433
36262,4,12890897588359374074
36273,4,12976512301329740535
36275,4,5747475848881670356
36277,4,15215427231649178387
36285,4,17103057865181433182
36292,4,18078545338878226454
36298,4,5054789376028741702
36307,4,3959702229660317799
36310,4,12976512301329740535
36315,4,185609458697160705
36320,4,5183151798336263444
36326,4,2403474190426376299
36329,4,10641230607261195823
36335,4,144684497082373596
36338,4,1129766564024786241
36345,4,2733852573573563752
36347,4,4778084852781137548
36359,4,10246553746374771984
36363,4,4895384372571125595
36368,4,6114436189061538752
36388,4,5188311277344676706
36397,4,17084803025029169025
36407,4,13093414787790864471
36414,4,12600237767607127764
36416,4,10693314748298070567
36423,4,13187532666121251516
36428,4,18345313060476181985
36438,4,17084803025029169025
36445,4,8010524800528237651
36460,4,9858097173477820558
36468,4,5324120080223850879
36478,4,17040899179845724031
36479,4,17715679466892575773
36482,4,9364773020734481638
36494,4,17606213654464101290
36498,4,13105172836187267206
36500,4,13105172836187267206
36501,4,13105172836187267206
36505,4,15521862617902651481
36534,4,3990965257147156178
36539,4,9383720039892662986
36544,4,4686978745956200798
36579,4,793817219425627236
36582,4,4802308256337584147
36621,4,12314341855497283467
36624,4,6348560494037523120
36634,4,12470727778066156133
36640,4,5363308305621198998
36645,4,6402929850153037124
36650,4,4014104108329681
36685,4,6479123780530733214
36698,4,1023789788240427399
36700,4,111358932174375257
36719,4,16948391103325451434
36723,4,16293793720460805696
36725,4,10618520268217238182
36726,4,13880594919916584600
36735,4,9921829775280917426
36736,4,9921829775280917426
36746,4,8011962102313313411
36755,4,6738590061348835957
36761,4,17764680726558404135
36764,4,915146477359432386
36765,4,10111146723906978165
36779,4,17762525479283359360
36808,4,17242030163671925127
36811,4,11972643619793022860
36813,4,13531311846397384812
36815,4,7221668787409372145
36834,4,8187316768839510586
36844,4,17851627783906243994
36877,4,16367357452785265001
36878,4,5375204746328089375
36900,4,8822303116501098387
36902,4,4622421441868964005
36905,4,10086114235607490052
36908,4,377084869626825608
36928,4,9190137100042078325
36931,4,7767149492929203570
36932,4,2987178206573219158
36934,4,13675835427134965090
36935,4,13675835427134965090
36968,4,15827611333615327665
36970,4,13734465314253349440
36973,4,12626463249582928615
36974,4,8190145137494381556
36983,4,10976422585931116431
36999,4,18208272534703165829
37000,4,14469613596313216188
37003,4,10493297756562226114
37010,4,13313731388405403358
37011,4,9809521143293574391
37072,4,17883045258449846808
37074,4,4728110766716039273
37075,4,6108668527318034906
37078,4,6946610315946995591
37091,4,16803567119385416566
37122,4,15197384109785753189
37125,4,9084326091407525907
37135,4,10413627628554305979
37142,4,15815437952267928595
37144,4,3303683472131384456
37147,4,12477805369667614477
37159,4,15598022653751325268
37164,4,8708181314209414733
37175,4,4240728096495418721
37205,4,6973302505238436853
37214,4,7403075151865876066
37216,4,12622016124423120802
37218,4,2757993792564487107
37228,4,14686959002071098275
37236,4,11150898719134687101
37238,4,4270768218989429009
37240,4,15954715153279945242
37246,4,13391173292755302119
37250,4,8484941763657957558
37251,4,5644490159852224469
37255,4,5977481840715036692
37273,4,9357431888560919364
37284,4,6322050754588721259
37287,4,4881864770428026131
37289,4,2495275413572932799
37297,4,9055589167946901780
37298,4,13966962840763719748
37301,4,6322050754588721259
37305,4,8215131398870600383
37306,4,8933007530460627051
37318,4,13780214308377605128
37326,4,414672027512827320
37338,4,14476731187573260816
37343,4,9062847692696357169
37353,4,11601547261103010944
37393,4,14021490920018060780
37394,4,3734035100659838138
37398,4,16804571351029754135
37402,4,8407049594354260757
37409,4,2720486153659507188
37413,4,8336538867020998970
37434,4,12934266194204253103
37437,4,11905721236730074577
37459,4,18107679560780304172
37463,4,8039828477821641586
37466,4,5070649370768724213
37469,4,17559955705564955977
37470,4,17096134900950186755
37472,4,16623701051404310225
37477,4,3347870007010910423
37497,4,12103183942980245743
37512,4,1463072816418780093
37526,4,6322012138348845070
37529,4,17712705485412232140
37560,4,4834372316263280140
37564,4,1607426249262853408
37580,4,16961233060685569655
37581,4,9361386539654545650
37619,4,11571363470543500365
37621,4,3509908886033763
37628,4,16707929170570554614
37666,4,1621257636623964965
37676,4,16638562079253874404
37699,4,2090037586076109723
37704,4,7290344410167857398
37709,4,10865787301855255372
37725,4,17107577269356651530
37737,4,13636072352173459963
37760,4,17466015232601863956
37772,4,9244778390162609657
37776,4,9448366127065454741
37777,4,7101838621200545863
37781,4,3575108929453603176
37785,4,16263541816331492050
37851,4,15956960350851059892
37863,4,8642711302288925086
37875,4,3809341395678073767
37880,4,4278459905839793152
37923,4,12823435251826952881
37926,4,17739667781588750944
37931,4,8646998488700796922
37955,4,8301195956284107937
37957,4,8323676282271663928
37977,4,943355978422531151
37985,4,5423271557580005443
37997,4,9635661478377343781
37999,4,6986037064383630627
38000,4,2034226656359703571
38012,4,2577720507592972434
38022,4,14731360890735621508
38033,4,17633483797082845800
38038,4,10154371247738115722
38046,4,1634863121975437167
38047,4,2449152146823618335
38050,4,16325062901751118518
38051,4,4791700351185807322
38055,4,17319500566163984607
38057,4,15808329269749267105
38083,4,15031549372640288334
38085,4,12274324011642435761
38092,4,15786372154759692083
38100,4,12861760496117535087
38106,4,8379015678864927951
38112,4,5101424964371401357
38113,4,10389023779061588907
38115,4,7055833707436340262
38124,4,704576825019568884
38156,4,4859208550128987141
38160,4,17372083596594320889
38163,4,6169227579901725794
38164,4,6169227579901725794
38165,4,16259145505254055189
38172,4,16531986666196859760
38178,4,983785889921021346
38182,4,1849961632319027552
38184,4,15492845479145872260
38186,4,4044825286305033178
38191,4,13658346261532056253
38192,4,15492845479145872260
38202,4,6789188447763357390
38203,4,14105106408724138689
38205,4,12283453779214451282
38212,4,10678917132380626132
38218,4,12654927922684144285
38224,4,6661591914820711547
38228,4,14173335519054048924
38237,4,12408680400310227297
38240,4,12408680400310227297
38241,4,15031199218440700249
38251,4,4039125086440648383
38258,4,12296209833549867024
38265,4,17073691273191909194
38266,4,17073691273191909194
38273,4,11083286375143272769
38276,4,6617886935116279503
38277,4,13162615836702317104
38290,4,7833270883242833197
38311,4,3913349605477028709
38314,4,2024057983599147104
38322,4,5641325485609350911
38337,4,4087137381015893754
38341,4,7513721093309322709
38349,4,6598179559001986778
38357,4,9019100504616302861
38367,4,6890700597790989211
38375,4,4376580653583413369
38379,4,11953283485258025089
38388,4,7795030080411902975
38408,4,18272813958754800874
38416,4,13431120319489941358
38425,4,5134729522620438226
38439,4,13023280288830374736
38462,4,12190350055133348859
38465,4,7579771098361841740
38467,4,11753714668706587010
38478,4,16108837483828456679
38479,4,4596567254021435579
38487,4,3616430495491149797
38537,4,15984598461252235854
38544,4,6934297041002171356
38545,4,12196083236241034169
38579,4,4357453618065901874
38584,4,5578999187637770062
38585,4,7005353272433408348
38588,4,14724285545895875700
38600,4,12998688560080145270
38607,4,4972732575957873981
38608,4,15093551713678385061
38611,4,15697278073174407954
38614,4,8807030935562323181
38619,4,7465481955822215278
38624,4,13978968307056685553
38635,4,4495580862559682835
38643,4,7900208241975544553
38665,4,5948315162708889356
38672,4,3492971607247096041
38680,4,6860602554162994842
38682,4,11081528223820840474
38686,4,9405785780427144658
38720,4,10936524907845794152
38724,4,2322070890055143916
38725,4,160184300622515096
38728,4,778025553415024958
38729,4,8261204995478025445
38733,4,136569956018660138
38755,4,11073066287864646398
38757,4,13083162198228751758
38772,4,15121107785808413417
38784,4,14907788496113473928
38785,4,17673603737648910597
38798,4,978477665934255403
38799,4,14003514723967093855
38800,4,3798791964630940230
38805,4,7240390471749489377
38808,4,2052285607936271106
38825,4,13694553555021404495
38832,4,4957085003462241320
38835,4,6778758574172216273
38838,4,5472926687326563020
38846,4,15255244403076463645
38854,4,7859661339392901375
38855,4,17193374403800224924
38858,4,8608441505347623287
38880,4,8418106428212761354
38882,4,14700580923434947157
38883,4,13557860692730049196
38895,4,4093391187573456207
38897,4,10955357272867256853
38900,4,9753353854100546479
38909,4,6157055324563792064
38941,4,16694905364272495824
38951,4,18046810515693391631
38972,4,7532978080472705008
38982,4,12028904279954062626
38996,4,13951560533173310083
39009,4,3470415917594769595
39010,4,938266530152880511
39019,4,5865205179970733663
39024,4,6350603486561944917
39025,4,12686394726503357622
39026,4,16515495172108582930
39044,4,8012027785350976607
39050,4,9883853621225752598
39059,4,15990176022917312710
39066,4,15585660307392899734
39073,4,15579978439156675958
39087,4,8964119744493620012
39092,4,7950435831557636688
39093,4,8982831399276888080
39094,4,12315525766775163501
39110,4,4210319628654721019
39119,4,7360686466156814166
39121,4,7360686466156814166
39122,4,15627813339016634196
39123,4,2934385794796707486
39141,4,17630096287411974283
39143,4,17714062038241263120
39149,4,2061066608813835780
39156,4,9735089752134468542
39171,4,17451971789661730726
39172,4,16506623489007399791
39173,4,14485079341580073525
39177,4,16720910134734485186
39181,4,8881664450180556982
39194,4,4086037421978984724
39201,4,10001572455705403303
39207,4,13829569782248908156
39216,4,14286549822847584736
39222,4,15824778667471987037
39224,4,3644357038614192845
39231,4,14109246767888628367
39235,4,3612392712053266573
39239,4,614812548894570432
39244,4,18053682181582517949
39250,4,6292067419243760119
39254,4,6814761651771634151
39258,4,1562287352071669430
39268,4,6952242179774566993
39281,4,7834223926438861092
39290,4,745168928464279366
39293,4,10803643953485128973
39304,4,11973848572971513901
39316,4,537509720579153829
39324,4,5599993722742595951
39328,4,15101066439044854069
39335,4,3728209983088313538
39342,4,634073125303506485
39347,4,5929114419376959182
39378,4,6439158171586987426
39385,4,12781875912564836744
39386,4,271549940886694738
39387,4,11558535658042798100
39398,4,16186134060298255267
39408,4,2142027870169391954
39424,4,577527035258510160
39429,4,7296413644351209598
39430,4,8386941518612281892
39438,4,16814949952524962444
39450,4,1634716189716979165
39464,4,16393854657866188036
39477,4,9720083161638023405
39511,4,4333961395231664205
39516,4,10327382246490622915
39523,4,8642659937296252598
39531,4,6932718085543675196
39533,4,6759005060323315812
39535,4,1112287854053474524
39551,4,83028455458874481
39555,4,2918135092155733022
39558,4,1345624528408790833
39560,4,12348370849105299601
39585,4,1908257586611355717
39588,4,14261768530278318831
39603,4,3951540363431641349
39615,4,3349810802938138328
39616,4,6650304699674879655
39643,4,1540511171175647526
39657,4,2695244224338003514
39659,4,11578251412756881497
39661,4,17265485879369505127
39662,4,16649517210259382316
39669,4,7877240405926222467
39685,4,5190789978867106388
39694,4,17667254213007985748
39695,4,1061066245799073279
39697,4,14964839971351344106
39700,4,18194389056699108923
39704,4,10788972551005813456
39712,4,6476601297140686690
39716,4,12900506796403475402
39754,4,13102389294047519716
39767,4,13626427836877414085
39775,4,5632050290693342624
39792,4,3171639749141937703
39796,4,6446927849885096875
39798,4,374492595885918801
39806,4,10961066101620769681
39807,4,6459903666011752886
39814,4,16163452921602661244
39817,4,15866993550550923593
39820,4,3224656791840257909
39834,4,9996298026840083578
39840,4,11032321306288325037
39848,4,6618450101108870248
39856,4,17492059794404720341
39862,4,7516964904040956412
39875,4,3384228951273904307
39876,4,13110530540900029199
39895,4,17221535341134252009
39897,4,5969040427763696864
39906,4,3340052996311067674
39908,4,10802691116556056814
39909,4,18229239771180665534
39912,4,106991354740021260
39913,4,12863645655628080681
39921,4,9414016551248091375
39951,4,6646526407195173491
39957,4,17515071991634136662
39967,4,13091549764009940348
39976,4,2033654407333975464
39989,4,15211441328417072034
39995,4,17171669236478540319
40007,4,3052188669514671430
40013,4,14160747919621091815
40029,4,13471856762576286613
40031,4,9388031821718960346
40034,4,564157695783385158
40049,4,12991998739532151421
40059,4,5615528860260071930
40067,4,9443360560888058431
40075,4,15895467077236697809
40079,4,2905277345411490673
40082,4,17497376499367323006
40106,4,8829636532863105578
40108,4,15074731009333544678
40129,4,5172114660527652757
40144,4,1083309911288528137
40150,4,2591694418441219733
40155,4,11553368943128339980
40168,4,12471172368753258742
40172,4,11912226696667481487
40183,4,6703731355699291550
40185,4,14411656137743977835
40197,4,10704495143315906863
40214,4,13508236489379029787
40217,4,11371704507151559048
40220,4,4949814301557475706
40237,4,2077309743395430860
40246,4,17309448243059385684
40254,4,5638480642862365412
40257,4,10884299280615665217
40321,4,3380589944792872963
40322,4,7766117835356948998
40324,4,14970946970173707126
40328,4,6269906236162698288
40341,4,3207947337378723555
40355,4,4407841239224725363
40359,4,1587319607702318551
40366,4,10028977861960588140
40367,4,6550190021845200244
40374,4,14279232760756780730
40382,4,11528588618238071291
40385,4,11756191384602763056
40400,4,10828135332967039491
40428,4,10713365017468156654
40429,4,10452287222735689507
40431,4,18148589179859455256
40443,4,15221774032540373329
40456,4,1638686751233550605
40468,4,7334133906626986509
40470,4,14095630341065227553
40476,4,267661493268739881
40489,4,15149237619143558676
40490,4,1966978582467130815
40506,4,6395107762548336720
40522,4,194191363771461979
40532,4,5431348388936013014
40541,4,4159237417760866768
40550,4,11843235201294763627
40557,4,11604677129327697227
40559,4,8564807602292986018
40567,4,12961171306252426722
40569,4,13092679829561877484
40583,4,4039041574140462077
40585,4,7850874199230486101
40589,4,4597499281866776573
40593,4,16738879334539019958
40605,4,2044854257742911345
40607,4,11340135557235293301
40610,4,13109008924995166860
40611,4,5967446225195236521
40615,4,7658246105550125660
40625,4,1570179993941036591
40632,4,11045526215441032043
40634,4,17427663047947619399
40636,4,11229949068485947815
40641,4,3329214146624735340
40643,4,4110545540382158530
40649,4,12633942111170331316
40653,4,8302142235042080741
40656,4,15585853556832763140
40657,4,7345427156915891591
40663,4,11277636319194884728
40671,4,13624220067926551714
40701,4,12007787410767430246
40721,4,8179483202033435544
40725,4,4956252839213289799
40735,4,11731756164966219763
40737,4,1044130791331416950
40754,4,6585038556613957831
40756,4,16982052356718846864
40757,4,1617439912432723963
40762,4,10451116937630001663
40765,4,14648025458667158067
40777,4,1671416702227808666
40781,4,16613583623664949538
40787,4,12056509456223466812
40820,4,10208778460111411353
40831,4,8631052921136094068
40846,4,5603004129372818229
40861,4,5822645356917738997
40876,4,5898643444396575748
40880,4,8538891295412162466
40884,4,18182341135201379487
40901,4,15127234041417262701
40908,4,8213203619318276291
40910,4,16789632938616232258
40911,4,15155698138276224184
40913,4,16585245712582290927
40917,4,332746091101201930
40920,4,12022921004855876573
40929,4,3653130970135872307
40942,4,10259352857091155311
40944,4,3409806327540537355
40955,4,7548837661173552833
40957,4,16534634832176145589
40959,4,4706407494960631546
40960,4,4706407494960631546
41004,4,8513812942012028649
41006,4,9903173276590386734
41007,4,6603861381245950264
41008,4,15036434824820265419
41009,4,6355491652652084518
41013,4,14444496715515156180
41027,4,7969689694964766931
41035,4,1846467802413174682
41036,4,5275043937065596194
41057,4,5061657632331116668
41059,4,6105205459691668501
41061,4,6442283312665335631
41065,4,18095025451164919917
41074,4,8346997601595172648
41079,4,9940092873603917915
41080,4,5730342102561863046
41085,4,14905852702807060871
41086,4,8024275886773479396
41094,4,832683965298658825
41096,4,15335080435740505309
41099,4,5291714283046967383
41101,4,14306842108984576150
41106,4,12963213937092360221
41111,4,12390154150626120730
41112,4,5182126753787250766
41115,4,12958535870904267858
41116,4,7771588345992651402
41118,4,9276988852537029619
41122,4,15552945230365189047
41129,4,4022704177314171398
41145,4,17323293602335160014
41148,4,6783117610768900461
41150,4,12308439483003163470
41152,4,3545578724813479891
41155,4,8780495734097271183
41159,4,8118151640795307655
41165,4,10466827715057444017
